technique_id,technique,tactics,log_source,event_codes,channel_detail
T1001,Data Obfuscation,command-and-control,NSM:Flow,,HTTP 
T1001.001,Junk Data,command-and-control,NSM:Flow,,TCP/UDP
T1001.001,Junk Data,command-and-control,WinEventLog:Sysmon,10,
T1001.001,Junk Data,command-and-control,WinEventLog:Sysmon,3;22,
T1001.002,Steganography,command-and-control,NSM:Flow,,Session Transfer Content
T1001.002,Steganography,command-and-control,WinEventLog:Sysmon,1,
T1001.002,Steganography,command-and-control,WinEventLog:Sysmon,11,
T1001.002,Steganography,command-and-control,WinEventLog:Sysmon,3;22,
T1001.003,Protocol or Service Impersonation,command-and-control,NSM:Flow,,SSL/TLS Handshake Analysis
T1001.003,Protocol or Service Impersonation,command-and-control,WinEventLog:Sysmon,3;22,
T1003,OS Credential Dumping,credential-access,WinEventLog:Security,4662,
T1003,OS Credential Dumping,credential-access,WinEventLog:Security,4663;4670;4656,
T1003,OS Credential Dumping,credential-access,WinEventLog:Sysmon,1,
T1003,OS Credential Dumping,credential-access,WinEventLog:Sysmon,10,
T1003.001,LSASS Memory,credential-access,WinEventLog:Security,4673,
T1003.001,LSASS Memory,credential-access,WinEventLog:Sysmon,1,
T1003.001,LSASS Memory,credential-access,WinEventLog:Sysmon,10,
T1003.001,LSASS Memory,credential-access,WinEventLog:Sysmon,11,
T1003.001,LSASS Memory,credential-access,WinEventLog:Sysmon,13;14,
T1003.002,Security Account Manager,credential-access,WinEventLog:Security,4688,
T1003.002,Security Account Manager,credential-access,WinEventLog:Sysmon,11,
T1003.002,Security Account Manager,credential-access,WinEventLog:Sysmon,13;14,
T1003.002,Security Account Manager,credential-access,WinEventLog:Sysmon,2,
T1003.003,NTDS,credential-access,WinEventLog:Microsoft-Windows-VSS,,Volume Shadow Copy Creation
T1003.003,NTDS,credential-access,WinEventLog:Security,4688,
T1003.003,NTDS,credential-access,WinEventLog:Sysmon,11,
T1003.003,NTDS,credential-access,WinEventLog:Sysmon,2,
T1003.004,LSA Secrets,credential-access,WinEventLog:Security,4663;4670;4656,
T1003.004,LSA Secrets,credential-access,WinEventLog:Sysmon,1,
T1003.004,LSA Secrets,credential-access,WinEventLog:Sysmon,10,
T1003.004,LSA Secrets,credential-access,WinEventLog:Sysmon,7,
T1003.005,Cached Domain Credentials,credential-access,WinEventLog:Security,4663;4670;4656,
T1003.005,Cached Domain Credentials,credential-access,WinEventLog:Sysmon,1,
T1003.005,Cached Domain Credentials,credential-access,WinEventLog:Sysmon,10,
T1003.006,DCSync,credential-access,NSM:Content,,Traffic on RPC DRSUAPI
T1003.006,DCSync,credential-access,WinEventLog:Security,4662,
T1003.006,DCSync,credential-access,WinEventLog:Security,4929,
T1005,Data from Local System,collection,WinEventLog:Security,4688,
T1005,Data from Local System,collection,WinEventLog:Sysmon,11,
T1006,Direct Volume Access,stealth,WinEventLog:Security,4688,
T1006,Direct Volume Access,stealth,WinEventLog:Sysmon,10,
T1007,System Service Discovery,discovery,WinEventLog:PowerShell,4103;4104;4105;4106,
T1007,System Service Discovery,discovery,WinEventLog:Security,4688,
T1008,Fallback Channels,command-and-control,NSM:Flow,,uncommon ports
T1008,Fallback Channels,command-and-control,WinEventLog:Sysmon,3;22,
T1010,Application Window Discovery,discovery,WinEventLog:PowerShell,4103;4104;4105;4106,
T1010,Application Window Discovery,discovery,WinEventLog:Sysmon,10,
T1011,Exfiltration Over Other Network Medium,exfiltration,WinEventLog:Sysmon,11,
T1011,Exfiltration Over Other Network Medium,exfiltration,WinEventLog:Sysmon,3;22,
T1011,Exfiltration Over Other Network Medium,exfiltration,WinEventLog:System,,"EventCode=5005 (WLAN), EventCode=302 (Bluetooth)"
T1011.001,Exfiltration Over Bluetooth,exfiltration,WinEventLog:Sysmon,1,
T1011.001,Exfiltration Over Bluetooth,exfiltration,WinEventLog:Sysmon,11,
T1011.001,Exfiltration Over Bluetooth,exfiltration,WinEventLog:System,8001,
T1012,Query Registry,discovery,WinEventLog:PowerShell,4103;4104;4105;4106,
T1012,Query Registry,discovery,WinEventLog:Sysmon,1,
T1012,Query Registry,discovery,WinEventLog:Sysmon,13;14,
T1014,Rootkit,stealth,WinEventLog:Sysmon,11,
T1014,Rootkit,stealth,WinEventLog:Sysmon,6,
T1014,Rootkit,stealth,WinEventLog:System,7045,
T1016,System Network Configuration Discovery,discovery,WinEventLog:PowerShell,4103;4104;4105;4106,
T1016,System Network Configuration Discovery,discovery,WinEventLog:Sysmon,1,
T1016.001,Internet Connection Discovery,discovery,WinEventLog:PowerShell,4103;4104;4105;4106,
T1016.001,Internet Connection Discovery,discovery,WinEventLog:Security,5156;5157,
T1016.001,Internet Connection Discovery,discovery,WinEventLog:Sysmon,1,
T1016.002,Wi-Fi Discovery,discovery,WinEventLog:PowerShell,4103;4104;4105;4106,
T1016.002,Wi-Fi Discovery,discovery,WinEventLog:Sysmon,1,
T1018,Remote System Discovery,discovery,WinEventLog:Sysmon,1,
T1018,Remote System Discovery,discovery,WinEventLog:Sysmon,3;22,
T1020,Automated Exfiltration,exfiltration,WinEventLog:Security,4688,
T1020,Automated Exfiltration,exfiltration,WinEventLog:Sysmon,3;22,
T1021,Remote Services,lateral-movement,WinEventLog:Security,4624;4648,
T1021,Remote Services,lateral-movement,WinEventLog:Sysmon,1,
T1021,Remote Services,lateral-movement,WinEventLog:Sysmon,3;22,
T1021.001,Remote Desktop Protocol,lateral-movement,WinEventLog:Security,,"EventCode=4778, EventCode=4779"
T1021.001,Remote Desktop Protocol,lateral-movement,WinEventLog:Security,4624;4648,
T1021.001,Remote Desktop Protocol,lateral-movement,WinEventLog:Sysmon,1,
T1021.001,Remote Desktop Protocol,lateral-movement,WinEventLog:Sysmon,3;22,
T1021.002,SMB/Windows Admin Shares,lateral-movement,WinEventLog:Security,4624;4648,
T1021.002,SMB/Windows Admin Shares,lateral-movement,WinEventLog:Sysmon,1,
T1021.002,SMB/Windows Admin Shares,lateral-movement,WinEventLog:Sysmon,3;22,
T1021.003,Distributed Component Object Model,lateral-movement,WinEventLog:Security,4624;4648,
T1021.003,Distributed Component Object Model,lateral-movement,WinEventLog:Sysmon,1,
T1021.003,Distributed Component Object Model,lateral-movement,WinEventLog:Sysmon,3;22,
T1021.003,Distributed Component Object Model,lateral-movement,WinEventLog:Sysmon,7,
T1021.005,VNC,lateral-movement,NSM:Flow,,port 5900 inbound
T1021.005,VNC,lateral-movement,WinEventLog:Security,4624;4648,
T1021.005,VNC,lateral-movement,WinEventLog:Sysmon,1,
T1021.006,Windows Remote Management,lateral-movement,NSM:Connections,,Inbound on ports 5985/5986
T1021.006,Windows Remote Management,lateral-movement,WinEventLog:Security,4624;4648,
T1021.006,Windows Remote Management,lateral-movement,WinEventLog:Sysmon,1,
T1021.006,Windows Remote Management,lateral-movement,WinEventLog:WinRM,6,
T1025,Data from Removable Media,collection,WinEventLog:Security,4663;4670;4656,
T1025,Data from Removable Media,collection,WinEventLog:Sysmon,1,
T1025,Data from Removable Media,collection,WinEventLog:System,2003,
T1027,Obfuscated Files or Information,stealth,WinEventLog:Security,4688,
T1027,Obfuscated Files or Information,stealth,WinEventLog:Sysmon,1,
T1027,Obfuscated Files or Information,stealth,WinEventLog:Sysmon,11,
T1027.001,Binary Padding,stealth,WinEventLog:Security,4663;4670;4656,
T1027.001,Binary Padding,stealth,WinEventLog:Security,4688,
T1027.001,Binary Padding,stealth,WinEventLog:Sysmon,11,
T1027.002,Software Packing,stealth,WinEventLog:Sysmon,1,
T1027.002,Software Packing,stealth,WinEventLog:Sysmon,10,
T1027.003,Steganography,stealth,WinEventLog:Security,4663;4670;4656,
T1027.003,Steganography,stealth,WinEventLog:Sysmon,1,
T1027.003,Steganography,stealth,WinEventLog:Sysmon,3;22,
T1027.004,Compile After Delivery,stealth,WinEventLog:Sysmon,1,
T1027.004,Compile After Delivery,stealth,WinEventLog:Sysmon,11,
T1027.004,Compile After Delivery,stealth,WinEventLog:Sysmon,3;22,
T1027.005,Indicator Removal from Tools,stealth,WinEventLog:Application,1000,
T1027.005,Indicator Removal from Tools,stealth,WinEventLog:Sysmon,1,
T1027.005,Indicator Removal from Tools,stealth,WinEventLog:Sysmon,11,
T1027.006,HTML Smuggling,stealth,EDR:detection,,App reputation telemetry
T1027.006,HTML Smuggling,stealth,Network Traffic,,None
T1027.006,HTML Smuggling,stealth,WinEventLog:Sysmon,1,
T1027.006,HTML Smuggling,stealth,WinEventLog:Sysmon,11,
T1027.006,HTML Smuggling,stealth,WinEventLog:Sysmon,15,
T1027.007,Dynamic API Resolution,stealth,WinEventLog:Sysmon,1,
T1027.007,Dynamic API Resolution,stealth,WinEventLog:Sysmon,7,
T1027.007,Dynamic API Resolution,stealth,etw:Microsoft-Windows-Kernel-Process,,API tracing / stack tracing via ETW or telemetry-based EDR
T1027.008,Stripped Payloads,stealth,EDR:file,,"File Metadata Inspection (Low String Entropy, Missing PDB)"
T1027.008,Stripped Payloads,stealth,WinEventLog:Sysmon,1,
T1027.008,Stripped Payloads,stealth,WinEventLog:Sysmon,11,
T1027.009,Embedded Payloads,stealth,EDR:file,,"File Metadata Analysis (PE overlays, entropy)"
T1027.009,Embedded Payloads,stealth,WinEventLog:Sysmon,1,
T1027.009,Embedded Payloads,stealth,WinEventLog:Sysmon,11,
T1027.010,Command Obfuscation,stealth,WinEventLog:Security,4688,
T1027.011,Fileless Storage,stealth,WinEventLog:Application,,WMI Object Creation Events
T1027.011,Fileless Storage,stealth,WinEventLog:Security,4657,
T1027.012,LNK Icon Smuggling,stealth,WinEventLog:Sysmon,1,
T1027.012,LNK Icon Smuggling,stealth,WinEventLog:Sysmon,15,
T1027.012,LNK Icon Smuggling,stealth,WinEventLog:Sysmon,3;22,
T1027.013,Encrypted/Encoded File,stealth,WinEventLog:Security,4688,
T1027.013,Encrypted/Encoded File,stealth,WinEventLog:Sysmon,10,
T1027.013,Encrypted/Encoded File,stealth,WinEventLog:Sysmon,7,
T1027.014,Polymorphic Code,stealth,WinEventLog:Sysmon,1,
T1027.014,Polymorphic Code,stealth,WinEventLog:Sysmon,10,
T1027.014,Polymorphic Code,stealth,WinEventLog:Sysmon,7,
T1027.015,Compression,stealth,WinEventLog:Sysmon,1,
T1027.015,Compression,stealth,WinEventLog:Sysmon,11,
T1027.016,Junk Code Insertion,stealth,WinEventLog:Sysmon,1,
T1027.016,Junk Code Insertion,stealth,WinEventLog:Sysmon,10,
T1027.016,Junk Code Insertion,stealth,WinEventLog:Sysmon,11,
T1027.017,SVG Smuggling,stealth,WinEventLog:Sysmon,1,
T1027.017,SVG Smuggling,stealth,WinEventLog:Sysmon,11,
T1027.017,SVG Smuggling,stealth,WinEventLog:Sysmon,3;22,
T1027.018,Invisible Unicode,stealth,WinEventLog:PowerShell,4103;4104;4105;4106,
T1027.018,Invisible Unicode,stealth,WinEventLog:Security,4688,
T1027.018,Invisible Unicode,stealth,WinEventLog:Sysmon,1,
T1027.018,Invisible Unicode,stealth,WinEventLog:Sysmon,11,
T1027.018,Invisible Unicode,stealth,WinEventLog:Sysmon,3;22,
T1027.018,Invisible Unicode,stealth,WinEventLog:Sysmon,7,
T1029,Scheduled Transfer,exfiltration,WinEventLog:Sysmon,1,
T1029,Scheduled Transfer,exfiltration,WinEventLog:Sysmon,3;22,
T1029,Scheduled Transfer,exfiltration,WinEventLog:System,106;200,
T1030,Data Transfer Size Limits,exfiltration,NSM:Flow,,NetFlow/sFlow/PCAP
T1030,Data Transfer Size Limits,exfiltration,WinEventLog:Sysmon,3;22,
T1033,System Owner/User Discovery,discovery,WinEventLog:PowerShell,4103;4104;4105;4106,
T1033,System Owner/User Discovery,discovery,WinEventLog:Sysmon,1,
T1036,Masquerading,stealth,WinEventLog:Sysmon,1,
T1036,Masquerading,stealth,WinEventLog:System,7045,
T1036.001,Invalid Code Signature,stealth,WinEventLog:PowerShell,4103;4104;4105;4106,
T1036.001,Invalid Code Signature,stealth,WinEventLog:Sysmon,1,
T1036.001,Invalid Code Signature,stealth,WinEventLog:Windows Defender,,Operational log
T1036.002,Right-to-Left Override,stealth,WinEventLog:PowerShell,4103;4104;4105;4106,
T1036.002,Right-to-Left Override,stealth,WinEventLog:Sysmon,1,
T1036.002,Right-to-Left Override,stealth,WinEventLog:Windows Defender,,Operational
T1036.003,Rename Legitimate Utilities,stealth,EDR:AMSI,,None
T1036.003,Rename Legitimate Utilities,stealth,WinEventLog:Sysmon,1,
T1036.003,Rename Legitimate Utilities,stealth,WinEventLog:Sysmon,11,
T1036.004,Masquerade Task or Service,stealth,WinEventLog:Security,4698,
T1036.004,Masquerade Task or Service,stealth,WinEventLog:Sysmon,1,
T1036.004,Masquerade Task or Service,stealth,WinEventLog:System,7045,
T1036.005,Match Legitimate Resource Name or Location,stealth,WinEventLog:Security,4688,
T1036.005,Match Legitimate Resource Name or Location,stealth,WinEventLog:Sysmon,11,
T1036.007,Double File Extension,stealth,WinEventLog:Sysmon,1,
T1036.007,Double File Extension,stealth,WinEventLog:Sysmon,11,
T1036.008,Masquerade File Type,stealth,WinEventLog:Sysmon,1,
T1036.008,Masquerade File Type,stealth,WinEventLog:Sysmon,11,
T1036.010,Masquerade Account Name,stealth,WinEventLog:Security,4720,
T1036.010,Masquerade Account Name,stealth,windows:osquery,,User enumeration with creation/last modified timestamps
T1036.012,Browser Fingerprint,stealth,NSM:Flow,,Inbound HTTP POST with suspicious payload size or user-agent
T1036.012,Browser Fingerprint,stealth,WinEventLog:Sysmon,3;22,
T1036.012,Browser Fingerprint,stealth,etw:Microsoft-Windows-Kernel-Process,,API Calls
T1037,Boot or Logon Initialization Scripts,persistence;privilege-escalation,WinEventLog:Security,4657,
T1037,Boot or Logon Initialization Scripts,persistence;privilege-escalation,WinEventLog:Security,4688,
T1037,Boot or Logon Initialization Scripts,persistence;privilege-escalation,WinEventLog:TaskScheduler,106,
T1037.001,Logon Script (Windows),persistence;privilege-escalation,WinEventLog:Security,4624;4648,
T1037.001,Logon Script (Windows),persistence;privilege-escalation,WinEventLog:Security,4663;4670;4656,
T1037.001,Logon Script (Windows),persistence;privilege-escalation,WinEventLog:Security,4688,
T1037.001,Logon Script (Windows),persistence;privilege-escalation,WinEventLog:System,1502;1503,
T1037.003,Network Logon Script,persistence;privilege-escalation,WinEventLog:Security,4688,
T1037.003,Network Logon Script,persistence;privilege-escalation,WinEventLog:Security,5145,
T1037.003,Network Logon Script,persistence;privilege-escalation,WinEventLog:System,4016;5312,
T1039,Data from Network Shared Drive,collection,WinEventLog:Security,5145,
T1039,Data from Network Shared Drive,collection,WinEventLog:Sysmon,11,
T1040,Network Sniffing,credential-access;discovery,WinEventLog:Security,4688,
T1040,Network Sniffing,credential-access;discovery,WinEventLog:System,7045,
T1041,Exfiltration Over C2 Channel,exfiltration,NSM:Flow,,Flow/PCAP analysis for outbound payloads
T1041,Exfiltration Over C2 Channel,exfiltration,WinEventLog:Security,4663;4670;4656,
T1041,Exfiltration Over C2 Channel,exfiltration,WinEventLog:Sysmon,1,
T1041,Exfiltration Over C2 Channel,exfiltration,WinEventLog:Sysmon,3;22,
T1046,Network Service Discovery,discovery,WinEventLog:Sysmon,1,
T1046,Network Service Discovery,discovery,WinEventLog:Sysmon,3;22,
T1047,Windows Management Instrumentation,execution,WinEventLog:Sysmon,1,
T1047,Windows Management Instrumentation,execution,WinEventLog:Sysmon,3;22,
T1047,Windows Management Instrumentation,execution,WinEventLog:WMI,5857;5858;5860;5861,
T1048,Exfiltration Over Alternative Protocol,exfiltration,WinEventLog:Security,4688,
T1048,Exfiltration Over Alternative Protocol,exfiltration,WinEventLog:Sysmon,11,
T1048,Exfiltration Over Alternative Protocol,exfiltration,WinEventLog:Sysmon,3;22,
T1048.001,Exfiltration Over Symmetric Encrypted Non-C2 Protocol,exfiltration,WinEventLog:Sysmon,1,
T1048.001,Exfiltration Over Symmetric Encrypted Non-C2 Protocol,exfiltration,WinEventLog:Sysmon,3;22,
T1048.002,Exfiltration Over Asymmetric Encrypted Non-C2 Protocol,exfiltration,NSM:Flow,,ssl.log - Certificate Analysis
T1048.002,Exfiltration Over Asymmetric Encrypted Non-C2 Protocol,exfiltration,WinEventLog:Security,4663;4670;4656,
T1048.002,Exfiltration Over Asymmetric Encrypted Non-C2 Protocol,exfiltration,WinEventLog:Sysmon,1,
T1048.002,Exfiltration Over Asymmetric Encrypted Non-C2 Protocol,exfiltration,WinEventLog:Sysmon,3;22,
T1048.003,Exfiltration Over Unencrypted Non-C2 Protocol,exfiltration,NSM:Flow,,"http.log, ftp.log"
T1048.003,Exfiltration Over Unencrypted Non-C2 Protocol,exfiltration,WinEventLog:Security,4663;4670;4656,
T1048.003,Exfiltration Over Unencrypted Non-C2 Protocol,exfiltration,WinEventLog:Sysmon,1,
T1048.003,Exfiltration Over Unencrypted Non-C2 Protocol,exfiltration,WinEventLog:Sysmon,3;22,
T1049,System Network Connections Discovery,discovery,WinEventLog:PowerShell,4103;4104;4105;4106,
T1049,System Network Connections Discovery,discovery,WinEventLog:Sysmon,1,
T1052,Exfiltration Over Physical Medium,exfiltration,WinEventLog:Security,4663;4670;4656,
T1052,Exfiltration Over Physical Medium,exfiltration,WinEventLog:Sysmon,1,
T1052,Exfiltration Over Physical Medium,exfiltration,WinEventLog:Sysmon,11,
T1052,Exfiltration Over Physical Medium,exfiltration,WinEventLog:System,1006;10001,
T1052.001,Exfiltration over USB,exfiltration,WinEventLog:Security,4663;4670;4656,
T1052.001,Exfiltration over USB,exfiltration,WinEventLog:Sysmon,1,
T1052.001,Exfiltration over USB,exfiltration,WinEventLog:Sysmon,11,
T1052.001,Exfiltration over USB,exfiltration,WinEventLog:System,2003,
T1053,Scheduled Task/Job,execution;persistence;privilege-escalation,WinEventLog:Security,4698,
T1053,Scheduled Task/Job,execution;persistence;privilege-escalation,WinEventLog:Sysmon,1,
T1053,Scheduled Task/Job,execution;persistence;privilege-escalation,WinEventLog:Sysmon,2,
T1053.002,At,execution;persistence;privilege-escalation,WinEventLog:Security,4698,
T1053.002,At,execution;persistence;privilege-escalation,WinEventLog:Sysmon,1,
T1053.005,Scheduled Task,execution;persistence;privilege-escalation,WinEventLog:Security,4698,
T1053.005,Scheduled Task,execution;persistence;privilege-escalation,WinEventLog:Security,4702,
T1053.005,Scheduled Task,execution;persistence;privilege-escalation,WinEventLog:Sysmon,1,
T1053.005,Scheduled Task,execution;persistence;privilege-escalation,WinEventLog:Sysmon,11,
T1053.005,Scheduled Task,execution;persistence;privilege-escalation,WinEventLog:Sysmon,13;14,
T1055,Process Injection,stealth;privilege-escalation,WinEventLog:Sysmon,1,
T1055,Process Injection,stealth;privilege-escalation,WinEventLog:Sysmon,10,
T1055,Process Injection,stealth;privilege-escalation,WinEventLog:Sysmon,7,
T1055,Process Injection,stealth;privilege-escalation,etw:Microsoft-Windows-Kernel-Process,,API calls
T1055.001,Dynamic-link Library Injection,stealth;privilege-escalation,WinEventLog:Sysmon,1,
T1055.001,Dynamic-link Library Injection,stealth;privilege-escalation,WinEventLog:Sysmon,10,
T1055.001,Dynamic-link Library Injection,stealth;privilege-escalation,WinEventLog:Sysmon,17,
T1055.001,Dynamic-link Library Injection,stealth;privilege-escalation,WinEventLog:Sysmon,7,
T1055.002,Portable Executable Injection,stealth;privilege-escalation,WinEventLog:Sysmon,1,
T1055.002,Portable Executable Injection,stealth;privilege-escalation,WinEventLog:Sysmon,10,
T1055.002,Portable Executable Injection,stealth;privilege-escalation,WinEventLog:Sysmon,11,
T1055.002,Portable Executable Injection,stealth;privilege-escalation,WinEventLog:Sysmon,8,
T1055.003,Thread Execution Hijacking,stealth;privilege-escalation,WinEventLog:Sysmon,1,
T1055.003,Thread Execution Hijacking,stealth;privilege-escalation,WinEventLog:Sysmon,10,
T1055.003,Thread Execution Hijacking,stealth;privilege-escalation,WinEventLog:Sysmon,8,
T1055.003,Thread Execution Hijacking,stealth;privilege-escalation,etw:Microsoft-Windows-Kernel-Process,,API Calls
T1055.004,Asynchronous Procedure Call,stealth;privilege-escalation,WinEventLog:Sysmon,1,
T1055.004,Asynchronous Procedure Call,stealth;privilege-escalation,WinEventLog:Sysmon,10,
T1055.004,Asynchronous Procedure Call,stealth;privilege-escalation,WinEventLog:Sysmon,8,
T1055.004,Asynchronous Procedure Call,stealth;privilege-escalation,etw:Microsoft-Windows-Kernel-Process,,APCQueueOperations
T1055.005,Thread Local Storage,stealth;privilege-escalation,EDR:memory,,MemoryWriteToExecutable
T1055.005,Thread Local Storage,stealth;privilege-escalation,WinEventLog:Sysmon,10,
T1055.005,Thread Local Storage,stealth;privilege-escalation,WinEventLog:Sysmon,7,
T1055.005,Thread Local Storage,stealth;privilege-escalation,WinEventLog:Sysmon,8,
T1055.011,Extra Window Memory Injection,stealth;privilege-escalation,WinEventLog:Security,4688,
T1055.011,Extra Window Memory Injection,stealth;privilege-escalation,WinEventLog:Sysmon,10,
T1055.011,Extra Window Memory Injection,stealth;privilege-escalation,etw:Microsoft-Windows-Win32k,,"SetWindowLong, SetClassLong, NtUserMessageCall, SendNotifyMessage, PostMessage"
T1055.012,Process Hollowing,stealth;privilege-escalation,WinEventLog:Sysmon,1,
T1055.012,Process Hollowing,stealth;privilege-escalation,WinEventLog:Sysmon,10,
T1055.012,Process Hollowing,stealth;privilege-escalation,WinEventLog:Sysmon,8,
T1055.012,Process Hollowing,stealth;privilege-escalation,etw:Microsoft-Windows-Kernel-Process,,"NtUnmapViewOfSection, VirtualAllocEx, WriteProcessMemory, SetThreadContext, Resu"
T1055.013,Process Doppelgänging,stealth;privilege-escalation,WinEventLog:Sysmon,1,
T1055.013,Process Doppelgänging,stealth;privilege-escalation,WinEventLog:Sysmon,10,
T1055.013,Process Doppelgänging,stealth;privilege-escalation,WinEventLog:Sysmon,11,
T1055.013,Process Doppelgänging,stealth;privilege-escalation,etw:Microsoft-Windows-Kernel-Process,,"CreateTransaction, CreateFileTransacted, RollbackTransaction, NtCreateProcessEx,"
T1055.015,ListPlanting,stealth;privilege-escalation,WinEventLog:Sysmon,1,
T1055.015,ListPlanting,stealth;privilege-escalation,WinEventLog:Sysmon,10,
T1055.015,ListPlanting,stealth;privilege-escalation,WinEventLog:Sysmon,8,
T1055.015,ListPlanting,stealth;privilege-escalation,etw:Microsoft-Windows-Win32k,,"SendMessage, PostMessage, LVM_*"
T1056,Input Capture,collection;credential-access,WinEventLog:Security,4663;4670;4656,
T1056,Input Capture,collection;credential-access,WinEventLog:Sysmon,10,
T1056.001,Keylogging,collection;credential-access,WinEventLog:Security,4663;4670;4656,
T1056.001,Keylogging,collection;credential-access,WinEventLog:Sysmon,10,
T1056.001,Keylogging,collection;credential-access,WinEventLog:Sysmon,13;14,
T1056.001,Keylogging,collection;credential-access,WinEventLog:System,7045,
T1056.002,GUI Input Capture,collection;credential-access,WinEventLog:PowerShell,4103;4104;4105;4106,
T1056.002,GUI Input Capture,collection;credential-access,WinEventLog:Sysmon,1,
T1056.003,Web Portal Capture,collection;credential-access,WinEventLog:Sysmon,11,
T1056.003,Web Portal Capture,collection;credential-access,WinEventLog:iis,,IIS Logs
T1056.004,Credential API Hooking,collection;credential-access,WinEventLog:Sysmon,10,
T1056.004,Credential API Hooking,collection;credential-access,WinEventLog:Sysmon,7,
T1056.004,Credential API Hooking,collection;credential-access,WinEventLog:Sysmon,8,
T1057,Process Discovery,discovery,WinEventLog:Security,4688,
T1057,Process Discovery,discovery,WinEventLog:Sysmon,10,
T1059,Command and Scripting Interpreter,execution,WinEventLog:Sysmon,1,
T1059.001,PowerShell,execution,WinEventLog:PowerShell,400;403,
T1059.001,PowerShell,execution,WinEventLog:PowerShell,4103;4104;4105;4106,
T1059.001,PowerShell,execution,WinEventLog:Sysmon,1,
T1059.001,PowerShell,execution,WinEventLog:Sysmon,7,
T1059.003,Windows Command Shell,execution,EDR:scriptblock,,Process Tree + Script Block Logging
T1059.003,Windows Command Shell,execution,WinEventLog:Security,4688,
T1059.003,Windows Command Shell,execution,WinEventLog:Sysmon,7,
T1059.005,Visual Basic,execution,WinEventLog:Sysmon,1,
T1059.005,Visual Basic,execution,WinEventLog:Sysmon,7,
T1059.006,Python,execution,EDR:hunting,,Advanced Hunting: DeviceProcessEvents + DeviceNetworkEvents
T1059.006,Python,execution,WinEventLog:Sysmon,1,
T1059.007,JavaScript,execution,WinEventLog:Sysmon,1,
T1059.007,JavaScript,execution,WinEventLog:Sysmon,7,
T1059.007,JavaScript,execution,m365:defender,,ScriptBlockLogging + AMSI
T1059.010,AutoHotKey & AutoIT,execution,WinEventLog:Sysmon,1,
T1059.010,AutoHotKey & AutoIT,execution,WinEventLog:Sysmon,10,
T1059.010,AutoHotKey & AutoIT,execution,WinEventLog:Sysmon,11,
T1059.011,Lua,execution,WinEventLog:Sysmon,1,
T1059.011,Lua,execution,WinEventLog:Sysmon,11,
T1068,Exploitation for Privilege Escalation,privilege-escalation,WinEventLog:Security,4672,
T1068,Exploitation for Privilege Escalation,privilege-escalation,WinEventLog:Sysmon,1,
T1068,Exploitation for Privilege Escalation,privilege-escalation,WinEventLog:Sysmon,6,
T1069,Permission Groups Discovery,discovery,WinEventLog:PowerShell,4103;4104;4105;4106,
T1069,Permission Groups Discovery,discovery,WinEventLog:Security,4688,
T1069.001,Local Groups,discovery,WinEventLog:Security,4688,
T1069.002,Domain Groups,discovery,WinEventLog:PowerShell,4103;4104;4105;4106,
T1069.002,Domain Groups,discovery,WinEventLog:Security,4688,
T1070,Indicator Removal,stealth,WinEventLog:Security,1102,
T1070,Indicator Removal,stealth,WinEventLog:Sysmon,13;14,
T1070,Indicator Removal,stealth,WinEventLog:Sysmon,23,
T1070.003,Clear Command History,stealth,WinEventLog:PowerShell,4103;4104;4105;4106,
T1070.003,Clear Command History,stealth,WinEventLog:Security,4663;4670;4656,
T1070.003,Clear Command History,stealth,WinEventLog:Sysmon,23,
T1070.004,File Deletion,stealth,WinEventLog:PowerShell,4103;4104;4105;4106,
T1070.004,File Deletion,stealth,WinEventLog:Security,4663;4670;4656,
T1070.004,File Deletion,stealth,WinEventLog:Sysmon,23,
T1070.005,Network Share Connection Removal,stealth,NSM:Flow,,SMB2_LOGOFF/SMB_TREE_DISCONNECT
T1070.005,Network Share Connection Removal,stealth,WinEventLog:PowerShell,4103;4104;4105;4106,
T1070.005,Network Share Connection Removal,stealth,WinEventLog:Security,4624;4648,
T1070.005,Network Share Connection Removal,stealth,WinEventLog:Sysmon,1,
T1070.006,Timestomp,stealth,EDR:file,,SetFileTime
T1070.006,Timestomp,stealth,WinEventLog:Security,4663;4670;4656,
T1070.006,Timestomp,stealth,WinEventLog:Sysmon,15,
T1070.007,Clear Network Connection History and Configurations,stealth,EDR:cli,,Command Line Telemetry
T1070.007,Clear Network Connection History and Configurations,stealth,WinEventLog:Security,,Firewall Rule Modification
T1070.007,Clear Network Connection History and Configurations,stealth,WinEventLog:Security,4663;4670;4656,
T1070.007,Clear Network Connection History and Configurations,stealth,WinEventLog:Sysmon,1,
T1070.008,Clear Mailbox Data,stealth,WinEventLog:PowerShell,4103;4104;4105;4106,
T1070.008,Clear Mailbox Data,stealth,WinEventLog:Security,4663;4670;4656,
T1070.008,Clear Mailbox Data,stealth,WinEventLog:Sysmon,23,
T1070.008,Clear Mailbox Data,stealth,m365:exchange,,Transport Rule Modification
T1070.009,Clear Persistence,stealth,WinEventLog:Security,4657,
T1070.009,Clear Persistence,stealth,WinEventLog:Security,4726;4657,
T1070.009,Clear Persistence,stealth,WinEventLog:Sysmon,1,
T1070.009,Clear Persistence,stealth,WinEventLog:TaskScheduler,106,
T1070.010,Relocate Malware,stealth,WinEventLog:Sysmon,11,
T1070.010,Relocate Malware,stealth,WinEventLog:Sysmon,23,
T1071,Application Layer Protocol,command-and-control,NSM:Flow,,"http, dns, smb, ssl logs"
T1071,Application Layer Protocol,command-and-control,WinEventLog:Sysmon,3;22,
T1071.001,Web Protocols,command-and-control,NSM:Flow,,"http.log, ssl.log"
T1071.001,Web Protocols,command-and-control,WinEventLog:Sysmon,3;22,
T1071.002,File Transfer Protocols,command-and-control,NSM:Flow,,"ftp.log, smb_files.log"
T1071.002,File Transfer Protocols,command-and-control,WinEventLog:Sysmon,1,
T1071.002,File Transfer Protocols,command-and-control,WinEventLog:Sysmon,3;22,
T1071.003,Mail Protocols,command-and-control,NSM:Flow,,smtp.log
T1071.003,Mail Protocols,command-and-control,WinEventLog:Sysmon,1,
T1071.003,Mail Protocols,command-and-control,WinEventLog:Sysmon,3;22,
T1071.004,DNS,command-and-control,NSM:Flow,,dns.log
T1071.004,DNS,command-and-control,WinEventLog:Sysmon,3;22,
T1071.005,Publish/Subscribe Protocols,command-and-control,NSM:Flow,,mqtt.log / xmpp.log (custom log feeds)
T1071.005,Publish/Subscribe Protocols,command-and-control,WinEventLog:Sysmon,3;22,
T1072,Software Deployment Tools,execution;lateral-movement,WinEventLog:Application,,"SCCM, Intune logs"
T1072,Software Deployment Tools,execution;lateral-movement,WinEventLog:Security,4688,
T1074,Data Staged,collection,WinEventLog:Security,4663;4670;4656,
T1074,Data Staged,collection,WinEventLog:Sysmon,1,
T1074,Data Staged,collection,WinEventLog:Sysmon,11,
T1074.001,Local Data Staging,collection,WinEventLog:Security,4663;4670;4656,
T1074.001,Local Data Staging,collection,WinEventLog:Sysmon,1,
T1074.001,Local Data Staging,collection,WinEventLog:Sysmon,11,
T1074.002,Remote Data Staging,collection,WinEventLog:Microsoft-Windows-SMBClient/Security,31001,
T1074.002,Remote Data Staging,collection,WinEventLog:PowerShell,,CommandLine=copy-item or robocopy from UNC path
T1074.002,Remote Data Staging,collection,WinEventLog:Sysmon,11,
T1078,Valid Accounts,stealth;persistence;privilege-escalation;initial-access,WinEventLog:Security,4624,
T1078,Valid Accounts,stealth;persistence;privilege-escalation;initial-access,WinEventLog:Security,4776;4625,
T1078,Valid Accounts,stealth;persistence;privilege-escalation;initial-access,WinEventLog:Sysmon,1,
T1078.001,Default Accounts,stealth;persistence;privilege-escalation;initial-access,WinEventLog:Security,4624;4648,
T1078.002,Domain Accounts,stealth;persistence;privilege-escalation;initial-access,WinEventLog:Security,4624;4625;4768;4769,
T1078.002,Domain Accounts,stealth;persistence;privilege-escalation;initial-access,WinEventLog:Sysmon,1,
T1078.002,Domain Accounts,stealth;persistence;privilege-escalation;initial-access,WinEventLog:Sysmon,3;22,
T1078.003,Local Accounts,stealth;persistence;privilege-escalation;initial-access,WinEventLog:Security,4624;4648,
T1078.003,Local Accounts,stealth;persistence;privilege-escalation;initial-access,WinEventLog:Security,4672,
T1080,Taint Shared Content,lateral-movement,WinEventLog:Security,5145,
T1080,Taint Shared Content,lateral-movement,WinEventLog:Sysmon,11,
T1082,System Information Discovery,discovery,WinEventLog:PowerShell,4103;4104;4105;4106,
T1082,System Information Discovery,discovery,WinEventLog:Security,4688,
T1082,System Information Discovery,discovery,WinEventLog:Sysmon,1,
T1082,System Information Discovery,discovery,WinEventLog:Sysmon,13;14,
T1083,File and Directory Discovery,discovery,WinEventLog:Security,4688,
T1083,File and Directory Discovery,discovery,WinEventLog:Sysmon,11,
T1087,Account Discovery,discovery,WinEventLog:Security,4688,
T1087,Account Discovery,discovery,WinEventLog:Security,4798;4799,
T1087,Account Discovery,discovery,WinEventLog:Sysmon,1,
T1087.001,Local Account,discovery,WinEventLog:Sysmon,1,
T1087.002,Domain Account,discovery,NSM:Flow,,LDAP Bind/Search
T1087.002,Domain Account,discovery,WinEventLog:PowerShell,4103;4104;4105;4106,
T1087.002,Domain Account,discovery,WinEventLog:Sysmon,1,
T1087.003,Email Account,discovery,WinEventLog:PowerShell,4103;4104;4105;4106,
T1087.003,Email Account,discovery,WinEventLog:Sysmon,1,
T1090,Proxy,command-and-control,NSM:Connections,,Outbound Connection
T1090,Proxy,command-and-control,WinEventLog:Sysmon,1,
T1090,Proxy,command-and-control,WinEventLog:Sysmon,3;22,
T1090.001,Internal Proxy,command-and-control,WinEventLog:Sysmon,1,
T1090.001,Internal Proxy,command-and-control,WinEventLog:Sysmon,3;22,
T1090.001,Internal Proxy,command-and-control,Windows Firewall Log,,SMB over high port
T1090.002,External Proxy,command-and-control,WinEventLog:Microsoft-Windows-Windows Defender/Operational,,Unusual external domain access
T1090.002,External Proxy,command-and-control,WinEventLog:Sysmon,1,
T1090.002,External Proxy,command-and-control,WinEventLog:Sysmon,3;22,
T1090.003,Multi-hop Proxy,command-and-control,WinEventLog:Sysmon,1,
T1090.003,Multi-hop Proxy,command-and-control,WinEventLog:Sysmon,3;22,
T1090.003,Multi-hop Proxy,command-and-control,dns:query,,"Outbound resolution to hidden service domains (e.g., `.onion`)"
T1090.004,Domain Fronting,command-and-control,NSM:Connections,,TLS handshake + HTTP headers
T1090.004,Domain Fronting,command-and-control,WinEventLog:Sysmon,3;22,
T1091,Replication Through Removable Media,lateral-movement;initial-access,WinEventLog:Microsoft-Windows-Windows Defender/Operational,,Suspicious file execution on removable media path
T1091,Replication Through Removable Media,lateral-movement;initial-access,WinEventLog:Sysmon,1,
T1091,Replication Through Removable Media,lateral-movement;initial-access,WinEventLog:Sysmon,11,
T1091,Replication Through Removable Media,lateral-movement;initial-access,WinEventLog:System,1006,
T1092,Communication Through Removable Media,command-and-control,WinEventLog:Sysmon,1,
T1092,Communication Through Removable Media,command-and-control,WinEventLog:Sysmon,11,
T1092,Communication Through Removable Media,command-and-control,WinEventLog:System,1006,
T1095,Non-Application Layer Protocol,command-and-control,NSM:Flow,,"ICMP/UDP traffic (Wireshark, Suricata, Zeek)"
T1095,Non-Application Layer Protocol,command-and-control,WinEventLog:Sysmon,3;22,
T1098,Account Manipulation,persistence;privilege-escalation,WinEventLog:Security,4738;4728;4670,
T1098,Account Manipulation,persistence;privilege-escalation,WinEventLog:Sysmon,1,
T1098.002,Additional Email Delegate Permissions,persistence;privilege-escalation,WinEventLog:Security,4688,
T1098.002,Additional Email Delegate Permissions,persistence;privilege-escalation,m365:unified,,PowerShell: Add-MailboxPermission
T1098.005,Device Registration,persistence;privilege-escalation,ApplicationLog:Intune/MDM Logs,,"Enrollment events (e.g., MDMDeviceRegistration)"
T1098.005,Device Registration,persistence;privilege-escalation,WinEventLog:Security,,Device Object Creation
T1098.007,Additional Local or Domain Groups,persistence;privilege-escalation,WinEventLog:Security,4728;4729;4732;4733;4756;4757,
T1102,Web Service,command-and-control,NSM:Flow,,SSL/TLS Inspection or PCAP
T1102,Web Service,command-and-control,WinEventLog:Sysmon,3;22,
T1102.001,Dead Drop Resolver,command-and-control,WinEventLog:Sysmon,3;22,
T1102.001,Dead Drop Resolver,command-and-control,etw:Microsoft-Windows-NDIS-PacketCapture,,TLS Handshake/Network Flow
T1102.002,Bidirectional Communication,command-and-control,WinEventLog:Sysmon,1,
T1102.002,Bidirectional Communication,command-and-control,WinEventLog:Sysmon,3;22,
T1102.002,Bidirectional Communication,command-and-control,etw:Microsoft-Windows-WinINet,,HTTPS Inspection
T1102.003,One-Way Communication,command-and-control,WinEventLog:Sysmon,3;22,
T1102.003,One-Way Communication,command-and-control,etw:Microsoft-Windows-WinINet,,WinINet API telemetry
T1104,Multi-Stage Channels,command-and-control,WinEventLog:Sysmon,1,
T1104,Multi-Stage Channels,command-and-control,WinEventLog:Sysmon,3;22,
T1105,Ingress Tool Transfer,command-and-control,WinEventLog:Sysmon,1,
T1105,Ingress Tool Transfer,command-and-control,WinEventLog:Sysmon,11,
T1105,Ingress Tool Transfer,command-and-control,WinEventLog:Sysmon,3;22,
T1106,Native API,execution,WinEventLog:Sysmon,1,
T1106,Native API,execution,WinEventLog:Sysmon,10,
T1106,Native API,execution,WinEventLog:Sysmon,7,
T1110,Brute Force,credential-access,WinEventLog:Security,4776;4625,
T1110.001,Password Guessing,credential-access,WinEventLog:Security,4625,
T1110.002,Password Cracking,credential-access,WinEventLog:Security,4663;4670;4656,
T1110.002,Password Cracking,credential-access,WinEventLog:Sysmon,1,
T1110.002,Password Cracking,credential-access,WinEventLog:Sysmon,10,
T1110.002,Password Cracking,credential-access,WinEventLog:Sysmon,11,
T1110.003,Password Spraying,credential-access,WinEventLog:Security,4625;4771;4648,
T1110.004,Credential Stuffing,credential-access,WinEventLog:Security,4625,
T1111,Multi-Factor Authentication Interception,credential-access,WinEventLog:Security,4624;4648,
T1111,Multi-Factor Authentication Interception,credential-access,WinEventLog:Sysmon,10,
T1111,Multi-Factor Authentication Interception,credential-access,WinEventLog:Sysmon,13;14,
T1112,Modify Registry,defense-impairment;persistence,WinEventLog:Sysmon,1,
T1112,Modify Registry,defense-impairment;persistence,WinEventLog:Sysmon,13;14,
T1113,Screen Capture,collection,WinEventLog:Sysmon,1,
T1113,Screen Capture,collection,WinEventLog:Sysmon,7,
T1114,Email Collection,collection,WinEventLog:Application,,Exchange logs or header artifacts
T1114,Email Collection,collection,WinEventLog:PowerShell,4103;4104;4105;4106,
T1114,Email Collection,collection,WinEventLog:Security,5145,
T1114,Email Collection,collection,WinEventLog:Sysmon,3;22,
T1114.001,Local Email Collection,collection,WinEventLog:Security,4663;4670;4656,
T1114.001,Local Email Collection,collection,WinEventLog:Sysmon,1,
T1114.001,Local Email Collection,collection,WinEventLog:Sysmon,11,
T1114.001,Local Email Collection,collection,WinEventLog:Sysmon,3;22,
T1114.002,Remote Email Collection,collection,WinEventLog:PowerShell,4103;4104;4105;4106,
T1114.002,Remote Email Collection,collection,WinEventLog:Sysmon,3;22,
T1114.002,Remote Email Collection,collection,azure:signinlogs,,"Abnormal sign-in from scripting tools (PowerShell, AADInternals)"
T1114.002,Remote Email Collection,collection,m365:purview,,MailItemsAccessed & Exchange Audit
T1114.003,Email Forwarding Rule,collection,WinEventLog:PowerShell,4103;4104;4105;4106,
T1114.003,Email Forwarding Rule,collection,WinEventLog:Security,4688,
T1114.003,Email Forwarding Rule,collection,m365:exchange,,Cmdlet - New-InboxRule
T1115,Clipboard Data,collection,WinEventLog:Sysmon,1,
T1115,Clipboard Data,collection,WinEventLog:Sysmon,10,
T1119,Automated Collection,collection,WinEventLog:Sysmon,1,
T1119,Automated Collection,collection,WinEventLog:Sysmon,11,
T1120,Peripheral Device Discovery,discovery,WinEventLog:Security,4688,
T1120,Peripheral Device Discovery,discovery,WinEventLog:Sysmon,10,
T1123,Audio Capture,collection,WinEventLog:Security,4688,
T1123,Audio Capture,collection,WinEventLog:Sysmon,10,
T1123,Audio Capture,collection,WinEventLog:Sysmon,11,
T1124,System Time Discovery,discovery,EDR:Telemetry,,"Process lineage and API usage enrichment (GetSystemTime, GetTimeZoneInformation,"
T1124,System Time Discovery,discovery,WinEventLog:PowerShell,4103;4104;4105;4106,
T1124,System Time Discovery,discovery,WinEventLog:Security,4688,
T1124,System Time Discovery,discovery,WinEventLog:Sysmon,10,
T1124,System Time Discovery,discovery,WinEventLog:Sysmon,11,
T1124,System Time Discovery,discovery,WinEventLog:Sysmon,7,
T1124,System Time Discovery,discovery,WinEventLog:TaskScheduler,,Task registration/execution shortly after a time discovery event
T1124,System Time Discovery,discovery,WinEventLog:TaskScheduler,106,
T1124,System Time Discovery,discovery,etw:Microsoft-Windows-Kernel-Process,,High-frequency or suspicious sequence of QueryPerformanceCounter/GetTickCount AP
T1125,Video Capture,collection,WinEventLog:Microsoft-Windows-Windows Camera Frame Server/Operational,,Process session start/stop events for camera pipeline by unexpected executables
T1125,Video Capture,collection,WinEventLog:Security,4663;4670;4656,
T1125,Video Capture,collection,WinEventLog:Sysmon,1,
T1125,Video Capture,collection,WinEventLog:Sysmon,11,
T1125,Video Capture,collection,WinEventLog:Sysmon,3;22,
T1125,Video Capture,collection,WinEventLog:Sysmon,7,
T1127,Trusted Developer Utilities Proxy Execution,stealth;execution,WinEventLog:AppLocker,,AppLocker audit/blocks showing developer utilities executing scripts/binaries ou
T1127,Trusted Developer Utilities Proxy Execution,stealth;execution,WinEventLog:Security,4688,
T1127,Trusted Developer Utilities Proxy Execution,stealth;execution,WinEventLog:Sysmon,11,
T1127,Trusted Developer Utilities Proxy Execution,stealth;execution,WinEventLog:Sysmon,3;22,
T1127,Trusted Developer Utilities Proxy Execution,stealth;execution,WinEventLog:Sysmon,7,
T1127.001,MSBuild,stealth;execution,EDR:AMSI,,Malicious inline C#/script blobs embedded in MSBuild projects if intercepted by 
T1127.001,MSBuild,stealth;execution,WinEventLog:Microsoft-Windows-CodeIntegrity/Operational,,Unsigned/invalid signature modules or images loaded by msbuild.exe or its childr
T1127.001,MSBuild,stealth;execution,WinEventLog:Security,4688,
T1127.001,MSBuild,stealth;execution,WinEventLog:Sysmon,10,
T1127.001,MSBuild,stealth;execution,WinEventLog:Sysmon,11,
T1127.001,MSBuild,stealth;execution,WinEventLog:Sysmon,3;22,
T1127.001,MSBuild,stealth;execution,WinEventLog:Sysmon,7,
T1127.001,MSBuild,stealth;execution,WinEventLog:Sysmon,8,
T1127.002,ClickOnce,stealth;execution,WinEventLog:Microsoft-Windows-Security-Mitigations/KernelMode,,ETW telemetry indicating ClickOnce deployment (dfsvc.exe) launching payloads
T1127.002,ClickOnce,stealth;execution,WinEventLog:Security,4688,
T1127.002,ClickOnce,stealth;execution,WinEventLog:Sysmon,7,
T1127.003,JamPlus,stealth;execution,WinEventLog:Microsoft-Windows-CodeIntegrity/Operational,,Unsigned or untrusted modules loaded during JamPlus.exe runtime
T1127.003,JamPlus,stealth;execution,WinEventLog:Security,4688,
T1127.003,JamPlus,stealth;execution,WinEventLog:Sysmon,11,
T1127.003,JamPlus,stealth;execution,WinEventLog:Sysmon,3;22,
T1129,Shared Modules,execution,WinEventLog:Microsoft-Windows-CodeIntegrity/Operational,,CodeIntegrity/WDAC events indicating unsigned/invalid DLL loads
T1129,Shared Modules,execution,WinEventLog:Security,4688,
T1129,Shared Modules,execution,WinEventLog:Sysmon,11,
T1129,Shared Modules,execution,WinEventLog:Sysmon,3;22,
T1129,Shared Modules,execution,WinEventLog:Sysmon,7,
T1132,Data Encoding,command-and-control,NSM:Flow,,"Unusual Base64-encoded content in URI, headers, or POST body"
T1132,Data Encoding,command-and-control,WinEventLog:Sysmon,1,
T1132,Data Encoding,command-and-control,WinEventLog:Sysmon,3;22,
T1132.001,Standard Encoding,command-and-control,M365Defender:DeviceNetworkEvents,,NetworkConnection: bytes_sent >> bytes_received anomaly
T1132.001,Standard Encoding,command-and-control,WinEventLog:PowerShell,4103;4104;4105;4106,
T1132.001,Standard Encoding,command-and-control,WinEventLog:Security,4688,
T1132.001,Standard Encoding,command-and-control,WinEventLog:Sysmon,3;22,
T1132.002,Non-Standard Encoding,command-and-control,WinEventLog:PowerShell,4103;4104;4105;4106,
T1132.002,Non-Standard Encoding,command-and-control,WinEventLog:Security,4688,
T1132.002,Non-Standard Encoding,command-and-control,WinEventLog:Sysmon,3;22,
T1132.002,Non-Standard Encoding,command-and-control,m365:defender,,"NetworkConnection: high out:in ratio, periodic beacons, protocol mismatch"
T1133,External Remote Services,persistence;initial-access,WinEventLog:Application,,"VPN, Citrix, or remote access gateway logs showing external IP addresses"
T1133,External Remote Services,persistence;initial-access,WinEventLog:Security,4776;4625,
T1133,External Remote Services,persistence;initial-access,WinEventLog:Sysmon,3;22,
T1134,Access Token Manipulation,stealth;privilege-escalation,ETW:Token,,token_analysis: API calls such as DuplicateTokenEx or ImpersonateLoggedOnUser
T1134,Access Token Manipulation,stealth;privilege-escalation,WinEventLog:Security,4672;4634,
T1134,Access Token Manipulation,stealth;privilege-escalation,WinEventLog:Security,5136,
T1134,Access Token Manipulation,stealth;privilege-escalation,WinEventLog:Sysmon,1,
T1134,Access Token Manipulation,stealth;privilege-escalation,WinEventLog:Sysmon,10,
T1134.001,Token Impersonation/Theft,stealth;privilege-escalation,ETW:Token,,"api_call: DuplicateTokenEx, ImpersonateLoggedOnUser, SetThreadToken"
T1134.001,Token Impersonation/Theft,stealth;privilege-escalation,WinEventLog:Security,4688,
T1134.001,Token Impersonation/Theft,stealth;privilege-escalation,WinEventLog:Sysmon,10,
T1134.002,Create Process with Token,stealth;privilege-escalation,ETW:ProcThread,,"api_call: CreateProcessWithTokenW, CreateProcessAsUserW"
T1134.002,Create Process with Token,stealth;privilege-escalation,WinEventLog:Security,4672;4634,
T1134.002,Create Process with Token,stealth;privilege-escalation,WinEventLog:Security,4688,
T1134.002,Create Process with Token,stealth;privilege-escalation,WinEventLog:Security,5136,
T1134.002,Create Process with Token,stealth;privilege-escalation,WinEventLog:Sysmon,10,
T1134.003,Make and Impersonate Token,stealth;privilege-escalation,WinEventLog:Security,4672,
T1134.003,Make and Impersonate Token,stealth;privilege-escalation,WinEventLog:Security,4688,
T1134.003,Make and Impersonate Token,stealth;privilege-escalation,etw:Microsoft-Windows-Security-Auditing,,"api_call: LogonUser(A|W), LsaLogonUser, SetThreadToken, ImpersonateLoggedOnUser"
T1134.004,Parent PID Spoofing,stealth;privilege-escalation,WinEventLog:Security,4688,
T1134.004,Parent PID Spoofing,stealth;privilege-escalation,etw:Microsoft-Windows-Kernel-Process,,api_call: UpdateProcThreadAttribute (PROC_THREAD_ATTRIBUTE_PARENT_PROCESS) and C
T1134.004,Parent PID Spoofing,stealth;privilege-escalation,etw:Microsoft-Windows-Kernel-Process,,process_start: EventHeader.ProcessId true parent vs reported PPID mismatch
T1134.005,SID-History Injection,stealth;privilege-escalation,WinEventLog:Security,4720;4738,
T1134.005,SID-History Injection,stealth;privilege-escalation,WinEventLog:Security,5136,
T1134.005,SID-History Injection,stealth;privilege-escalation,etw:Microsoft-Windows-Directory-Services-SAM,,api_call: Calls to DsAddSidHistory or related RPC operations
T1135,Network Share Discovery,discovery,WinEventLog:PowerShell,4103;4104;4105;4106,
T1135,Network Share Discovery,discovery,WinEventLog:Security,4688,
T1135,Network Share Discovery,discovery,WinEventLog:Sysmon,17,
T1135,Network Share Discovery,discovery,WinEventLog:Sysmon,3;22,
T1135,Network Share Discovery,discovery,etw:Microsoft-Windows-RPC,,rpc_call: srvsvc.NetShareEnum / NetShareEnumAll from non-admin or unusual proces
T1136,Create Account,persistence,WinEventLog:Security,4720,
T1136,Create Account,persistence,WinEventLog:Sysmon,1,
T1136.001,Local Account,persistence,WinEventLog:Security,4720,
T1136.001,Local Account,persistence,WinEventLog:Sysmon,1,
T1136.002,Domain Account,persistence,WinEventLog:Security,4720,
T1136.002,Domain Account,persistence,WinEventLog:Sysmon,1,
T1137,Office Application Startup,persistence,WinEventLog:Application,,"Outlook rule creation, form load, or homepage redirection"
T1137,Office Application Startup,persistence,WinEventLog:Sysmon,1,
T1137,Office Application Startup,persistence,WinEventLog:Sysmon,11,
T1137,Office Application Startup,persistence,WinEventLog:Sysmon,13;14,
T1137.001,Office Template Macros,persistence,WinEventLog:Microsoft-Office-Alerts,,Office application warning or alert on macro execution from template
T1137.001,Office Template Macros,persistence,WinEventLog:Sysmon,1,
T1137.001,Office Template Macros,persistence,WinEventLog:Sysmon,11,
T1137.001,Office Template Macros,persistence,WinEventLog:Sysmon,13;14,
T1137.001,Office Template Macros,persistence,WinEventLog:Sysmon,15,
T1137.002,Office Test,persistence,WinEventLog:Microsoft-Office-Alerts,,Unexpected DLL or component loaded at Office startup
T1137.002,Office Test,persistence,WinEventLog:Sysmon,1,
T1137.002,Office Test,persistence,WinEventLog:Sysmon,11,
T1137.002,Office Test,persistence,WinEventLog:Sysmon,13;14,
T1137.002,Office Test,persistence,WinEventLog:Sysmon,7,
T1137.003,Outlook Forms,persistence,WinEventLog:Application,,Outlook errors loading or processing custom form templates
T1137.003,Outlook Forms,persistence,WinEventLog:PowerShell,,Execution of Microsoft script to enumerate custom forms in Outlook mailbox
T1137.003,Outlook Forms,persistence,WinEventLog:Sysmon,1,
T1137.003,Outlook Forms,persistence,WinEventLog:Sysmon,7,
T1137.004,Outlook Home Page,persistence,WinEventLog:Application,,Outlook logs indicating failure to load or render HTML page in Home Page view
T1137.004,Outlook Home Page,persistence,WinEventLog:PowerShell,,Execution of PowerShell script to enumerate or remove malicious Home Page folder
T1137.004,Outlook Home Page,persistence,WinEventLog:Sysmon,1,
T1137.004,Outlook Home Page,persistence,WinEventLog:Sysmon,7,
T1137.005,Outlook Rules,persistence,WinEventLog:Application,,Outlook rule execution failure or abnormal rule execution context
T1137.005,Outlook Rules,persistence,WinEventLog:PowerShell,,PowerShell launched from outlook.exe or triggered without user invocation
T1137.005,Outlook Rules,persistence,WinEventLog:Sysmon,1,
T1137.005,Outlook Rules,persistence,WinEventLog:Sysmon,7,
T1137.006,Add-ins,persistence,WinEventLog:Sysmon,1,
T1137.006,Add-ins,persistence,WinEventLog:Sysmon,11,
T1137.006,Add-ins,persistence,WinEventLog:Sysmon,13;14,
T1137.006,Add-ins,persistence,WinEventLog:Sysmon,2,
T1140,Deobfuscate/Decode Files or Information,stealth,WinEventLog:Sysmon,1,
T1140,Deobfuscate/Decode Files or Information,stealth,WinEventLog:Sysmon,10,
T1140,Deobfuscate/Decode Files or Information,stealth,WinEventLog:Sysmon,11,
T1176,Software Extensions,persistence,WinEventLog:Security,4688,
T1176,Software Extensions,persistence,WinEventLog:Sysmon,11,
T1176,Software Extensions,persistence,WinEventLog:Sysmon,13;14,
T1176,Software Extensions,persistence,WinEventLog:Sysmon,3;22,
T1176.001,Browser Extensions,persistence,WinEventLog:Security,4688,
T1176.001,Browser Extensions,persistence,WinEventLog:Sysmon,11,
T1176.001,Browser Extensions,persistence,WinEventLog:Sysmon,13;14,
T1176.001,Browser Extensions,persistence,WinEventLog:Sysmon,3;22,
T1176.002,IDE Extensions,persistence,WinEventLog:Security,4688,
T1176.002,IDE Extensions,persistence,WinEventLog:Sysmon,11,
T1176.002,IDE Extensions,persistence,WinEventLog:Sysmon,3;22,
T1185,Browser Session Hijacking,collection,WinEventLog:Security,4624;4648,
T1185,Browser Session Hijacking,collection,WinEventLog:Security,4672,
T1185,Browser Session Hijacking,collection,WinEventLog:Security,4673,
T1185,Browser Session Hijacking,collection,WinEventLog:Sysmon,10,
T1185,Browser Session Hijacking,collection,WinEventLog:Sysmon,3;22,
T1185,Browser Session Hijacking,collection,WinEventLog:Sysmon,7,
T1185,Browser Session Hijacking,collection,WinEventLog:Sysmon,8,
T1187,Forced Authentication,credential-access,NSM:Flow,,HTTP/WebDAV requests that contain NTLMSSP or PROPFIND/MOVE/OPTIONS with Authoriz
T1187,Forced Authentication,credential-access,NSM:Flow,,"Outbound connections to TCP 139,445 and HTTP/HTTPS to WebDAV endpoints from work"
T1187,Forced Authentication,credential-access,WinEventLog:Security,4663;4670;4656,
T1187,Forced Authentication,credential-access,WinEventLog:Sysmon,11,
T1189,Drive-by Compromise,initial-access,NSM:Flow,,"http.request: HTTP requests and responses for specific script resources, unexpec"
T1189,Drive-by Compromise,initial-access,WinEventLog:Application,,"Browser or plugin/application logs showing script errors, plugin enumerations, o"
T1189,Drive-by Compromise,initial-access,WinEventLog:Security,4624;4648,
T1189,Drive-by Compromise,initial-access,WinEventLog:Security,4688,
T1189,Drive-by Compromise,initial-access,WinEventLog:Sysmon,11,
T1189,Drive-by Compromise,initial-access,WinEventLog:Sysmon,3;22,
T1189,Drive-by Compromise,initial-access,etw:Microsoft-Windows-Kernel-Process,,Memory Modification / Unmapped module load or suspicious RWX allocations in the 
T1190,Exploit Public-Facing Application,initial-access,ApplicationLog:IIS,,"IIS W3C logs in C:\inetpub\logs\LogFiles\W3SVC* (spikes in 5xx, RCE/SQLi/path tr"
T1190,Exploit Public-Facing Application,initial-access,WinEventLog:Sysmon,1,
T1190,Exploit Public-Facing Application,initial-access,WinEventLog:Sysmon,3;22,
T1190,Exploit Public-Facing Application,initial-access,WinEventLog:Sysmon,7,
T1195,Supply Chain Compromise,initial-access,NSM:Flow,,First-time egress from host after new install to unknown update endpoints
T1195,Supply Chain Compromise,initial-access,WinEventLog:Microsoft-Windows-CodeIntegrity/Operational,,CodeIntegrity reports 'Invalid image hash' or 'Unsigned image' for new/updated b
T1195,Supply Chain Compromise,initial-access,WinEventLog:Sysmon,1,
T1195,Supply Chain Compromise,initial-access,WinEventLog:Sysmon,11,
T1195,Supply Chain Compromise,initial-access,WinEventLog:Sysmon,7,
T1195.001,Compromise Software Dependencies and Development Tools,initial-access,NSM:Flow,,First-time outbound connections to package registries or unknown hosts immediate
T1195.001,Compromise Software Dependencies and Development Tools,initial-access,WinEventLog:Microsoft-Windows-CodeIntegrity/Operational,,Invalid/Unsigned image when developer tool launches newly installed binaries
T1195.001,Compromise Software Dependencies and Development Tools,initial-access,WinEventLog:Sysmon,1,
T1195.001,Compromise Software Dependencies and Development Tools,initial-access,WinEventLog:Sysmon,11,
T1195.001,Compromise Software Dependencies and Development Tools,initial-access,WinEventLog:Sysmon,13;14,
T1195.001,Compromise Software Dependencies and Development Tools,initial-access,WinEventLog:Sysmon,7,
T1195.002,Compromise Software Supply Chain,initial-access,NSM:Flow,,First-time egress to non-approved update hosts right after install/update
T1195.002,Compromise Software Supply Chain,initial-access,WinEventLog:Microsoft-Windows-CodeIntegrity/Operational,,Unsigned or invalid image for newly installed/updated binaries
T1195.002,Compromise Software Supply Chain,initial-access,WinEventLog:Sysmon,1,
T1195.002,Compromise Software Supply Chain,initial-access,WinEventLog:Sysmon,11,
T1195.002,Compromise Software Supply Chain,initial-access,WinEventLog:Sysmon,13;14,
T1195.002,Compromise Software Supply Chain,initial-access,WinEventLog:Sysmon,3;22,
T1195.002,Compromise Software Supply Chain,initial-access,WinEventLog:Sysmon,6,
T1195.002,Compromise Software Supply Chain,initial-access,WinEventLog:Sysmon,7,
T1195.003,Compromise Hardware Supply Chain,initial-access,WinEventLog:Microsoft-Windows-CodeIntegrity/Operational,,Code integrity violations in boot-start drivers or firmware
T1195.003,Compromise Hardware Supply Chain,initial-access,WinEventLog:Security,1166;7045,
T1195.003,Compromise Hardware Supply Chain,initial-access,WinEventLog:Sysmon,10,
T1195.003,Compromise Hardware Supply Chain,initial-access,WinEventLog:Sysmon,6,
T1195.003,Compromise Hardware Supply Chain,initial-access,WinEventLog:Sysmon,7,
T1197,BITS Jobs,stealth;persistence;execution,WinEventLog:PowerShell,4103;4104;4105;4106,
T1197,BITS Jobs,stealth;persistence;execution,WinEventLog:Security,4688,
T1197,BITS Jobs,stealth;persistence;execution,WinEventLog:Sysmon,3;22,
T1197,BITS Jobs,stealth;persistence;execution,WinEventLog:System,7036,
T1199,Trusted Relationship,initial-access,WinEventLog:Security,4624;4648,
T1199,Trusted Relationship,initial-access,WinEventLog:Security,4663;4670;4656,
T1199,Trusted Relationship,initial-access,WinEventLog:Security,4776;4771;4770,
T1199,Trusted Relationship,initial-access,WinEventLog:Sysmon,3;22,
T1200,Hardware Additions,initial-access,WinEventLog:Security,6416,
T1200,Hardware Additions,initial-access,WinEventLog:Sysmon,1,
T1200,Hardware Additions,initial-access,WinEventLog:Sysmon,11,
T1200,Hardware Additions,initial-access,WinEventLog:Sysmon,3;22,
T1200,Hardware Additions,initial-access,WinEventLog:Sysmon,6,
T1200,Hardware Additions,initial-access,WinEventLog:Sysmon,7,
T1200,Hardware Additions,initial-access,WinEventLog:System,,"Kernel-PnP 410/400 device install, disk added"
T1200,Hardware Additions,initial-access,wineventlog:dhcp,,DHCP Lease Granted
T1201,Password Policy Discovery,discovery,WinEventLog:PowerShell,4103;4104;4105;4106,
T1201,Password Policy Discovery,discovery,WinEventLog:Security,4662,
T1201,Password Policy Discovery,discovery,WinEventLog:Sysmon,1,
T1202,Indirect Command Execution,stealth,WinEventLog:Sysmon,1,
T1202,Indirect Command Execution,stealth,WinEventLog:Sysmon,11,
T1202,Indirect Command Execution,stealth,WinEventLog:Sysmon,3;22,
T1203,Exploitation for Client Execution,execution,WinEventLog:Application,1000,
T1203,Exploitation for Client Execution,execution,WinEventLog:Sysmon,1,
T1203,Exploitation for Client Execution,execution,WinEventLog:Sysmon,11,
T1203,Exploitation for Client Execution,execution,WinEventLog:Sysmon,3;22,
T1204,User Execution,execution,WinEventLog:Application,1000,
T1204,User Execution,execution,WinEventLog:Security,4688,
T1204,User Execution,execution,WinEventLog:Sysmon,11,
T1204,User Execution,execution,WinEventLog:Sysmon,3;22,
T1204.001,Malicious Link,execution,NSM:Flow,,"Suspicious URL patterns, uncommon TLDs, short-lived domains, URL shorteners; HTT"
T1204.001,Malicious Link,execution,WinEventLog:Security,4688,
T1204.001,Malicious Link,execution,WinEventLog:Sysmon,11,
T1204.001,Malicious Link,execution,WinEventLog:Sysmon,3;22,
T1204.002,Malicious File,execution,WinEventLog:Sysmon,1,
T1204.002,Malicious File,execution,WinEventLog:Sysmon,11,
T1204.002,Malicious File,execution,WinEventLog:Sysmon,15,
T1204.004,Malicious Copy and Paste,execution,NSM:Flow,,HTTP(S) requests with User-Agents typical of PowerShell or curl from desktop; or
T1204.004,Malicious Copy and Paste,execution,WinEventLog:PowerShell,4103;4104;4105;4106,
T1204.004,Malicious Copy and Paste,execution,WinEventLog:Security,4688,
T1204.004,Malicious Copy and Paste,execution,WinEventLog:Sysmon,11,
T1204.004,Malicious Copy and Paste,execution,WinEventLog:Sysmon,3;22,
T1204.005,Malicious Library,execution,WinEventLog:Sysmon,1,
T1204.005,Malicious Library,execution,WinEventLog:Sysmon,11,
T1205,Traffic Signaling,stealth;persistence;command-and-control,WinEventLog:Microsoft-Windows-Windows Firewall With Advanced Security/Firewall,2004;2005;2006,
T1205,Traffic Signaling,stealth;persistence;command-and-control,WinEventLog:PowerShell,4103;4104;4105;4106,
T1205,Traffic Signaling,stealth;persistence;command-and-control,WinEventLog:Sysmon,1,
T1205,Traffic Signaling,stealth;persistence;command-and-control,WinEventLog:Sysmon,3;22,
T1205.001,Port Knocking,stealth;persistence;command-and-control,WinEventLog:Microsoft-Windows-Windows Firewall With Advanced Security/Firewall,2004;2005;2006,
T1205.001,Port Knocking,stealth;persistence;command-and-control,WinEventLog:Sysmon,1,
T1205.001,Port Knocking,stealth;persistence;command-and-control,WinEventLog:Sysmon,3;22,
T1205.002,Socket Filters,stealth;persistence;command-and-control,NSM:Flow,,"Single, low-volume inbound packet (REJ/S0/OTH or uncommon dport/protocol) from s"
T1205.002,Socket Filters,stealth;persistence;command-and-control,WinEventLog:Sysmon,1,
T1205.002,Socket Filters,stealth;persistence;command-and-control,WinEventLog:Sysmon,3;22,
T1205.002,Socket Filters,stealth;persistence;command-and-control,WinEventLog:Sysmon,6,
T1205.002,Socket Filters,stealth;persistence;command-and-control,WinEventLog:Sysmon,7,
T1205.002,Socket Filters,stealth;persistence;command-and-control,WinEventLog:System,7045,
T1207,Rogue Domain Controller,defense-impairment,NSM:Flow,,"DrsAddEntry, DrsReplicaAdd, GetNCChanges calls between non-DC and DCs."
T1207,Rogue Domain Controller,defense-impairment,WinEventLog:Security,4662,
T1207,Rogue Domain Controller,defense-impairment,WinEventLog:Security,4928,
T1207,Rogue Domain Controller,defense-impairment,WinEventLog:Security,4929,
T1207,Rogue Domain Controller,defense-impairment,m365:dirsync,,Replication cookie changes involving Configuration partition with new server/nTD
T1210,Exploitation of Remote Services,lateral-movement,NSM:Flow,,"Inbound connections to 445, 3389, 5985-5986 with high error/connection-reset rat"
T1210,Exploitation of Remote Services,lateral-movement,WinEventLog:Sysmon,1,
T1210,Exploitation of Remote Services,lateral-movement,WinEventLog:Sysmon,10,
T1210,Exploitation of Remote Services,lateral-movement,WinEventLog:Sysmon,11,
T1210,Exploitation of Remote Services,lateral-movement,WinEventLog:Sysmon,3;22,
T1210,Exploitation of Remote Services,lateral-movement,WinEventLog:Sysmon,7,
T1210,Exploitation of Remote Services,lateral-movement,WinEventLog:System,1000,
T1211,Exploitation for Stealth,stealth,WinEventLog:Security,4688,
T1211,Exploitation for Stealth,stealth,WinEventLog:Sysmon,7,
T1212,Exploitation for Credential Access,credential-access,WinEventLog:Security,4768;4769;4770,
T1212,Exploitation for Credential Access,credential-access,WinEventLog:Sysmon,10,
T1213,Data from Information Repositories,collection,WinEventLog:Security,5145,
T1213,Data from Information Repositories,collection,m365:unified,,Accessed SharePoint files or pages
T1213.002,Sharepoint,collection,azure:signinlogs,,"UserLogin, ConditionalAccessPolicyEvaluated"
T1213.002,Sharepoint,collection,m365:sharepoint,,Multiple file download operations on a site by a privileged account in a short t
T1213.002,Sharepoint,collection,m365:unified,,"FileAccessed, FileDownloaded, SearchQueried"
T1213.006,Databases,collection,WinEventLog:Security,4688,
T1213.006,Databases,collection,WinEventLog:Sysmon,11,
T1213.006,Databases,collection,WinEventLog:Sysmon,3;22,
T1216,System Script Proxy Execution,stealth,WinEventLog:PowerShell,4103;4104;4105;4106,
T1216,System Script Proxy Execution,stealth,WinEventLog:Sysmon,1,
T1216,System Script Proxy Execution,stealth,WinEventLog:Sysmon,10,
T1216,System Script Proxy Execution,stealth,WinEventLog:Sysmon,11,
T1216,System Script Proxy Execution,stealth,WinEventLog:Sysmon,7,
T1216.001,PubPrn,stealth,WinEventLog:PowerShell,4103;4104;4105;4106,
T1216.001,PubPrn,stealth,WinEventLog:Sysmon,1,
T1216.001,PubPrn,stealth,WinEventLog:Sysmon,3;22,
T1216.001,PubPrn,stealth,WinEventLog:Sysmon,7,
T1216.002,SyncAppvPublishingServer,stealth,WinEventLog:PowerShell,4103;4104;4105;4106,
T1216.002,SyncAppvPublishingServer,stealth,WinEventLog:Sysmon,1,
T1216.002,SyncAppvPublishingServer,stealth,WinEventLog:Sysmon,10,
T1216.002,SyncAppvPublishingServer,stealth,WinEventLog:Sysmon,7,
T1217,Browser Information Discovery,discovery,WinEventLog:PowerShell,4103;4104;4105;4106,
T1217,Browser Information Discovery,discovery,WinEventLog:Sysmon,1,
T1217,Browser Information Discovery,discovery,WinEventLog:Sysmon,11,
T1218,System Binary Proxy Execution,stealth,WinEventLog:Sysmon,1,
T1218,System Binary Proxy Execution,stealth,WinEventLog:Sysmon,3;22,
T1218,System Binary Proxy Execution,stealth,WinEventLog:Sysmon,7,
T1218.001,Compiled HTML File,stealth,WinEventLog:Sysmon,1,
T1218.001,Compiled HTML File,stealth,WinEventLog:Sysmon,11,
T1218.001,Compiled HTML File,stealth,WinEventLog:Sysmon,3;22,
T1218.001,Compiled HTML File,stealth,WinEventLog:Sysmon,7,
T1218.002,Control Panel,stealth,WinEventLog:Sysmon,1,
T1218.002,Control Panel,stealth,WinEventLog:Sysmon,11,
T1218.002,Control Panel,stealth,WinEventLog:Sysmon,12,
T1218.002,Control Panel,stealth,WinEventLog:Sysmon,7,
T1218.003,CMSTP,stealth,WinEventLog:PowerShell,4103;4104;4105;4106,
T1218.003,CMSTP,stealth,WinEventLog:Sysmon,1,
T1218.003,CMSTP,stealth,WinEventLog:Sysmon,10,
T1218.003,CMSTP,stealth,WinEventLog:Sysmon,11,
T1218.003,CMSTP,stealth,WinEventLog:Sysmon,12,
T1218.003,CMSTP,stealth,WinEventLog:Sysmon,13;14,
T1218.003,CMSTP,stealth,WinEventLog:Sysmon,3;22,
T1218.004,InstallUtil,stealth,WinEventLog:PowerShell,4103;4104;4105;4106,
T1218.004,InstallUtil,stealth,WinEventLog:Sysmon,1,
T1218.004,InstallUtil,stealth,WinEventLog:Sysmon,11,
T1218.004,InstallUtil,stealth,WinEventLog:Sysmon,7,
T1218.005,Mshta,stealth,WinEventLog:Security,4688,
T1218.005,Mshta,stealth,WinEventLog:Sysmon,11,
T1218.005,Mshta,stealth,WinEventLog:Sysmon,3;22,
T1218.007,Msiexec,stealth,WinEventLog:Security,4688,
T1218.007,Msiexec,stealth,WinEventLog:Sysmon,3;22,
T1218.007,Msiexec,stealth,WinEventLog:Sysmon,7,
T1218.008,Odbcconf,stealth,WinEventLog:Security,4688,
T1218.008,Odbcconf,stealth,WinEventLog:Sysmon,3;22,
T1218.008,Odbcconf,stealth,WinEventLog:Sysmon,7,
T1218.009,Regsvcs/Regasm,stealth,WinEventLog:PowerShell,4103;4104;4105;4106,
T1218.009,Regsvcs/Regasm,stealth,WinEventLog:Security,4688,
T1218.009,Regsvcs/Regasm,stealth,WinEventLog:Sysmon,11,
T1218.009,Regsvcs/Regasm,stealth,WinEventLog:Sysmon,12,
T1218.009,Regsvcs/Regasm,stealth,WinEventLog:Sysmon,13;14,
T1218.009,Regsvcs/Regasm,stealth,WinEventLog:Sysmon,3;22,
T1218.009,Regsvcs/Regasm,stealth,WinEventLog:Sysmon,7,
T1218.010,Regsvr32,stealth,WinEventLog:Security,4688,
T1218.010,Regsvr32,stealth,WinEventLog:Sysmon,3;22,
T1218.010,Regsvr32,stealth,WinEventLog:Sysmon,7,
T1218.011,Rundll32,stealth,WinEventLog:Sysmon,1,
T1218.011,Rundll32,stealth,WinEventLog:Sysmon,11,
T1218.011,Rundll32,stealth,WinEventLog:Sysmon,3;22,
T1218.011,Rundll32,stealth,WinEventLog:Sysmon,7,
T1218.012,Verclsid,stealth,WinEventLog:Sysmon,1,
T1218.012,Verclsid,stealth,WinEventLog:Sysmon,13;14,
T1218.012,Verclsid,stealth,WinEventLog:Sysmon,3;22,
T1218.012,Verclsid,stealth,WinEventLog:Sysmon,7,
T1218.013,Mavinject,stealth,WinEventLog:PowerShell,4103;4104;4105;4106,
T1218.013,Mavinject,stealth,WinEventLog:Security,4688,
T1218.013,Mavinject,stealth,WinEventLog:Sysmon,10,
T1218.013,Mavinject,stealth,WinEventLog:Sysmon,11,
T1218.013,Mavinject,stealth,WinEventLog:Sysmon,3;22,
T1218.013,Mavinject,stealth,WinEventLog:Sysmon,7,
T1218.014,MMC,stealth,WinEventLog:Microsoft-Windows-COM/Operational,,CLSID activation events where ProcessName=mmc.exe and CLSID not in allowed basel
T1218.014,MMC,stealth,WinEventLog:PowerShell,4103;4104;4105;4106,
T1218.014,MMC,stealth,WinEventLog:Sysmon,1,
T1218.014,MMC,stealth,WinEventLog:Sysmon,11,
T1218.014,MMC,stealth,WinEventLog:Sysmon,12,
T1218.014,MMC,stealth,WinEventLog:Sysmon,13;14,
T1218.014,MMC,stealth,WinEventLog:Sysmon,3;22,
T1218.014,MMC,stealth,WinEventLog:Sysmon,7,
T1218.015,Electron Applications,stealth,WinEventLog:Sysmon,1,
T1218.015,Electron Applications,stealth,WinEventLog:Sysmon,11,
T1218.015,Electron Applications,stealth,WinEventLog:Sysmon,3;22,
T1218.015,Electron Applications,stealth,WinEventLog:Sysmon,7,
T1219,Remote Access Tools,command-and-control,WinEventLog:Sysmon,1,
T1219,Remote Access Tools,command-and-control,WinEventLog:Sysmon,11,
T1219,Remote Access Tools,command-and-control,WinEventLog:Sysmon,12,
T1219,Remote Access Tools,command-and-control,WinEventLog:Sysmon,13;14,
T1219,Remote Access Tools,command-and-control,WinEventLog:Sysmon,3;22,
T1219,Remote Access Tools,command-and-control,WinEventLog:System,7045,
T1219.001,IDE Tunneling,command-and-control,NSM:Flow,,Outbound connection to *.tunnels.api.visualstudio.com or *.devtunnels.ms
T1219.001,IDE Tunneling,command-and-control,WinEventLog:Sysmon,1,
T1219.001,IDE Tunneling,command-and-control,WinEventLog:Sysmon,11,
T1219.002,Remote Desktop Software,command-and-control,WinEventLog:Microsoft-Windows-Windows Firewall With Advanced Security/Firewall,,new rule allowing inbound or outbound connections for remote desktop software
T1219.002,Remote Desktop Software,command-and-control,WinEventLog:Sysmon,11,
T1219.002,Remote Desktop Software,command-and-control,WinEventLog:Sysmon,3;22,
T1219.003,Remote Access Hardware,command-and-control,WinEventLog:System,2003,
T1220,XSL Script Processing,stealth,WinEventLog:Sysmon,1,
T1220,XSL Script Processing,stealth,WinEventLog:Sysmon,7,
T1221,Template Injection,stealth,WinEventLog:Sysmon,1,
T1221,Template Injection,stealth,WinEventLog:Sysmon,3;22,
T1222,File and Directory Permissions Modification,defense-impairment,WinEventLog:PowerShell,4103;4104;4105;4106,
T1222,File and Directory Permissions Modification,defense-impairment,WinEventLog:Security,4663;4670;4656,
T1222,File and Directory Permissions Modification,defense-impairment,WinEventLog:Security,4688,
T1222,File and Directory Permissions Modification,defense-impairment,WinEventLog:Sysmon,11,
T1222.001,Windows Permissions,defense-impairment,WinEventLog:PowerShell,4103;4104;4105;4106,
T1222.001,Windows Permissions,defense-impairment,WinEventLog:Security,4663;4656;4658,
T1222.001,Windows Permissions,defense-impairment,WinEventLog:Security,4663;4670;4656,
T1222.001,Windows Permissions,defense-impairment,WinEventLog:Security,4688,
T1222.001,Windows Permissions,defense-impairment,WinEventLog:Sysmon,11,
T1222.001,Windows Permissions,defense-impairment,WinEventLog:WMI,5857;5858;5860;5861,
T1480,Execution Guardrails,stealth,WinEventLog:PowerShell,4103;4104;4105;4106,
T1480,Execution Guardrails,stealth,WinEventLog:Security,4624;4648,
T1480,Execution Guardrails,stealth,WinEventLog:Security,4648,
T1480,Execution Guardrails,stealth,WinEventLog:Security,4688,
T1480,Execution Guardrails,stealth,WinEventLog:Sysmon,11,
T1480,Execution Guardrails,stealth,WinEventLog:Sysmon,13;14,
T1480,Execution Guardrails,stealth,WinEventLog:Sysmon,3;22,
T1480,Execution Guardrails,stealth,WinEventLog:Sysmon,7,
T1480,Execution Guardrails,stealth,WinEventLog:Sysmon,8,
T1480,Execution Guardrails,stealth,WinEventLog:WMI,5857;5858;5860;5861,
T1480.001,Environmental Keying,stealth,WinEventLog:PowerShell,4103;4104;4105;4106,
T1480.001,Environmental Keying,stealth,WinEventLog:Security,4624;4648,
T1480.001,Environmental Keying,stealth,WinEventLog:Sysmon,1,
T1480.001,Environmental Keying,stealth,WinEventLog:Sysmon,25,
T1480.001,Environmental Keying,stealth,WinEventLog:Sysmon,3;22,
T1480.001,Environmental Keying,stealth,WinEventLog:Sysmon,7,
T1480.001,Environmental Keying,stealth,WinEventLog:WMI,5857;5858;5860;5861,
T1480.002,Mutual Exclusion,stealth,WinEventLog:Sysmon,1,
T1480.002,Mutual Exclusion,stealth,WinEventLog:Sysmon,11,
T1482,Domain Trust Discovery,discovery,WinEventLog:PowerShell,,Get-ADTrust|GetAllTrustRelationships
T1482,Domain Trust Discovery,discovery,WinEventLog:Security,4662,
T1482,Domain Trust Discovery,discovery,WinEventLog:Sysmon,1,
T1482,Domain Trust Discovery,discovery,WinEventLog:Sysmon,10,
T1482,Domain Trust Discovery,discovery,WinEventLog:Sysmon,7,
T1484,Domain or Tenant Policy Modification,defense-impairment;privilege-escalation,WinEventLog:Security,4663;4670;4656,
T1484,Domain or Tenant Policy Modification,defense-impairment;privilege-escalation,WinEventLog:Security,5136,
T1484,Domain or Tenant Policy Modification,defense-impairment;privilege-escalation,WinEventLog:Sysmon,1,
T1484.001,Group Policy Modification,defense-impairment;privilege-escalation,WinEventLog:Security,4663;4670;4656,
T1484.001,Group Policy Modification,defense-impairment;privilege-escalation,WinEventLog:Security,4704,
T1484.001,Group Policy Modification,defense-impairment;privilege-escalation,WinEventLog:Security,5136,
T1484.001,Group Policy Modification,defense-impairment;privilege-escalation,WinEventLog:Sysmon,1,
T1484.001,Group Policy Modification,defense-impairment;privilege-escalation,WinEventLog:Sysmon,11,
T1484.002,Trust Modification,defense-impairment;privilege-escalation,WinEventLog:Security,4704,
T1484.002,Trust Modification,defense-impairment;privilege-escalation,WinEventLog:Security,5136,
T1484.002,Trust Modification,defense-impairment;privilege-escalation,WinEventLog:Sysmon,1,
T1485,Data Destruction,impact,WinEventLog:Sysmon,1,
T1485,Data Destruction,impact,WinEventLog:Sysmon,11,
T1485,Data Destruction,impact,WinEventLog:Sysmon,23,
T1486,Data Encrypted for Impact,impact,WinEventLog:Sysmon,1,
T1486,Data Encrypted for Impact,impact,WinEventLog:Sysmon,11,
T1486,Data Encrypted for Impact,impact,WinEventLog:Sysmon,2,
T1489,Service Stop,impact,WinEventLog:Security,4672,
T1489,Service Stop,impact,WinEventLog:Sysmon,1,
T1489,Service Stop,impact,WinEventLog:Sysmon,4,
T1489,Service Stop,impact,WinEventLog:System,7036,
T1490,Inhibit System Recovery,impact,WinEventLog:Microsoft-Windows-Backup,,Windows Backup Catalog deletion or catalog corruption
T1490,Inhibit System Recovery,impact,WinEventLog:Sysmon,1,
T1490,Inhibit System Recovery,impact,WinEventLog:Sysmon,13;14,
T1490,Inhibit System Recovery,impact,WinEventLog:System,,Service stopped or RecoveryDisabled set via REAgentC
T1491,Defacement,impact,WinEventLog:Application,,Unexpected web application errors or CMS logs showing modification to index.html
T1491,Defacement,impact,WinEventLog:Security,4663;4670;4656,
T1491,Defacement,impact,WinEventLog:Sysmon,1,
T1491.001,Internal Defacement,impact,WinEventLog:Security,4663;4670;4656,
T1491.001,Internal Defacement,impact,WinEventLog:Sysmon,1,
T1491.001,Internal Defacement,impact,WinEventLog:Sysmon,11,
T1491.001,Internal Defacement,impact,WinEventLog:Sysmon,2,
T1491.002,External Defacement,impact,NSM:Connections,,Unusual POST requests to admin or upload endpoints
T1491.002,External Defacement,impact,WinEventLog:Security,4663;4670;4656,
T1491.002,External Defacement,impact,WinEventLog:Sysmon,1,
T1495,Firmware Corruption,impact,WinEventLog:Microsoft-Windows-Kernel-Boot,,Firmware integrity validation failed or boot configuration tampered
T1495,Firmware Corruption,impact,WinEventLog:Security,4688,
T1495,Firmware Corruption,impact,WinEventLog:Sysmon,6,
T1496,Resource Hijacking,impact,WinEventLog:Sysmon,1,
T1496,Resource Hijacking,impact,WinEventLog:Sysmon,3;22,
T1496,Resource Hijacking,impact,Windows:perfmon,,High sustained CPU usage by a single process
T1496.001,Compute Hijacking,impact,WinEventLog:Security,4698,
T1496.001,Compute Hijacking,impact,WinEventLog:Sysmon,1,
T1496.001,Compute Hijacking,impact,WinEventLog:Sysmon,3;22,
T1496.002,Bandwidth Hijacking,impact,WinEventLog:Sysmon,1,
T1496.002,Bandwidth Hijacking,impact,WinEventLog:Sysmon,3;22,
T1497,Virtualization/Sandbox Evasion,stealth;discovery,WinEventLog:Sysmon,1,
T1497,Virtualization/Sandbox Evasion,stealth;discovery,WinEventLog:Sysmon,7,
T1497.001,System Checks,stealth;discovery,WinEventLog:Sysmon,1,
T1497.001,System Checks,stealth;discovery,WinEventLog:Sysmon,10,
T1497.001,System Checks,stealth;discovery,WinEventLog:Sysmon,7,
T1497.002,User Activity Based Checks,stealth;discovery,WinEventLog:Security,4800;4801,
T1497.002,User Activity Based Checks,stealth;discovery,WinEventLog:Sysmon,1,
T1497.002,User Activity Based Checks,stealth;discovery,WinEventLog:Sysmon,10,
T1497.003,Time Based Checks,stealth;discovery,WinEventLog:Sysmon,1,
T1497.003,Time Based Checks,stealth;discovery,WinEventLog:Sysmon,7,
T1498,Network Denial of Service,impact,WinEventLog:Sysmon,1,
T1498,Network Denial of Service,impact,WinEventLog:Sysmon,3;22,
T1498.001,Direct Network Flood,impact,WinEventLog:Security,4688,
T1498.001,Direct Network Flood,impact,WinEventLog:Sysmon,3;22,
T1498.002,Reflection Amplification,impact,WinEventLog:Sysmon,3;22,
T1498.002,Reflection Amplification,impact,Windows:perfmon,,Sudden spike in outbound throughput without corresponding inbound traffic
T1499,Endpoint Denial of Service,impact,WinEventLog:Application,,"Service crash, unhandled exception, or application hang warnings for critical se"
T1499,Endpoint Denial of Service,impact,WinEventLog:Sysmon,1,
T1499,Endpoint Denial of Service,impact,WinEventLog:System,,System shutdowns due to bugcheck (Event ID 1001) or watchdog timer expirations
T1499.001,OS Exhaustion Flood,impact,NSM:Firewall,,High rate of inbound TCP SYN or ACK packets with missing 3-way handshake complet
T1499.001,OS Exhaustion Flood,impact,WinEventLog:Microsoft-Windows-TCPIP,,Connection queue overflow or failure to allocate TCP state object
T1499.001,OS Exhaustion Flood,impact,WinEventLog:Sysmon,1,
T1499.002,Service Exhaustion Flood,impact,WinEventLog:Application,,"Unexpected spikes in request volume, application-level errors, or thread pool ex"
T1499.002,Service Exhaustion Flood,impact,WinEventLog:Sysmon,3;22,
T1499.002,Service Exhaustion Flood,impact,Windows:perfmon,,"Sustained CPU/memory exhaustion by service process (e.g., w3wp.exe)"
T1499.003,Application Exhaustion Flood,impact,WinEventLog:Application,,High-frequency errors or hangs from resource-intensive application components (e
T1499.003,Application Exhaustion Flood,impact,WinEventLog:Sysmon,1,
T1499.003,Application Exhaustion Flood,impact,Windows:perfmon,,Sudden spikes in CPU/Memory usage linked to specific application processes
T1499.004,Application or System Exploitation,impact,WinEventLog:Application,1000,
T1499.004,Application or System Exploitation,impact,WinEventLog:Sysmon,1,
T1499.004,Application or System Exploitation,impact,WinEventLog:System,7031;7034,
T1505,Server Software Component,persistence,WinEventLog:Application,,Unusual DLL/plugin registration for IIS/SQL/Apache or unexpected error logs
T1505,Server Software Component,persistence,WinEventLog:Security,4698,
T1505,Server Software Component,persistence,WinEventLog:Sysmon,1,
T1505.001,SQL Stored Procedures,persistence,WinEventLog:Application,,"CLR Assembly creation, loading, or modification logs via MSSQL CLR integration"
T1505.001,SQL Stored Procedures,persistence,WinEventLog:Application,,"Stored procedure creation, modification, or xp_cmdshell invocation via SQL logs "
T1505.001,SQL Stored Procedures,persistence,WinEventLog:Sysmon,1,
T1505.002,Transport Agent,persistence,WinEventLog:Application,,Exchange Transport Service loads unusual .NET assembly or errors upon transport 
T1505.002,Transport Agent,persistence,WinEventLog:PowerShell,4103;4104;4105;4106,
T1505.002,Transport Agent,persistence,WinEventLog:Sysmon,1,
T1505.002,Transport Agent,persistence,WinEventLog:Sysmon,11,
T1505.002,Transport Agent,persistence,WinEventLog:Sysmon,7,
T1505.003,Web Shell,persistence,NSM:Flow,,Inbound HTTP POST with suspicious payload size or user-agent
T1505.003,Web Shell,persistence,WinEventLog:Security,4624;4648,
T1505.003,Web Shell,persistence,WinEventLog:Sysmon,1,
T1505.003,Web Shell,persistence,WinEventLog:Sysmon,11,
T1505.004,IIS Components,persistence,WinEventLog:Microsoft-IIS-Configuration,,Module or ISAPI filter registration events
T1505.004,IIS Components,persistence,WinEventLog:Security,4663;4670;4656,
T1505.004,IIS Components,persistence,WinEventLog:Sysmon,1,
T1505.004,IIS Components,persistence,WinEventLog:Sysmon,11,
T1505.004,IIS Components,persistence,WinEventLog:Sysmon,7,
T1505.004,IIS Components,persistence,WinEventLog:System,,Changes to applicationhost.config or DLLs loaded by w3wp.exe
T1505.005,Terminal Services DLL,persistence,WinEventLog:Security,4657,
T1505.005,Terminal Services DLL,persistence,WinEventLog:Sysmon,1,
T1505.005,Terminal Services DLL,persistence,WinEventLog:Sysmon,11,
T1505.005,Terminal Services DLL,persistence,WinEventLog:Sysmon,7,
T1518,Software Discovery,discovery,WinEventLog:PowerShell,,Execution of 'Get-WmiObject Win32_Product' or similar PowerShell cmdlets
T1518,Software Discovery,discovery,WinEventLog:Security,4688,
T1518.001,Security Software Discovery,discovery,WinEventLog:Security,4688,
T1518.001,Security Software Discovery,discovery,WinEventLog:Sysmon,7,
T1518.002,Backup Software Discovery,discovery,WinEventLog:Security,4688,
T1518.002,Backup Software Discovery,discovery,WinEventLog:Sysmon,11,
T1518.002,Backup Software Discovery,discovery,WinEventLog:Sysmon,13;14,
T1529,System Shutdown/Reboot,impact,WinEventLog:Security,1074,
T1529,System Shutdown/Reboot,impact,WinEventLog:Sysmon,1,
T1531,Account Access Removal,impact,WinEventLog:Security,4723;4724;4740,
T1531,Account Access Removal,impact,WinEventLog:Sysmon,1,
T1534,Internal Spearphishing,lateral-movement,WinEventLog:Security,4624;4648,
T1534,Internal Spearphishing,lateral-movement,WinEventLog:Security,4625,
T1534,Internal Spearphishing,lateral-movement,WinEventLog:Security,4672,
T1534,Internal Spearphishing,lateral-movement,WinEventLog:Sysmon,1,
T1534,Internal Spearphishing,lateral-movement,m365:unified,,"SendOnBehalf, MessageSend, ClickThrough, MailItemsAccessed"
T1539,Steal Web Session Cookie,credential-access,WinEventLog:Security,4688,
T1539,Steal Web Session Cookie,credential-access,WinEventLog:Sysmon,10,
T1539,Steal Web Session Cookie,credential-access,WinEventLog:Sysmon,2,
T1542,Pre-OS Boot,stealth;persistence,WinEventLog:Security,4688,
T1542,Pre-OS Boot,stealth;persistence,WinEventLog:Sysmon,11,
T1542,Pre-OS Boot,stealth;persistence,WinEventLog:Sysmon,9,
T1542.001,System Firmware,stealth;persistence,WinEventLog:Security,4688,
T1542.001,System Firmware,stealth;persistence,WinEventLog:Sysmon,11,
T1542.001,System Firmware,stealth;persistence,WinEventLog:Sysmon,9,
T1542.002,Component Firmware,stealth;persistence,WinEventLog:Sysmon,6,
T1542.002,Component Firmware,stealth;persistence,firmware:integrity ,,Firmware integrity verification failures or mismatches against expected UEFI/fir
T1542.003,Bootkit,stealth;persistence,WinEventLog:Sysmon,11,
T1542.003,Bootkit,stealth;persistence,WinEventLog:Sysmon,9,
T1543,Create or Modify System Process,persistence;privilege-escalation,WinEventLog:Security,4697,
T1543,Create or Modify System Process,persistence;privilege-escalation,WinEventLog:Sysmon,1,
T1543,Create or Modify System Process,persistence;privilege-escalation,WinEventLog:Sysmon,13;14,
T1543.003,Windows Service,persistence;privilege-escalation,WinEventLog:Security,4697,
T1543.003,Windows Service,persistence;privilege-escalation,WinEventLog:Sysmon,1,
T1543.003,Windows Service,persistence;privilege-escalation,WinEventLog:Sysmon,13;14,
T1543.003,Windows Service,persistence;privilege-escalation,WinEventLog:Sysmon,6,
T1546,Event Triggered Execution,privilege-escalation;persistence,WinEventLog:Security,4657,
T1546,Event Triggered Execution,privilege-escalation;persistence,WinEventLog:Security,4698,
T1546,Event Triggered Execution,privilege-escalation;persistence,WinEventLog:Sysmon,1,
T1546,Event Triggered Execution,privilege-escalation;persistence,WinEventLog:WMI,,"Creation or modification of __EventFilter, __FilterToConsumerBinding, or Command"
T1546.001,Change Default File Association,privilege-escalation;persistence,WinEventLog:Security,4672,
T1546.001,Change Default File Association,privilege-escalation;persistence,WinEventLog:Sysmon,1,
T1546.001,Change Default File Association,privilege-escalation;persistence,WinEventLog:Sysmon,13;14,
T1546.002,Screensaver,privilege-escalation;persistence,WinEventLog:Security,4688,
T1546.002,Screensaver,privilege-escalation;persistence,WinEventLog:Sysmon,13;14,
T1546.003,Windows Management Instrumentation Event Subscription,privilege-escalation;persistence,WinEventLog:Sysmon,1,
T1546.003,Windows Management Instrumentation Event Subscription,privilege-escalation;persistence,WinEventLog:Sysmon,7,
T1546.003,Windows Management Instrumentation Event Subscription,privilege-escalation;persistence,WinEventLog:WMI,5857;5858;5860;5861,
T1546.007,Netsh Helper DLL,privilege-escalation;persistence,WinEventLog:Security,4657,
T1546.007,Netsh Helper DLL,privilege-escalation;persistence,WinEventLog:Sysmon,1,
T1546.007,Netsh Helper DLL,privilege-escalation;persistence,WinEventLog:Sysmon,7,
T1546.008,Accessibility Features,privilege-escalation;persistence,WinEventLog:Sysmon,1,
T1546.008,Accessibility Features,privilege-escalation;persistence,WinEventLog:Sysmon,11,
T1546.008,Accessibility Features,privilege-escalation;persistence,WinEventLog:Sysmon,13;14,
T1546.008,Accessibility Features,privilege-escalation;persistence,WinEventLog:Sysmon,15,
T1546.009,AppCert DLLs,privilege-escalation;persistence,WinEventLog:Security,4657,
T1546.009,AppCert DLLs,privilege-escalation;persistence,WinEventLog:Sysmon,1,
T1546.009,AppCert DLLs,privilege-escalation;persistence,WinEventLog:Sysmon,7,
T1546.010,AppInit DLLs,privilege-escalation;persistence,WinEventLog:Sysmon,1,
T1546.010,AppInit DLLs,privilege-escalation;persistence,WinEventLog:Sysmon,13;14,
T1546.010,AppInit DLLs,privilege-escalation;persistence,WinEventLog:Sysmon,7,
T1546.011,Application Shimming,privilege-escalation;persistence,WinEventLog:Security,4657,
T1546.011,Application Shimming,privilege-escalation;persistence,WinEventLog:Sysmon,1,
T1546.011,Application Shimming,privilege-escalation;persistence,WinEventLog:Sysmon,11,
T1546.011,Application Shimming,privilege-escalation;persistence,WinEventLog:Sysmon,7,
T1546.012,Image File Execution Options Injection,privilege-escalation;persistence,WinEventLog:Security,4657,
T1546.012,Image File Execution Options Injection,privilege-escalation;persistence,WinEventLog:Sysmon,1,
T1546.012,Image File Execution Options Injection,privilege-escalation;persistence,WinEventLog:Sysmon,10,
T1546.012,Image File Execution Options Injection,privilege-escalation;persistence,WinEventLog:Sysmon,12,
T1546.013,PowerShell Profile,privilege-escalation;persistence,WinEventLog:PowerShell,,Execution of PowerShell without -NoProfile flag
T1546.013,PowerShell Profile,privilege-escalation;persistence,WinEventLog:Sysmon,1,
T1546.013,PowerShell Profile,privilege-escalation;persistence,WinEventLog:Sysmon,11,
T1546.013,PowerShell Profile,privilege-escalation;persistence,WinEventLog:Sysmon,2,
T1546.015,Component Object Model Hijacking,privilege-escalation;persistence,WinEventLog:Security,4657,
T1546.015,Component Object Model Hijacking,privilege-escalation;persistence,WinEventLog:Sysmon,1,
T1546.015,Component Object Model Hijacking,privilege-escalation;persistence,WinEventLog:Sysmon,7,
T1546.016,Installer Packages,privilege-escalation;persistence,WinEventLog:Sysmon,1,
T1546.016,Installer Packages,privilege-escalation;persistence,WinEventLog:Sysmon,11,
T1547,Boot or Logon Autostart Execution,persistence;privilege-escalation,WinEventLog:Security,4688,
T1547,Boot or Logon Autostart Execution,persistence;privilege-escalation,WinEventLog:Sysmon,13;14,
T1547.001,Registry Run Keys / Startup Folder,persistence;privilege-escalation,WinEventLog:Microsoft-Windows-Shell-Core,,New startup folder shortcut or binary placed in Startup directory
T1547.001,Registry Run Keys / Startup Folder,persistence;privilege-escalation,WinEventLog:Sysmon,1,
T1547.001,Registry Run Keys / Startup Folder,persistence;privilege-escalation,WinEventLog:Sysmon,13;14,
T1547.002,Authentication Package,persistence;privilege-escalation,WinEventLog:Security,4657,
T1547.002,Authentication Package,persistence;privilege-escalation,WinEventLog:Sysmon,7,
T1547.003,Time Providers,persistence;privilege-escalation,WinEventLog:Sysmon,1,
T1547.003,Time Providers,persistence;privilege-escalation,WinEventLog:Sysmon,11,
T1547.003,Time Providers,persistence;privilege-escalation,WinEventLog:Sysmon,13;14,
T1547.003,Time Providers,persistence;privilege-escalation,WinEventLog:Sysmon,7,
T1547.004,Winlogon Helper DLL,persistence;privilege-escalation,Autoruns:RegistryScan,,Enumerate Winlogon subkeys for unknown or unsigned binaries
T1547.004,Winlogon Helper DLL,persistence;privilege-escalation,WinEventLog:Security,,"modification to Winlogon registry keys such as Shell, Notify, or Userinit"
T1547.004,Winlogon Helper DLL,persistence;privilege-escalation,WinEventLog:Sysmon,1,
T1547.004,Winlogon Helper DLL,persistence;privilege-escalation,WinEventLog:Sysmon,7,
T1547.005,Security Support Provider,persistence;privilege-escalation,WinEventLog:Security,4657,
T1547.005,Security Support Provider,persistence;privilege-escalation,WinEventLog:Sysmon,1,
T1547.005,Security Support Provider,persistence;privilege-escalation,WinEventLog:Sysmon,7,
T1547.008,LSASS Driver,persistence;privilege-escalation,WinEventLog:Security,3033,
T1547.008,LSASS Driver,persistence;privilege-escalation,WinEventLog:Sysmon,11,
T1547.008,LSASS Driver,persistence;privilege-escalation,WinEventLog:Sysmon,12,
T1547.008,LSASS Driver,persistence;privilege-escalation,WinEventLog:Sysmon,13;14,
T1547.008,LSASS Driver,persistence;privilege-escalation,WinEventLog:Sysmon,2,
T1547.008,LSASS Driver,persistence;privilege-escalation,WinEventLog:Sysmon,6,
T1547.009,Shortcut Modification,persistence;privilege-escalation,WinEventLog:Sysmon,1,
T1547.009,Shortcut Modification,persistence;privilege-escalation,WinEventLog:Sysmon,11,
T1547.009,Shortcut Modification,persistence;privilege-escalation,WinEventLog:Sysmon,15,
T1547.009,Shortcut Modification,persistence;privilege-escalation,WinEventLog:Sysmon,2,
T1547.010,Port Monitors,persistence;privilege-escalation,WinEventLog:Application,,API call to AddMonitor invoked by non-installer process
T1547.010,Port Monitors,persistence;privilege-escalation,WinEventLog:Sysmon,1,
T1547.010,Port Monitors,persistence;privilege-escalation,WinEventLog:Sysmon,11,
T1547.010,Port Monitors,persistence;privilege-escalation,WinEventLog:Sysmon,13,
T1547.010,Port Monitors,persistence;privilege-escalation,WinEventLog:Sysmon,7,
T1547.012,Print Processors,persistence;privilege-escalation,WinEventLog:Sysmon,10,
T1547.012,Print Processors,persistence;privilege-escalation,WinEventLog:Sysmon,11,
T1547.012,Print Processors,persistence;privilege-escalation,WinEventLog:Sysmon,13;14,
T1547.012,Print Processors,persistence;privilege-escalation,WinEventLog:Sysmon,7,
T1547.014,Active Setup,persistence;privilege-escalation,WinEventLog:Security,4672,
T1547.014,Active Setup,persistence;privilege-escalation,WinEventLog:Security,4688,
T1547.014,Active Setup,persistence;privilege-escalation,WinEventLog:Sysmon,12,
T1547.014,Active Setup,persistence;privilege-escalation,WinEventLog:Sysmon,13;14,
T1548,Abuse Elevation Control Mechanism,privilege-escalation,WinEventLog:Security,4672,
T1548,Abuse Elevation Control Mechanism,privilege-escalation,WinEventLog:Security,4688,
T1548,Abuse Elevation Control Mechanism,privilege-escalation,WinEventLog:Sysmon,13;14,
T1548.002,Bypass User Account Control,privilege-escalation,WinEventLog:Security,4672,
T1548.002,Bypass User Account Control,privilege-escalation,WinEventLog:Security,4688,
T1548.002,Bypass User Account Control,privilege-escalation,WinEventLog:Sysmon,10,
T1548.002,Bypass User Account Control,privilege-escalation,WinEventLog:Sysmon,13;14,
T1548.002,Bypass User Account Control,privilege-escalation,WinEventLog:Sysmon,7,
T1550,Use Alternate Authentication Material,lateral-movement,WinEventLog:Security,4624;4648,
T1550,Use Alternate Authentication Material,lateral-movement,WinEventLog:Sysmon,1,
T1550.002,Pass the Hash,lateral-movement,WinEventLog:Security,4624;4648,
T1550.002,Pass the Hash,lateral-movement,WinEventLog:Security,4768,
T1550.002,Pass the Hash,lateral-movement,WinEventLog:Sysmon,1,
T1550.002,Pass the Hash,lateral-movement,WinEventLog:Sysmon,3;22,
T1550.003,Pass the Ticket,lateral-movement,WinEventLog:Security,4624;4648,
T1550.003,Pass the Ticket,lateral-movement,WinEventLog:Security,4768,
T1550.003,Pass the Ticket,lateral-movement,WinEventLog:Security,4769,
T1550.003,Pass the Ticket,lateral-movement,WinEventLog:Sysmon,10,
T1550.003,Pass the Ticket,lateral-movement,WinEventLog:Sysmon,7,
T1552,Unsecured Credentials,credential-access,WinEventLog:Security,4688,
T1552,Unsecured Credentials,credential-access,WinEventLog:Sysmon,11,
T1552,Unsecured Credentials,credential-access,WinEventLog:Sysmon,13;14,
T1552.001,Credentials In Files,credential-access,WinEventLog:Security,4624;4648,
T1552.001,Credentials In Files,credential-access,WinEventLog:Sysmon,1,
T1552.001,Credentials In Files,credential-access,WinEventLog:Sysmon,11,
T1552.002,Credentials in Registry,credential-access,EDR:hunting,,Behavioral rule for registry enumeration under credential-related paths
T1552.002,Credentials in Registry,credential-access,WinEventLog:Sysmon,1,
T1552.002,Credentials in Registry,credential-access,WinEventLog:Sysmon,13;14,
T1552.004,Private Keys,credential-access,WinEventLog:Security,5145,
T1552.004,Private Keys,credential-access,WinEventLog:Sysmon,1,
T1552.004,Private Keys,credential-access,WinEventLog:Sysmon,11,
T1552.006,Group Policy Preferences,credential-access,WinEventLog:PowerShell,,"Scripts with references to XML parsing, AES decryption, or gpprefdecrypt logic"
T1552.006,Group Policy Preferences,credential-access,WinEventLog:Security,5145,
T1552.006,Group Policy Preferences,credential-access,WinEventLog:Sysmon,1,
T1552.006,Group Policy Preferences,credential-access,WinEventLog:Sysmon,11,
T1553,Subvert Trust Controls,defense-impairment,WinEventLog:Security,4657,
T1553,Subvert Trust Controls,defense-impairment,WinEventLog:Sysmon,1,
T1553,Subvert Trust Controls,defense-impairment,WinEventLog:Sysmon,11,
T1553.002,Code Signing,defense-impairment,WinEventLog:Security,4688,
T1553.002,Code Signing,defense-impairment,WinEventLog:Sysmon,7,
T1553.003,SIP and Trust Provider Hijacking,defense-impairment,WinEventLog:CodeIntegrity,3033,
T1553.003,SIP and Trust Provider Hijacking,defense-impairment,WinEventLog:Security,4657,
T1553.003,SIP and Trust Provider Hijacking,defense-impairment,WinEventLog:Sysmon,7,
T1553.004,Install Root Certificate,defense-impairment,WinEventLog:Security,4657,
T1553.004,Install Root Certificate,defense-impairment,WinEventLog:Sysmon,1,
T1553.004,Install Root Certificate,defense-impairment,WinEventLog:Sysmon,12,
T1553.005,Mark-of-the-Web Bypass,defense-impairment,WinEventLog:Security,4663;4670;4656,
T1553.005,Mark-of-the-Web Bypass,defense-impairment,WinEventLog:Sysmon,11,
T1553.005,Mark-of-the-Web Bypass,defense-impairment,WinEventLog:Sysmon,15,
T1553.006,Code Signing Policy Modification,defense-impairment,WinEventLog:Security,4657,
T1553.006,Code Signing Policy Modification,defense-impairment,WinEventLog:Security,4688,
T1554,Compromise Host Software Binary,persistence,WinEventLog:Security,4688,
T1554,Compromise Host Software Binary,persistence,WinEventLog:Sysmon,11,
T1554,Compromise Host Software Binary,persistence,WinEventLog:Sysmon,2,
T1555,Credentials from Password Stores,credential-access,WinEventLog:Security,4663;4670;4656,
T1555,Credentials from Password Stores,credential-access,WinEventLog:Sysmon,1,
T1555,Credentials from Password Stores,credential-access,WinEventLog:Sysmon,10,
T1555.003,Credentials from Web Browsers,credential-access,WinEventLog:Security,4663;4670;4656,
T1555.003,Credentials from Web Browsers,credential-access,WinEventLog:Sysmon,1,
T1555.003,Credentials from Web Browsers,credential-access,WinEventLog:Sysmon,10,
T1555.004,Windows Credential Manager,credential-access,WinEventLog:Security,4688,
T1555.004,Windows Credential Manager,credential-access,WinEventLog:Sysmon,10,
T1555.004,Windows Credential Manager,credential-access,WinEventLog:Sysmon,15,
T1555.005,Password Managers,credential-access,WinEventLog:Security,4688,
T1555.005,Password Managers,credential-access,WinEventLog:Sysmon,10,
T1555.005,Password Managers,credential-access,WinEventLog:Sysmon,15,
T1556,Modify Authentication Process,defense-impairment;persistence;credential-access,WinEventLog:Security,4657,
T1556,Modify Authentication Process,defense-impairment;persistence;credential-access,WinEventLog:Sysmon,10,
T1556,Modify Authentication Process,defense-impairment;persistence;credential-access,WinEventLog:Sysmon,7,
T1556.001,Domain Controller Authentication,defense-impairment;persistence;credential-access,WinEventLog:Security,4624;4648,
T1556.001,Domain Controller Authentication,defense-impairment;persistence;credential-access,WinEventLog:Sysmon,10,
T1556.001,Domain Controller Authentication,defense-impairment;persistence;credential-access,WinEventLog:Sysmon,7,
T1556.001,Domain Controller Authentication,defense-impairment;persistence;credential-access,WinEventLog:System,,Unexpected modification to lsass.exe or cryptdll.dll
T1556.002,Password Filter DLL,defense-impairment;persistence;credential-access,WinEventLog:Security,4657,
T1556.002,Password Filter DLL,defense-impairment;persistence;credential-access,WinEventLog:Sysmon,11,
T1556.002,Password Filter DLL,defense-impairment;persistence;credential-access,WinEventLog:Sysmon,7,
T1556.005,Reversible Encryption,defense-impairment;persistence;credential-access,WinEventLog:PowerShell,4103;4104;4105;4106,
T1556.005,Reversible Encryption,defense-impairment;persistence;credential-access,WinEventLog:Security,4739,
T1556.005,Reversible Encryption,defense-impairment;persistence;credential-access,WinEventLog:Sysmon,1,
T1556.006,Multi-Factor Authentication,defense-impairment;persistence;credential-access,WinEventLog:PowerShell,,Set-ADUser or Set-ADAuthenticationPolicy with MFA attributes disabled
T1556.006,Multi-Factor Authentication,defense-impairment;persistence;credential-access,WinEventLog:Security,4739,
T1556.007,Hybrid Identity,defense-impairment;persistence;credential-access,WinEventLog:Security,,Anomalous logon without MFA enforcement
T1556.007,Hybrid Identity,defense-impairment;persistence;credential-access,WinEventLog:Security,5136,
T1556.007,Hybrid Identity,defense-impairment;persistence;credential-access,WinEventLog:Sysmon,7,
T1556.008,Network Provider DLL,defense-impairment;persistence;credential-access,WinEventLog:Security,4657,
T1556.008,Network Provider DLL,defense-impairment;persistence;credential-access,WinEventLog:Sysmon,10,
T1556.008,Network Provider DLL,defense-impairment;persistence;credential-access,WinEventLog:Sysmon,11,
T1556.008,Network Provider DLL,defense-impairment;persistence;credential-access,WinEventLog:Sysmon,7,
T1557,Adversary-in-the-Middle,credential-access;collection,WinEventLog:Security,4663;4670;4656,
T1557,Adversary-in-the-Middle,credential-access;collection,WinEventLog:Sysmon,3;22,
T1557.001,Name Resolution Poisoning and SMB Relay,credential-access;collection,NSM:Flow,,Abnormal SMB authentication attempts correlated with poisoned LLMNR/NBT-NS sessi
T1557.001,Name Resolution Poisoning and SMB Relay,credential-access;collection,NSM:Flow,,Unusual responses to LLMNR (UDP 5355) or NBT-NS (UDP 137) queries from unauthori
T1557.001,Name Resolution Poisoning and SMB Relay,credential-access;collection,WinEventLog:Security,,Registry key modification HKLM\Software\Policies\Microsoft\Windows NT\DNSClient\
T1557.001,Name Resolution Poisoning and SMB Relay,credential-access;collection,WinEventLog:Security,4697,
T1557.002,ARP Cache Poisoning,credential-access;collection,WinEventLog:Security,,ARP cache modification attempts observed through event tracing or security basel
T1557.002,ARP Cache Poisoning,credential-access;collection,WinEventLog:Sysmon,3;22,
T1557.003,DHCP Spoofing,credential-access;collection,NSM:Flow,,DHCP OFFER or ACK with unauthorized DNS/gateway parameters
T1557.003,DHCP Spoofing,credential-access;collection,WinEventLog:System,1341;1342;1020;1063,
T1558,Steal or Forge Kerberos Tickets,credential-access,WinEventLog:Security,4672;4634,
T1558,Steal or Forge Kerberos Tickets,credential-access,WinEventLog:Sysmon,10,
T1558.001,Golden Ticket,credential-access,WinEventLog:Security,4672;4634,
T1558.001,Golden Ticket,credential-access,WinEventLog:Security,4769,
T1558.001,Golden Ticket,credential-access,WinEventLog:Sysmon,10,
T1558.002,Silver Ticket,credential-access,WinEventLog:Kerberos,,Kerberos TGS-REQ anomalies without KDC validation (Silver Ticket behavior)
T1558.002,Silver Ticket,credential-access,WinEventLog:Security,4672;4634,
T1558.002,Silver Ticket,credential-access,WinEventLog:Sysmon,10,
T1558.003,Kerberoasting,credential-access,WinEventLog:Security,4624;4648,
T1558.003,Kerberoasting,credential-access,WinEventLog:Security,4672,
T1558.003,Kerberoasting,credential-access,WinEventLog:Security,4769,
T1558.003,Kerberoasting,credential-access,WinEventLog:Sysmon,10,
T1558.004,AS-REP Roasting,credential-access,WinEventLog:Security,4768,
T1558.004,AS-REP Roasting,credential-access,WinEventLog:Sysmon,1,
T1559,Inter-Process Communication,execution,WinEventLog:Security,4663;4670;4656,
T1559,Inter-Process Communication,execution,WinEventLog:Sysmon,17,
T1559.001,Component Object Model,execution,WinEventLog:Security,4663;4670;4656,
T1559.001,Component Object Model,execution,WinEventLog:Sysmon,1,
T1559.001,Component Object Model,execution,WinEventLog:Sysmon,7,
T1559.002,Dynamic Data Exchange,execution,WinEventLog:Security,4663;4670;4656,
T1559.002,Dynamic Data Exchange,execution,WinEventLog:Sysmon,1,
T1559.002,Dynamic Data Exchange,execution,WinEventLog:Sysmon,7,
T1560,Archive Collected Data,collection,WinEventLog:Security,4688,
T1560,Archive Collected Data,collection,WinEventLog:Sysmon,11,
T1560,Archive Collected Data,collection,WinEventLog:Sysmon,7,
T1560.001,Archive via Utility,collection,WinEventLog:Security,4688,
T1560.001,Archive via Utility,collection,WinEventLog:Sysmon,11,
T1560.001,Archive via Utility,collection,WinEventLog:Sysmon,7,
T1560.002,Archive via Library,collection,WinEventLog:Security,4688,
T1560.002,Archive via Library,collection,WinEventLog:Sysmon,11,
T1560.002,Archive via Library,collection,WinEventLog:Sysmon,7,
T1560.003,Archive via Custom Method,collection,WinEventLog:Security,4688,
T1560.003,Archive via Custom Method,collection,WinEventLog:Sysmon,10,
T1560.003,Archive via Custom Method,collection,WinEventLog:Sysmon,11,
T1561,Disk Wipe,impact,WinEventLog:Security,4673,
T1561,Disk Wipe,impact,WinEventLog:Sysmon,,Raw disk write access via \\.\PhysicalDrive* or \\.\C:
T1561,Disk Wipe,impact,WinEventLog:Sysmon,6,
T1561.001,Disk Content Wipe,impact,WinEventLog:Security,4673,
T1561.001,Disk Content Wipe,impact,WinEventLog:Sysmon,,Raw disk writes targeting \\.\PhysicalDrive* or MBR locations
T1561.001,Disk Content Wipe,impact,WinEventLog:Sysmon,6,
T1561.002,Disk Structure Wipe,impact,WinEventLog:Security,4673,
T1561.002,Disk Structure Wipe,impact,WinEventLog:Sysmon,,Raw write attempts targeting \\.\PhysicalDrive0 or sector 0 (MBR/partition table
T1561.002,Disk Structure Wipe,impact,WinEventLog:Sysmon,6,
T1563,Remote Service Session Hijacking,lateral-movement,WinEventLog:Security,4624;4648,
T1563,Remote Service Session Hijacking,lateral-movement,WinEventLog:Sysmon,1,
T1563,Remote Service Session Hijacking,lateral-movement,WinEventLog:Sysmon,3;22,
T1563.002,RDP Hijacking,lateral-movement,WinEventLog:Security,4624;4648,
T1563.002,RDP Hijacking,lateral-movement,WinEventLog:Sysmon,1,
T1563.002,RDP Hijacking,lateral-movement,WinEventLog:Sysmon,3;22,
T1563.002,RDP Hijacking,lateral-movement,WinEventLog:System,7045,
T1564,Hide Artifacts,stealth,WinEventLog:Sysmon,1,
T1564,Hide Artifacts,stealth,WinEventLog:Sysmon,11,
T1564,Hide Artifacts,stealth,WinEventLog:Sysmon,13;14,
T1564.001,Hidden Files and Directories,stealth,WinEventLog:Sysmon,1,
T1564.001,Hidden Files and Directories,stealth,WinEventLog:Sysmon,11,
T1564.002,Hidden Users,stealth,WinEventLog:Security,4720,
T1564.002,Hidden Users,stealth,WinEventLog:Sysmon,13;14,
T1564.003,Hidden Window,stealth,WinEventLog:Sysmon,1,
T1564.003,Hidden Window,stealth,WinEventLog:Sysmon,13;14,
T1564.004,NTFS File Attributes,stealth,WinEventLog:Sysmon,1,
T1564.004,NTFS File Attributes,stealth,WinEventLog:Sysmon,11,
T1564.004,NTFS File Attributes,stealth,WinEventLog:Sysmon,15,
T1564.004,NTFS File Attributes,stealth,etw:Microsoft-Windows-Kernel-File,,ZwSetEaFile or ZwQueryEaFile function calls
T1564.005,Hidden File System,stealth,WinEventLog:Security,4663;4670;4656,
T1564.005,Hidden File System,stealth,WinEventLog:Sysmon,13;14,
T1564.005,Hidden File System,stealth,etw:Microsoft-Windows-Kernel-Storage,,Raw disk I/O operations bypassing NTFS APIs
T1564.006,Run Virtual Instance,stealth,WinEventLog:Security,4657,
T1564.006,Run Virtual Instance,stealth,WinEventLog:Sysmon,1,
T1564.006,Run Virtual Instance,stealth,WinEventLog:System,7045,
T1564.007,VBA Stomping,stealth,WinEventLog:Sysmon,1,
T1564.007,VBA Stomping,stealth,WinEventLog:Sysmon,11,
T1564.008,Email Hiding Rules,stealth,WinEventLog:PowerShell,4103;4104;4105;4106,
T1564.008,Email Hiding Rules,stealth,m365:unified,,New-InboxRule or Set-InboxRule events recorded in Exchange Online
T1564.010,Process Argument Spoofing,stealth,WinEventLog:Security,4688,
T1564.010,Process Argument Spoofing,stealth,WinEventLog:Sysmon,10,
T1564.011,Ignore Process Interrupts,stealth,WinEventLog:PowerShell,4103;4104;4105;4106,
T1564.011,Ignore Process Interrupts,stealth,WinEventLog:Sysmon,1,
T1564.012,File/Path Exclusions,stealth,WinEventLog:Security,4663;4670;4656,
T1564.012,File/Path Exclusions,stealth,WinEventLog:Sysmon,11,
T1565,Data Manipulation,impact,WinEventLog:Security,4663;4670;4656,
T1565,Data Manipulation,impact,WinEventLog:Sysmon,11,
T1565,Data Manipulation,impact,WinEventLog:Sysmon,15,
T1565,Data Manipulation,impact,WinEventLog:Sysmon,2,
T1565.001,Stored Data Manipulation,impact,WinEventLog:Security,4663;4670;4656,
T1565.001,Stored Data Manipulation,impact,WinEventLog:Sysmon,11,
T1565.001,Stored Data Manipulation,impact,WinEventLog:Sysmon,15,
T1565.001,Stored Data Manipulation,impact,WinEventLog:Sysmon,23,
T1565.002,Transmitted Data Manipulation,impact,WinEventLog:Sysmon,15,
T1565.002,Transmitted Data Manipulation,impact,WinEventLog:Sysmon,3;22,
T1565.003,Runtime Data Manipulation,impact,WinEventLog:Security,4657,
T1565.003,Runtime Data Manipulation,impact,WinEventLog:Sysmon,11,
T1565.003,Runtime Data Manipulation,impact,WinEventLog:Sysmon,15,
T1566,Phishing,initial-access,WinEventLog:Sysmon,1,
T1566,Phishing,initial-access,WinEventLog:Sysmon,11,
T1566,Phishing,initial-access,m365:unified,,"Send/Receive: Emails with suspicious sender domains, spoofed headers, or anomalo"
T1566.001,Spearphishing Attachment,initial-access,WinEventLog:Sysmon,1,
T1566.001,Spearphishing Attachment,initial-access,WinEventLog:Sysmon,11,
T1566.001,Spearphishing Attachment,initial-access,WinEventLog:Sysmon,3;22,
T1566.001,Spearphishing Attachment,initial-access,m365:unified,,Send/Receive: Inbound emails with attachments from suspicious or spoofed senders
T1566.002,Spearphishing Link,initial-access,WinEventLog:Security,4688,
T1566.002,Spearphishing Link,initial-access,WinEventLog:Sysmon,3;22,
T1566.002,Spearphishing Link,initial-access,m365:unified,,Send/Receive: Inbound emails containing embedded or shortened URLs
T1566.003,Spearphishing via Service,initial-access,WinEventLog:Security,4688,
T1566.003,Spearphishing via Service,initial-access,WinEventLog:Sysmon,11,
T1566.003,Spearphishing via Service,initial-access,WinEventLog:Sysmon,3;22,
T1566.004,Spearphishing Voice,initial-access,ApplicationLog:CallRecords,,Outbound or inbound calls to high-risk or blocklisted numbers
T1567,Exfiltration Over Web Service,exfiltration,WinEventLog:Security,4688,
T1567,Exfiltration Over Web Service,exfiltration,WinEventLog:Sysmon,11,
T1567,Exfiltration Over Web Service,exfiltration,WinEventLog:Sysmon,3;22,
T1567.001,Exfiltration to Code Repository,exfiltration,WinEventLog:Security,4663;4670;4656,
T1567.001,Exfiltration to Code Repository,exfiltration,WinEventLog:Sysmon,1,
T1567.001,Exfiltration to Code Repository,exfiltration,WinEventLog:Sysmon,3;22,
T1567.002,Exfiltration to Cloud Storage,exfiltration,WinEventLog:Security,4663;4670;4656,
T1567.002,Exfiltration to Cloud Storage,exfiltration,WinEventLog:Sysmon,1,
T1567.002,Exfiltration to Cloud Storage,exfiltration,WinEventLog:Sysmon,3;22,
T1567.003,Exfiltration to Text Storage Sites,exfiltration,WinEventLog:Security,4663;4670;4656,
T1567.003,Exfiltration to Text Storage Sites,exfiltration,WinEventLog:Sysmon,1,
T1567.003,Exfiltration to Text Storage Sites,exfiltration,WinEventLog:Sysmon,3;22,
T1567.004,Exfiltration Over Webhook,exfiltration,WinEventLog:Security,4663;4670;4656,
T1567.004,Exfiltration Over Webhook,exfiltration,WinEventLog:Sysmon,1,
T1567.004,Exfiltration Over Webhook,exfiltration,WinEventLog:Sysmon,3;22,
T1568,Dynamic Resolution,command-and-control,WinEventLog:Sysmon,1,
T1568,Dynamic Resolution,command-and-control,WinEventLog:Sysmon,3;22,
T1568.001,Fast Flux DNS,command-and-control,WinEventLog:Security,1,
T1568.001,Fast Flux DNS,command-and-control,WinEventLog:Sysmon,3;22,
T1568.002,Domain Generation Algorithms,command-and-control,WinEventLog:Security,4688,
T1568.002,Domain Generation Algorithms,command-and-control,WinEventLog:Sysmon,3;22,
T1568.003,DNS Calculation,command-and-control,WinEventLog:Sysmon,1,
T1568.003,DNS Calculation,command-and-control,WinEventLog:Sysmon,3;22,
T1569,System Services,execution,WinEventLog:Security,4697,
T1569,System Services,execution,WinEventLog:Sysmon,1,
T1569,System Services,execution,WinEventLog:Sysmon,13;14,
T1569.002,Service Execution,execution,WinEventLog:Security,4697,
T1569.002,Service Execution,execution,WinEventLog:Sysmon,1,
T1569.002,Service Execution,execution,WinEventLog:Sysmon,13;14,
T1569.002,Service Execution,execution,WinEventLog:Sysmon,3;22,
T1570,Lateral Tool Transfer,lateral-movement,WinEventLog:Security,5140,
T1570,Lateral Tool Transfer,lateral-movement,WinEventLog:Sysmon,1,
T1570,Lateral Tool Transfer,lateral-movement,WinEventLog:Sysmon,11,
T1571,Non-Standard Port,command-and-control,WinEventLog:Security,5156;5157,
T1571,Non-Standard Port,command-and-control,WinEventLog:Sysmon,1,
T1572,Protocol Tunneling,command-and-control,WinEventLog:Sysmon,1,
T1572,Protocol Tunneling,command-and-control,WinEventLog:Sysmon,3;22,
T1573,Encrypted Channel,command-and-control,WinEventLog:Sysmon,3;22,
T1573,Encrypted Channel,command-and-control,WinEventLog:Sysmon,7,
T1573.001,Symmetric Cryptography,command-and-control,WinEventLog:Sysmon,3;22,
T1573.001,Symmetric Cryptography,command-and-control,WinEventLog:Sysmon,7,
T1573.002,Asymmetric Cryptography,command-and-control,WinEventLog:Sysmon,3;22,
T1573.002,Asymmetric Cryptography,command-and-control,WinEventLog:Sysmon,7,
T1574,Hijack Execution Flow,stealth;execution,WinEventLog:Security,4657,
T1574,Hijack Execution Flow,stealth;execution,WinEventLog:Sysmon,1,
T1574,Hijack Execution Flow,stealth;execution,WinEventLog:Sysmon,11,
T1574,Hijack Execution Flow,stealth;execution,WinEventLog:Sysmon,7,
T1574.001,DLL,stealth;execution,WinEventLog:Security,4657,
T1574.001,DLL,stealth;execution,WinEventLog:Sysmon,1,
T1574.001,DLL,stealth;execution,WinEventLog:Sysmon,11,
T1574.001,DLL,stealth;execution,WinEventLog:Sysmon,15,
T1574.001,DLL,stealth;execution,WinEventLog:Sysmon,7,
T1574.005,Executable Installer File Permissions Weakness,stealth;execution,WinEventLog:Sysmon,1,
T1574.005,Executable Installer File Permissions Weakness,stealth;execution,WinEventLog:Sysmon,11,
T1574.005,Executable Installer File Permissions Weakness,stealth;execution,WinEventLog:Sysmon,15,
T1574.005,Executable Installer File Permissions Weakness,stealth;execution,WinEventLog:Sysmon,7,
T1574.007,Path Interception by PATH Environment Variable,stealth;execution,WinEventLog:Security,4657,
T1574.007,Path Interception by PATH Environment Variable,stealth;execution,WinEventLog:Sysmon,1,
T1574.007,Path Interception by PATH Environment Variable,stealth;execution,WinEventLog:Sysmon,11,
T1574.008,Path Interception by Search Order Hijacking,stealth;execution,WinEventLog:Sysmon,1,
T1574.008,Path Interception by Search Order Hijacking,stealth;execution,WinEventLog:Sysmon,11,
T1574.008,Path Interception by Search Order Hijacking,stealth;execution,WinEventLog:Sysmon,15,
T1574.009,Path Interception by Unquoted Path,stealth;execution,WinEventLog:Security,4657,
T1574.009,Path Interception by Unquoted Path,stealth;execution,WinEventLog:Sysmon,1,
T1574.009,Path Interception by Unquoted Path,stealth;execution,WinEventLog:Sysmon,11,
T1574.009,Path Interception by Unquoted Path,stealth;execution,WinEventLog:Sysmon,15,
T1574.010,Services File Permissions Weakness,stealth;execution,WinEventLog:Sysmon,1,
T1574.010,Services File Permissions Weakness,stealth;execution,WinEventLog:Sysmon,11,
T1574.010,Services File Permissions Weakness,stealth;execution,WinEventLog:Sysmon,15,
T1574.010,Services File Permissions Weakness,stealth;execution,WinEventLog:System,7045,
T1574.011,Services Registry Permissions Weakness,stealth;execution,WinEventLog:Security,4657,
T1574.011,Services Registry Permissions Weakness,stealth;execution,WinEventLog:Sysmon,1,
T1574.011,Services Registry Permissions Weakness,stealth;execution,WinEventLog:System,7040,
T1574.012,COR_PROFILER,stealth;execution,WinEventLog:Security,4657,
T1574.012,COR_PROFILER,stealth;execution,WinEventLog:Sysmon,1,
T1574.012,COR_PROFILER,stealth;execution,WinEventLog:Sysmon,11,
T1574.012,COR_PROFILER,stealth;execution,WinEventLog:Sysmon,7,
T1574.013,KernelCallbackTable,stealth;execution,WinEventLog:Sysmon,1,
T1574.013,KernelCallbackTable,stealth;execution,WinEventLog:Sysmon,10,
T1574.013,KernelCallbackTable,stealth;execution,etw:Microsoft-Windows-Kernel-Process,,WriteProcessMemory: WriteProcessMemory targeting regions containing KernelCallba
T1574.014,AppDomainManager,stealth;execution,WinEventLog:Security,4688,
T1574.014,AppDomainManager,stealth;execution,WinEventLog:Sysmon,11,
T1574.014,AppDomainManager,stealth;execution,WinEventLog:Sysmon,7,
T1606,Forge Web Credentials,credential-access,WinEventLog:Security,4624;4648,
T1606,Forge Web Credentials,credential-access,WinEventLog:Sysmon,10,
T1606.001,Web Cookies,credential-access,WinEventLog:Security,4624;4648,
T1606.001,Web Cookies,credential-access,WinEventLog:Sysmon,11,
T1606.002,SAML Tokens,credential-access,WinEventLog:ADFS,,Token issuance events showing anomalous claims or issuers
T1606.002,SAML Tokens,credential-access,WinEventLog:Security,4624;4648,
T1611,Escape to Host,privilege-escalation,WinEventLog:Security,4688,
T1611,Escape to Host,privilege-escalation,WinEventLog:Sysmon,11,
T1614,System Location Discovery,discovery,WinEventLog:Security,4688,
T1614,System Location Discovery,discovery,etw:Microsoft-Windows-Kernel-Base,,"GetLocaleInfoW, GetTimeZoneInformation API calls"
T1614.001,System Language Discovery,discovery,ETW,,"Calls to GetUserDefaultUILanguage, GetSystemDefaultUILanguage, GetKeyboardLayout"
T1614.001,System Language Discovery,discovery,WinEventLog:Security,4657,
T1614.001,System Language Discovery,discovery,WinEventLog:Sysmon,1,
T1615,Group Policy Discovery,discovery,NSM:Flow,,query: High-volume LDAP traffic with filters targeting groupPolicyContainer attr
T1615,Group Policy Discovery,discovery,WinEventLog:PowerShell,4103;4104;4105;4106,
T1615,Group Policy Discovery,discovery,WinEventLog:Security,4661,
T1615,Group Policy Discovery,discovery,WinEventLog:Sysmon,1,
T1620,Reflective Code Loading,stealth,WinEventLog:Sysmon,1,
T1620,Reflective Code Loading,stealth,WinEventLog:Sysmon,10,
T1620,Reflective Code Loading,stealth,WinEventLog:Sysmon,7,
T1620,Reflective Code Loading,stealth,etw:Microsoft-Antimalware-Scan-Interface,,Amsi/Script content + API verdicts during in-memory staging
T1620,Reflective Code Loading,stealth,etw:Microsoft-Windows-DotNETRuntime,,AssemblyLoad/ModuleLoad (Loader keyword) from Microsoft-Windows-DotNETRuntime
T1621,Multi-Factor Authentication Request Generation,credential-access,WinEventLog:Security,4625,
T1622,Debugger Evasion,stealth;discovery,WinEventLog:Sysmon,1,
T1622,Debugger Evasion,stealth;discovery,etw:Microsoft-Windows-Kernel-Process,,NtQueryInformationProcess
T1649,Steal or Forge Authentication Certificates,credential-access,WinEventLog:Security,4657,
T1649,Steal or Forge Authentication Certificates,credential-access,WinEventLog:Security,4768,
T1652,Device Driver Discovery,discovery,WinEventLog:Security,4688,
T1652,Device Driver Discovery,discovery,WinEventLog:Sysmon,13;14,
T1653,Power Settings,persistence,WinEventLog:Security,4688,
T1654,Log Enumeration,discovery,WinEventLog:Security,4663;4670;4656,
T1654,Log Enumeration,discovery,WinEventLog:Security,4688,
T1657,Financial Theft,impact,WinEventLog:Security,4624;4648,
T1657,Financial Theft,impact,WinEventLog:Sysmon,1,
T1659,Content Injection,initial-access;command-and-control,NSM:Flow,,Unexpected script or binary content returned in HTTP response body
T1659,Content Injection,initial-access;command-and-control,WinEventLog:Security,4688,
T1659,Content Injection,initial-access;command-and-control,WinEventLog:Sysmon,11,
T1665,Hide Infrastructure,command-and-control,WinEventLog:Security,5156;5157,
T1665,Hide Infrastructure,command-and-control,dns:query,,Excessive lookups for domains with suspicious WHOIS or short TTL values
T1667,Email Bombing,impact,WinEventLog:Sysmon,11,
T1667,Email Bombing,impact,m365:unified,,Send/Receive: Unusual spikes in inbound messages to a single recipient
T1668,Exclusive Control,persistence,WinEventLog:Security,4688,
T1668,Exclusive Control,persistence,WinEventLog:Sysmon,5,
T1669,Wi-Fi Networks,initial-access,WinEventLog:Microsoft-Windows-WLAN-AutoConfig,8001;8002;8003,
T1669,Wi-Fi Networks,initial-access,WinEventLog:Security,4776;4625,
T1673,Virtual Machine Discovery,discovery,WinEventLog:Security,4688,
T1674,Input Injection,execution,WinEventLog:PowerShell,4103;4104;4105;4106,
T1674,Input Injection,execution,WinEventLog:Security,4688,
T1674,Input Injection,execution,WinEventLog:System,2003,
T1678,Delay Execution,stealth,WinEventLog:Sysmon,1,
T1678,Delay Execution,stealth,WinEventLog:Sysmon,7,
T1679,Selective Exclusion,stealth,WinEventLog:PowerShell,4103;4104;4105;4106,
T1679,Selective Exclusion,stealth,WinEventLog:Security,4663;4670;4656,
T1679,Selective Exclusion,stealth,WinEventLog:Security,4688,
T1680,Local Storage Discovery,discovery,WinEventLog:Sysmon,1,
T1684,Social Engineering,stealth,WinEventLog:Security,4624;4648,
T1684,Social Engineering,stealth,WinEventLog:Sysmon,1,
T1684,Social Engineering,stealth,WinEventLog:Sysmon,11,
T1684,Social Engineering,stealth,WinEventLog:Sysmon,3;22,
T1684.001,Impersonation,stealth,WinEventLog:Security,4624;4648,
T1684.001,Impersonation,stealth,m365:unified,,SendOnBehalf/SendAs: Emails sent where the sending identity mismatches account o
T1684.002,Email Spoofing,stealth,m365:messagetrace,,AuthenticationDetails=fail OR SPF=fail OR DKIM=fail OR DMARC=fail
T1685,Disable or Modify Tools,defense-impairment,WinEventLog:Sysmon,13;14,
T1685,Disable or Modify Tools,defense-impairment,WinEventLog:Sysmon,5,
T1685,Disable or Modify Tools,defense-impairment,WinEventLog:System,7045,
T1685.001,Disable or Modify Windows Event Log,defense-impairment,WinEventLog:Security,1102,
T1685.001,Disable or Modify Windows Event Log,defense-impairment,WinEventLog:Sysmon,1,
T1685.001,Disable or Modify Windows Event Log,defense-impairment,WinEventLog:Sysmon,13;14,
T1685.001,Disable or Modify Windows Event Log,defense-impairment,WinEventLog:System,7035,
T1685.003,Modify or Spoof Tool UI,defense-impairment,WinEventLog:Sysmon,1,
T1685.003,Modify or Spoof Tool UI,defense-impairment,WinEventLog:System,7036,
T1685.005,Clear Windows Event Logs,defense-impairment,WinEventLog:Security,1102,
T1685.005,Clear Windows Event Logs,defense-impairment,WinEventLog:Sysmon,1,
T1685.005,Clear Windows Event Logs,defense-impairment,WinEventLog:Sysmon,23,
T1686,Disable or Modify System Firewall,defense-impairment,WinEventLog:Security,4688,
T1686,Disable or Modify System Firewall,defense-impairment,WinEventLog:Sysmon,13;14,
T1686.003,Windows Host Firewall,defense-impairment,WinEventLog:Security,4688,
T1686.003,Windows Host Firewall,defense-impairment,WinEventLog:Security,5156;5157,
T1686.003,Windows Host Firewall,defense-impairment,WinEventLog:Sysmon,1,
T1686.003,Windows Host Firewall,defense-impairment,WinEventLog:Sysmon,12,
T1686.003,Windows Host Firewall,defense-impairment,WinEventLog:Sysmon,13;14,
T1686.003,Windows Host Firewall,defense-impairment,WinEventLog:Sysmon,3;22,
T1686.003,Windows Host Firewall,defense-impairment,WinEventLog:System,7036,
T1687,Exploitation for Defense Impairment,defense-impairment,WinEventLog:Security,4688,
T1687,Exploitation for Defense Impairment,defense-impairment,WinEventLog:Sysmon,1,
T1687,Exploitation for Defense Impairment,defense-impairment,WinEventLog:Sysmon,6,
T1687,Exploitation for Defense Impairment,defense-impairment,WinEventLog:System,7035,
T1688,Safe Mode Boot,defense-impairment,WinEventLog:Security,4688,
T1688,Safe Mode Boot,defense-impairment,WinEventLog:Sysmon,12,
T1688,Safe Mode Boot,defense-impairment,WinEventLog:Sysmon,13;14,
T1689,Downgrade Attack,defense-impairment,WinEventLog:Security,4657,
T1689,Downgrade Attack,defense-impairment,WinEventLog:Sysmon,1,
T1690,Prevent Command History Logging,defense-impairment,WinEventLog:PowerShell,4103;4104;4105;4106,
T1690,Prevent Command History Logging,defense-impairment,WinEventLog:Sysmon,1,
