technique_id,is_subtechnique,technique,tactics,data_source,data_component,event_id,event_name,channel,audit_sub_category,log_source
T1622,False,Debugger Evasion,defense-evasion;discovery,process,os api execution,8,CreateRemoteThread.,Microsoft-Windows-Sysmon/Operational,,Microsoft-Windows-Sysmon
T1622,False,Debugger Evasion,defense-evasion;discovery,process,os api execution,DeviceEvents,DeviceEvents,,,Microsoft Defender for Endpoint
T1622,False,Debugger Evasion,defense-evasion;discovery,process,process creation,4688,A new process has been created.,Security,Process Creation,Microsoft-Windows-Security-Auditing
T1622,False,Debugger Evasion,defense-evasion;discovery,process,process creation,1,Process Creation.,Microsoft-Windows-Sysmon/Operational,,Microsoft-Windows-Sysmon
T1622,False,Debugger Evasion,defense-evasion;discovery,process,process creation,DeviceProcessEvents,DeviceProcessEvents,,,Microsoft Defender for Endpoint
T1622,False,Debugger Evasion,defense-evasion;discovery,process,process creation,8,CreateRemoteThread.,Microsoft-Windows-Sysmon/Operational,,Microsoft-Windows-Sysmon
T1622,False,Debugger Evasion,defense-evasion;discovery,process,process creation,DeviceEvents,DeviceEvents,,,Microsoft Defender for Endpoint
T1622,False,Debugger Evasion,defense-evasion;discovery,command,command execution,4688,A new process has been created.,Security,Process Creation,Microsoft-Windows-Security-Auditing
T1622,False,Debugger Evasion,defense-evasion;discovery,command,command execution,1,Process Creation.,Microsoft-Windows-Sysmon/Operational,,Microsoft-Windows-Sysmon
T1622,False,Debugger Evasion,defense-evasion;discovery,command,command execution,4103,Module logging.,Microsoft-Windows-PowerShell/Operational,,Microsoft-Windows-PowerShell
T1622,False,Debugger Evasion,defense-evasion;discovery,command,command execution,DeviceProcessEvents,DeviceProcessEvents,,,Microsoft Defender for Endpoint
T1621,False,Multi-Factor Authentication Request Generation,credential-access,logon session,logon session metadata,4703,A token right was adjusted.,Security,Authorization Policy Change,Microsoft-Windows-Security-Auditing
T1621,False,Multi-Factor Authentication Request Generation,credential-access,logon session,logon session metadata,4673,A privileged service was called.,Security,Sensitive Privilege Use,Microsoft-Windows-Security-Auditing
T1621,False,Multi-Factor Authentication Request Generation,credential-access,logon session,logon session metadata,4674,An operation was attempted on a privileged object.,Security,Sensitive Privilege Use,Microsoft-Windows-Security-Auditing
T1621,False,Multi-Factor Authentication Request Generation,credential-access,logon session,logon session metadata,4610,An authentication package has been loaded by the Local Security Authority.,Security,Security System Extension,Microsoft-Windows-Security-Auditing
T1621,False,Multi-Factor Authentication Request Generation,credential-access,logon session,logon session metadata,4611,A trusted logon process has been registered with the Local Security Authority.,Security,Security System Extension,Microsoft-Windows-Security-Auditing
T1621,False,Multi-Factor Authentication Request Generation,credential-access,logon session,logon session metadata,4614,A notification package has been loaded by the Security Account Manager.,Security,Security System Extension,Microsoft-Windows-Security-Auditing
T1621,False,Multi-Factor Authentication Request Generation,credential-access,logon session,logon session metadata,4622,A security package has been loaded by the Local Security Authority.,Security,Security System Extension,Microsoft-Windows-Security-Auditing
T1621,False,Multi-Factor Authentication Request Generation,credential-access,logon session,logon session creation,4624,An account was successfully logged on.,Security,Logon,Microsoft-Windows-Security-Auditing
T1621,False,Multi-Factor Authentication Request Generation,credential-access,logon session,logon session creation,4778,A session was reconnected to a Window Station.,Security,Other Logon/Logoff Events,Microsoft-Windows-Security-Auditing
T1621,False,Multi-Factor Authentication Request Generation,credential-access,logon session,logon session creation,DeviceLogonEvents,DeviceLogonEvents,,,Microsoft Defender for Endpoint
T1621,False,Multi-Factor Authentication Request Generation,credential-access,logon session,logon session creation,4964,Special groups have been assigned to a new logon.,Security,Special Logon,Microsoft-Windows-Security-Auditing
T1621,False,Multi-Factor Authentication Request Generation,credential-access,user account,user account authentication,4624,An account was successfully logged on.,Security,Logon,Microsoft-Windows-Security-Auditing
T1621,False,Multi-Factor Authentication Request Generation,credential-access,user account,user account authentication,4625,An account failed to log on.,Security,Account Lockout,Microsoft-Windows-Security-Auditing
T1621,False,Multi-Factor Authentication Request Generation,credential-access,user account,user account authentication,4648,A logon was attempted using explicit credentials.,Security,Logon,Microsoft-Windows-Security-Auditing
T1621,False,Multi-Factor Authentication Request Generation,credential-access,user account,user account authentication,DeviceLogonEvents,DeviceLogonEvents,,,Microsoft Defender for Endpoint
T1621,False,Multi-Factor Authentication Request Generation,credential-access,user account,user account authentication,4776,The domain controller or local computer attempted to validate the credentials for an account.,Security,Credential Validation,Microsoft-Windows-Security-Auditing
T1505.005,True,Terminal Services DLL,persistence,module,module load,7,Image loaded.,Microsoft-Windows-Sysmon/Operational,,Microsoft-Windows-Sysmon
T1505.005,True,Terminal Services DLL,persistence,module,module load,DeviceImageLoadEvents,DeviceImageLoadEvents,,,Microsoft Defender for Endpoint
T1505.005,True,Terminal Services DLL,persistence,process,process creation,4688,A new process has been created.,Security,Process Creation,Microsoft-Windows-Security-Auditing
T1505.005,True,Terminal Services DLL,persistence,process,process creation,1,Process Creation.,Microsoft-Windows-Sysmon/Operational,,Microsoft-Windows-Sysmon
T1505.005,True,Terminal Services DLL,persistence,process,process creation,DeviceProcessEvents,DeviceProcessEvents,,,Microsoft Defender for Endpoint
T1505.005,True,Terminal Services DLL,persistence,process,process creation,8,CreateRemoteThread.,Microsoft-Windows-Sysmon/Operational,,Microsoft-Windows-Sysmon
T1505.005,True,Terminal Services DLL,persistence,process,process creation,DeviceEvents,DeviceEvents,,,Microsoft Defender for Endpoint
T1505.005,True,Terminal Services DLL,persistence,command,command execution,4688,A new process has been created.,Security,Process Creation,Microsoft-Windows-Security-Auditing
T1505.005,True,Terminal Services DLL,persistence,command,command execution,1,Process Creation.,Microsoft-Windows-Sysmon/Operational,,Microsoft-Windows-Sysmon
T1505.005,True,Terminal Services DLL,persistence,command,command execution,4103,Module logging.,Microsoft-Windows-PowerShell/Operational,,Microsoft-Windows-PowerShell
T1505.005,True,Terminal Services DLL,persistence,command,command execution,DeviceProcessEvents,DeviceProcessEvents,,,Microsoft Defender for Endpoint
T1505.005,True,Terminal Services DLL,persistence,file,file modification,4670,Permissions on an object were changed.,Security,File System,Microsoft-Windows-Security-Auditing
T1505.005,True,Terminal Services DLL,persistence,file,file modification,DeviceFileEvents,DeviceFileEvents,,,Microsoft Defender for Endpoint
T1505.005,True,Terminal Services DLL,persistence,file,file modification,2,A process changed a file creation time.,Microsoft-Windows-Sysmon/Operational,,Microsoft-Windows-Sysmon
T1505.005,True,Terminal Services DLL,persistence,file,file modification,11,FileCreate.,Microsoft-Windows-Sysmon/Operational,,Microsoft-Windows-Sysmon
T1505.005,True,Terminal Services DLL,persistence,windows registry,windows registry key modification,13,RegistryEvent (Value Set).,Microsoft-Windows-Sysmon/Operational,,Microsoft-Windows-Sysmon
T1505.005,True,Terminal Services DLL,persistence,windows registry,windows registry key modification,14,RegistryEvent (Key and Value Rename).,Microsoft-Windows-Sysmon/Operational,,Microsoft-Windows-Sysmon
T1505.005,True,Terminal Services DLL,persistence,windows registry,windows registry key modification,4657,A registry value was modified.,Security,Registry,Microsoft-Windows-Security-Auditing
T1505.005,True,Terminal Services DLL,persistence,windows registry,windows registry key modification,4670,Permissions on an object were changed.,Security,Registry,Microsoft-Windows-Security-Auditing
T1505.005,True,Terminal Services DLL,persistence,windows registry,windows registry key modification,DeviceRegistryEvents,DeviceRegistryEvents,,,Microsoft Defender for Endpoint
T1098.005,True,Device Registration,persistence,active directory,active directory object creation,5137,A directory service object was created.,Security,Directory Service Changes,Microsoft-Windows-Security-Auditing
T1098.005,True,Device Registration,persistence,user account,user account modification,4738,A user account was changed.,Security,User Account Management,Microsoft-Windows-Security-Auditing
T1098.005,True,Device Registration,persistence,user account,user account modification,4781,The name of an account was changed.,Security,User Account Management,Microsoft-Windows-Security-Auditing
T1098.005,True,Device Registration,persistence,user account,user account modification,4742,A computer account was changed.,Security,Computer Account Management,Microsoft-Windows-Security-Auditing
T1098.005,True,Device Registration,persistence,user account,user account modification,DeviceEvents,DeviceEvents,,,Microsoft Defender for Endpoint
T1098.005,True,Device Registration,persistence,user account,user account modification,4740,A user account was locked out.,Security,User Account Management,Microsoft-Windows-Security-Auditing
T1098.005,True,Device Registration,persistence,user account,user account modification,4767,A user account was unlocked.,Security,User Account Management,Microsoft-Windows-Security-Auditing
T1098.005,True,Device Registration,persistence,user account,user account modification,4722,A user account was enabled.,Security,User Account Management,Microsoft-Windows-Security-Auditing
T1098.005,True,Device Registration,persistence,user account,user account modification,4717,System security access was granted to an account.,Security,Authentication Policy Change,Microsoft-Windows-Security-Auditing
T1098.005,True,Device Registration,persistence,user account,user account modification,4718,System security access was removed from an account.,Security,Authentication Policy Change,Microsoft-Windows-Security-Auditing
T1098.005,True,Device Registration,persistence,user account,user account modification,4725,A user account was disabled.,Security,User Account Management,Microsoft-Windows-Security-Auditing
T1098.005,True,Device Registration,persistence,user account,user account modification,4723,An attempt was made to change an account's password.,Security,User Account Management,Microsoft-Windows-Security-Auditing
T1098.005,True,Device Registration,persistence,user account,user account modification,4724,An attempt was made to reset an account's password.,Security,User Account Management,Microsoft-Windows-Security-Auditing
T1574.013,True,KernelCallbackTable,persistence;privilege-escalation;defense-evasion,process,os api execution,8,CreateRemoteThread.,Microsoft-Windows-Sysmon/Operational,,Microsoft-Windows-Sysmon
T1574.013,True,KernelCallbackTable,persistence;privilege-escalation;defense-evasion,process,os api execution,DeviceEvents,DeviceEvents,,,Microsoft Defender for Endpoint
T1556.005,True,Reversible Encryption,credential-access;defense-evasion;persistence,script,script execution,4103,Module logging.,Microsoft-Windows-PowerShell/Operational,,Microsoft-Windows-PowerShell
T1556.005,True,Reversible Encryption,credential-access;defense-evasion;persistence,script,script execution,4104,Script Block Logging.,Microsoft-Windows-PowerShell/Operational,,Microsoft-Windows-PowerShell
T1556.005,True,Reversible Encryption,credential-access;defense-evasion;persistence,script,script execution,DeviceEvents,DeviceEvents,,,Microsoft Defender for Endpoint
T1556.005,True,Reversible Encryption,credential-access;defense-evasion;persistence,command,command execution,4688,A new process has been created.,Security,Process Creation,Microsoft-Windows-Security-Auditing
T1556.005,True,Reversible Encryption,credential-access;defense-evasion;persistence,command,command execution,1,Process Creation.,Microsoft-Windows-Sysmon/Operational,,Microsoft-Windows-Sysmon
T1556.005,True,Reversible Encryption,credential-access;defense-evasion;persistence,command,command execution,4103,Module logging.,Microsoft-Windows-PowerShell/Operational,,Microsoft-Windows-PowerShell
T1556.005,True,Reversible Encryption,credential-access;defense-evasion;persistence,command,command execution,DeviceProcessEvents,DeviceProcessEvents,,,Microsoft Defender for Endpoint
T1556.005,True,Reversible Encryption,credential-access;defense-evasion;persistence,active directory,active directory object modification,5136,A directory service object was modified.,Security,Directory Service Changes,Microsoft-Windows-Security-Auditing
T1556.005,True,Reversible Encryption,credential-access;defense-evasion;persistence,active directory,active directory object modification,5139,A directory service object was moved.,Security,Directory Service Changes,Microsoft-Windows-Security-Auditing
T1556.005,True,Reversible Encryption,credential-access;defense-evasion;persistence,active directory,active directory object modification,4719,System audit policy was changed.,Security,Policy Change,Microsoft-Windows-Security-Auditing
T1055.015,True,ListPlanting,defense-evasion;privilege-escalation,process,process modification,8,CreateRemoteThread.,Microsoft-Windows-Sysmon/Operational,,Microsoft-Windows-Sysmon
T1055.015,True,ListPlanting,defense-evasion;privilege-escalation,process,process modification,DeviceEvents,DeviceEvents,,,Microsoft Defender for Endpoint
T1055.015,True,ListPlanting,defense-evasion;privilege-escalation,process,os api execution,8,CreateRemoteThread.,Microsoft-Windows-Sysmon/Operational,,Microsoft-Windows-Sysmon
T1055.015,True,ListPlanting,defense-evasion;privilege-escalation,process,os api execution,DeviceEvents,DeviceEvents,,,Microsoft Defender for Endpoint
T1564.010,True,Process Argument Spoofing,defense-evasion,process,process creation,4688,A new process has been created.,Security,Process Creation,Microsoft-Windows-Security-Auditing
T1564.010,True,Process Argument Spoofing,defense-evasion,process,process creation,1,Process Creation.,Microsoft-Windows-Sysmon/Operational,,Microsoft-Windows-Sysmon
T1564.010,True,Process Argument Spoofing,defense-evasion,process,process creation,DeviceProcessEvents,DeviceProcessEvents,,,Microsoft Defender for Endpoint
T1564.010,True,Process Argument Spoofing,defense-evasion,process,process creation,8,CreateRemoteThread.,Microsoft-Windows-Sysmon/Operational,,Microsoft-Windows-Sysmon
T1564.010,True,Process Argument Spoofing,defense-evasion,process,process creation,DeviceEvents,DeviceEvents,,,Microsoft Defender for Endpoint
T1562.010,True,Downgrade Attack,defense-evasion,command,command execution,4688,A new process has been created.,Security,Process Creation,Microsoft-Windows-Security-Auditing
T1562.010,True,Downgrade Attack,defense-evasion,command,command execution,1,Process Creation.,Microsoft-Windows-Sysmon/Operational,,Microsoft-Windows-Sysmon
T1562.010,True,Downgrade Attack,defense-evasion,command,command execution,4103,Module logging.,Microsoft-Windows-PowerShell/Operational,,Microsoft-Windows-PowerShell
T1562.010,True,Downgrade Attack,defense-evasion,command,command execution,DeviceProcessEvents,DeviceProcessEvents,,,Microsoft Defender for Endpoint
T1562.010,True,Downgrade Attack,defense-evasion,process,process metadata,5,Process terminated.,Microsoft-Windows-Sysmon/Operational,,Microsoft-Windows-Sysmon
T1562.010,True,Downgrade Attack,defense-evasion,process,process metadata,30,EventID(30),,,Microsoft-Windows-LDAP-Client/Debug
T1562.010,True,Downgrade Attack,defense-evasion,process,process metadata,DeviceEvents,DeviceEvents,,,Microsoft Defender for Endpoint
T1562.010,True,Downgrade Attack,defense-evasion,process,process creation,4688,A new process has been created.,Security,Process Creation,Microsoft-Windows-Security-Auditing
T1562.010,True,Downgrade Attack,defense-evasion,process,process creation,1,Process Creation.,Microsoft-Windows-Sysmon/Operational,,Microsoft-Windows-Sysmon
T1562.010,True,Downgrade Attack,defense-evasion,process,process creation,DeviceProcessEvents,DeviceProcessEvents,,,Microsoft Defender for Endpoint
T1562.010,True,Downgrade Attack,defense-evasion,process,process creation,8,CreateRemoteThread.,Microsoft-Windows-Sysmon/Operational,,Microsoft-Windows-Sysmon
T1562.010,True,Downgrade Attack,defense-evasion,process,process creation,DeviceEvents,DeviceEvents,,,Microsoft Defender for Endpoint
T1620,False,Reflective Code Loading,defense-evasion,script,script execution,4103,Module logging.,Microsoft-Windows-PowerShell/Operational,,Microsoft-Windows-PowerShell
T1620,False,Reflective Code Loading,defense-evasion,script,script execution,4104,Script Block Logging.,Microsoft-Windows-PowerShell/Operational,,Microsoft-Windows-PowerShell
T1620,False,Reflective Code Loading,defense-evasion,script,script execution,DeviceEvents,DeviceEvents,,,Microsoft Defender for Endpoint
T1620,False,Reflective Code Loading,defense-evasion,module,module load,7,Image loaded.,Microsoft-Windows-Sysmon/Operational,,Microsoft-Windows-Sysmon
T1620,False,Reflective Code Loading,defense-evasion,module,module load,DeviceImageLoadEvents,DeviceImageLoadEvents,,,Microsoft Defender for Endpoint
T1620,False,Reflective Code Loading,defense-evasion,process,os api execution,8,CreateRemoteThread.,Microsoft-Windows-Sysmon/Operational,,Microsoft-Windows-Sysmon
T1620,False,Reflective Code Loading,defense-evasion,process,os api execution,DeviceEvents,DeviceEvents,,,Microsoft Defender for Endpoint
T1218.014,True,MMC,defense-evasion,process,process creation,4688,A new process has been created.,Security,Process Creation,Microsoft-Windows-Security-Auditing
T1218.014,True,MMC,defense-evasion,process,process creation,1,Process Creation.,Microsoft-Windows-Sysmon/Operational,,Microsoft-Windows-Sysmon
T1218.014,True,MMC,defense-evasion,process,process creation,DeviceProcessEvents,DeviceProcessEvents,,,Microsoft Defender for Endpoint
T1218.014,True,MMC,defense-evasion,process,process creation,8,CreateRemoteThread.,Microsoft-Windows-Sysmon/Operational,,Microsoft-Windows-Sysmon
T1218.014,True,MMC,defense-evasion,process,process creation,DeviceEvents,DeviceEvents,,,Microsoft Defender for Endpoint
T1218.014,True,MMC,defense-evasion,file,file creation,DeviceFileEvents,DeviceFileEvents,,,Microsoft Defender for Endpoint
T1218.014,True,MMC,defense-evasion,file,file creation,4663,An attempt was made to access an object.,Security,File System,Microsoft-Windows-Security-Auditing
T1218.014,True,MMC,defense-evasion,file,file creation,11,FileCreate,Microsoft-Windows-Sysmon/Operational,,Microsoft-Windows-Sysmon
T1218.014,True,MMC,defense-evasion,command,command execution,4688,A new process has been created.,Security,Process Creation,Microsoft-Windows-Security-Auditing
T1218.014,True,MMC,defense-evasion,command,command execution,1,Process Creation.,Microsoft-Windows-Sysmon/Operational,,Microsoft-Windows-Sysmon
T1218.014,True,MMC,defense-evasion,command,command execution,4103,Module logging.,Microsoft-Windows-PowerShell/Operational,,Microsoft-Windows-PowerShell
T1218.014,True,MMC,defense-evasion,command,command execution,DeviceProcessEvents,DeviceProcessEvents,,,Microsoft Defender for Endpoint
T1218.013,True,Mavinject,defense-evasion,process,process creation,4688,A new process has been created.,Security,Process Creation,Microsoft-Windows-Security-Auditing
T1218.013,True,Mavinject,defense-evasion,process,process creation,1,Process Creation.,Microsoft-Windows-Sysmon/Operational,,Microsoft-Windows-Sysmon
T1218.013,True,Mavinject,defense-evasion,process,process creation,DeviceProcessEvents,DeviceProcessEvents,,,Microsoft Defender for Endpoint
T1218.013,True,Mavinject,defense-evasion,process,process creation,8,CreateRemoteThread.,Microsoft-Windows-Sysmon/Operational,,Microsoft-Windows-Sysmon
T1218.013,True,Mavinject,defense-evasion,process,process creation,DeviceEvents,DeviceEvents,,,Microsoft Defender for Endpoint
T1218.013,True,Mavinject,defense-evasion,command,command execution,4688,A new process has been created.,Security,Process Creation,Microsoft-Windows-Security-Auditing
T1218.013,True,Mavinject,defense-evasion,command,command execution,1,Process Creation.,Microsoft-Windows-Sysmon/Operational,,Microsoft-Windows-Sysmon
T1218.013,True,Mavinject,defense-evasion,command,command execution,4103,Module logging.,Microsoft-Windows-PowerShell/Operational,,Microsoft-Windows-PowerShell
T1218.013,True,Mavinject,defense-evasion,command,command execution,DeviceProcessEvents,DeviceProcessEvents,,,Microsoft Defender for Endpoint
T1614.001,True,System Language Discovery,discovery,command,command execution,4688,A new process has been created.,Security,Process Creation,Microsoft-Windows-Security-Auditing
T1614.001,True,System Language Discovery,discovery,command,command execution,1,Process Creation.,Microsoft-Windows-Sysmon/Operational,,Microsoft-Windows-Sysmon
T1614.001,True,System Language Discovery,discovery,command,command execution,4103,Module logging.,Microsoft-Windows-PowerShell/Operational,,Microsoft-Windows-PowerShell
T1614.001,True,System Language Discovery,discovery,command,command execution,DeviceProcessEvents,DeviceProcessEvents,,,Microsoft Defender for Endpoint
T1614.001,True,System Language Discovery,discovery,process,process creation,4688,A new process has been created.,Security,Process Creation,Microsoft-Windows-Security-Auditing
T1614.001,True,System Language Discovery,discovery,process,process creation,1,Process Creation.,Microsoft-Windows-Sysmon/Operational,,Microsoft-Windows-Sysmon
T1614.001,True,System Language Discovery,discovery,process,process creation,DeviceProcessEvents,DeviceProcessEvents,,,Microsoft Defender for Endpoint
T1614.001,True,System Language Discovery,discovery,process,process creation,8,CreateRemoteThread.,Microsoft-Windows-Sysmon/Operational,,Microsoft-Windows-Sysmon
T1614.001,True,System Language Discovery,discovery,process,process creation,DeviceEvents,DeviceEvents,,,Microsoft Defender for Endpoint
T1614.001,True,System Language Discovery,discovery,process,os api execution,8,CreateRemoteThread.,Microsoft-Windows-Sysmon/Operational,,Microsoft-Windows-Sysmon
T1614.001,True,System Language Discovery,discovery,process,os api execution,DeviceEvents,DeviceEvents,,,Microsoft Defender for Endpoint
T1614.001,True,System Language Discovery,discovery,windows registry,windows registry key access,4663,An attempt was made to access an object.,Security,Registry,Microsoft-Windows-Security-Auditing
T1614.001,True,System Language Discovery,discovery,windows registry,windows registry key access,4656,A handle to an object was requested.,Security,Registry,Microsoft-Windows-Security-Auditing
T1615,,Group Policy Discovery,discovery,command,command execution,4688,A new process has been created.,Security,Process Creation,Microsoft-Windows-Security-Auditing
T1615,,Group Policy Discovery,discovery,command,command execution,1,Process Creation.,Microsoft-Windows-Sysmon/Operational,,Microsoft-Windows-Sysmon
T1615,,Group Policy Discovery,discovery,command,command execution,4103,Module logging.,Microsoft-Windows-PowerShell/Operational,,Microsoft-Windows-PowerShell
T1615,,Group Policy Discovery,discovery,command,command execution,DeviceProcessEvents,DeviceProcessEvents,,,Microsoft Defender for Endpoint
T1615,,Group Policy Discovery,discovery,active directory,active directory object access,4661,A handle to an object was requested.,Security,Directory Service Access,Microsoft-Windows-Security-Auditing
T1615,,Group Policy Discovery,discovery,active directory,active directory object access,4662,An operation was performed on an object.,Security,Directory Service Access,Microsoft-Windows-Security-Auditing
T1615,,Group Policy Discovery,discovery,active directory,active directory object access,4932,Synchronization of a replica of an Active Directory naming context has begun.,Security,Directory Service Replication,Microsoft-Windows-Security-Auditing
T1615,,Group Policy Discovery,discovery,process,process creation,4688,A new process has been created.,Security,Process Creation,Microsoft-Windows-Security-Auditing
T1615,,Group Policy Discovery,discovery,process,process creation,1,Process Creation.,Microsoft-Windows-Sysmon/Operational,,Microsoft-Windows-Sysmon
T1615,,Group Policy Discovery,discovery,process,process creation,DeviceProcessEvents,DeviceProcessEvents,,,Microsoft Defender for Endpoint
T1615,,Group Policy Discovery,discovery,process,process creation,8,CreateRemoteThread.,Microsoft-Windows-Sysmon/Operational,,Microsoft-Windows-Sysmon
T1615,,Group Policy Discovery,discovery,process,process creation,DeviceEvents,DeviceEvents,,,Microsoft Defender for Endpoint
T1615,,Group Policy Discovery,discovery,script,script execution,4103,Module logging.,Microsoft-Windows-PowerShell/Operational,,Microsoft-Windows-PowerShell
T1615,,Group Policy Discovery,discovery,script,script execution,4104,Script Block Logging.,Microsoft-Windows-PowerShell/Operational,,Microsoft-Windows-PowerShell
T1615,,Group Policy Discovery,discovery,script,script execution,DeviceEvents,DeviceEvents,,,Microsoft Defender for Endpoint
T1036.007,True,Double File Extension,defense-evasion,file,file creation,DeviceFileEvents,DeviceFileEvents,,,Microsoft Defender for Endpoint
T1036.007,True,Double File Extension,defense-evasion,file,file creation,4663,An attempt was made to access an object.,Security,File System,Microsoft-Windows-Security-Auditing
T1036.007,True,Double File Extension,defense-evasion,file,file creation,11,FileCreate,Microsoft-Windows-Sysmon/Operational,,Microsoft-Windows-Sysmon
T1562.009,True,Safe Mode Boot,defense-evasion,windows registry,windows registry key modification,13,RegistryEvent (Value Set).,Microsoft-Windows-Sysmon/Operational,,Microsoft-Windows-Sysmon
T1562.009,True,Safe Mode Boot,defense-evasion,windows registry,windows registry key modification,14,RegistryEvent (Key and Value Rename).,Microsoft-Windows-Sysmon/Operational,,Microsoft-Windows-Sysmon
T1562.009,True,Safe Mode Boot,defense-evasion,windows registry,windows registry key modification,4657,A registry value was modified.,Security,Registry,Microsoft-Windows-Security-Auditing
T1562.009,True,Safe Mode Boot,defense-evasion,windows registry,windows registry key modification,4670,Permissions on an object were changed.,Security,Registry,Microsoft-Windows-Security-Auditing
T1562.009,True,Safe Mode Boot,defense-evasion,windows registry,windows registry key modification,DeviceRegistryEvents,DeviceRegistryEvents,,,Microsoft Defender for Endpoint
T1562.009,True,Safe Mode Boot,defense-evasion,windows registry,windows registry key creation,12,RegistryEvent (Object create and delete).,Microsoft-Windows-Sysmon/Operational,,Microsoft-Windows-Sysmon
T1562.009,True,Safe Mode Boot,defense-evasion,windows registry,windows registry key creation,DeviceRegistryEvents,DeviceRegistryEvents,,,Microsoft Defender for Endpoint
T1562.009,True,Safe Mode Boot,defense-evasion,windows registry,windows registry key creation,4657,A registry value was modified.,Security,Registry,Microsoft-Windows-Security-Auditing
T1562.009,True,Safe Mode Boot,defense-evasion,command,command execution,4688,A new process has been created.,Security,Process Creation,Microsoft-Windows-Security-Auditing
T1562.009,True,Safe Mode Boot,defense-evasion,command,command execution,1,Process Creation.,Microsoft-Windows-Sysmon/Operational,,Microsoft-Windows-Sysmon
T1562.009,True,Safe Mode Boot,defense-evasion,command,command execution,4103,Module logging.,Microsoft-Windows-PowerShell/Operational,,Microsoft-Windows-PowerShell
T1562.009,True,Safe Mode Boot,defense-evasion,command,command execution,DeviceProcessEvents,DeviceProcessEvents,,,Microsoft Defender for Endpoint
T1562.009,True,Safe Mode Boot,defense-evasion,process,process creation,4688,A new process has been created.,Security,Process Creation,Microsoft-Windows-Security-Auditing
T1562.009,True,Safe Mode Boot,defense-evasion,process,process creation,1,Process Creation.,Microsoft-Windows-Sysmon/Operational,,Microsoft-Windows-Sysmon
T1562.009,True,Safe Mode Boot,defense-evasion,process,process creation,DeviceProcessEvents,DeviceProcessEvents,,,Microsoft Defender for Endpoint
T1562.009,True,Safe Mode Boot,defense-evasion,process,process creation,8,CreateRemoteThread.,Microsoft-Windows-Sysmon/Operational,,Microsoft-Windows-Sysmon
T1562.009,True,Safe Mode Boot,defense-evasion,process,process creation,DeviceEvents,DeviceEvents,,,Microsoft Defender for Endpoint
T1564.008,True,Email Hiding Rules,defense-evasion,file,file modification,4670,Permissions on an object were changed.,Security,File System,Microsoft-Windows-Security-Auditing
T1564.008,True,Email Hiding Rules,defense-evasion,file,file modification,DeviceFileEvents,DeviceFileEvents,,,Microsoft Defender for Endpoint
T1564.008,True,Email Hiding Rules,defense-evasion,file,file modification,2,A process changed a file creation time.,Microsoft-Windows-Sysmon/Operational,,Microsoft-Windows-Sysmon
T1564.008,True,Email Hiding Rules,defense-evasion,file,file modification,11,FileCreate.,Microsoft-Windows-Sysmon/Operational,,Microsoft-Windows-Sysmon
T1564.008,True,Email Hiding Rules,defense-evasion,command,command execution,4688,A new process has been created.,Security,Process Creation,Microsoft-Windows-Security-Auditing
T1564.008,True,Email Hiding Rules,defense-evasion,command,command execution,1,Process Creation.,Microsoft-Windows-Sysmon/Operational,,Microsoft-Windows-Sysmon
T1564.008,True,Email Hiding Rules,defense-evasion,command,command execution,4103,Module logging.,Microsoft-Windows-PowerShell/Operational,,Microsoft-Windows-PowerShell
T1564.008,True,Email Hiding Rules,defense-evasion,command,command execution,DeviceProcessEvents,DeviceProcessEvents,,,Microsoft Defender for Endpoint
T1505.004,True,IIS Components,persistence,file,file creation,DeviceFileEvents,DeviceFileEvents,,,Microsoft Defender for Endpoint
T1505.004,True,IIS Components,persistence,file,file creation,4663,An attempt was made to access an object.,Security,File System,Microsoft-Windows-Security-Auditing
T1505.004,True,IIS Components,persistence,file,file creation,11,FileCreate,Microsoft-Windows-Sysmon/Operational,,Microsoft-Windows-Sysmon
T1505.004,True,IIS Components,persistence,file,file modification,4670,Permissions on an object were changed.,Security,File System,Microsoft-Windows-Security-Auditing
T1505.004,True,IIS Components,persistence,file,file modification,DeviceFileEvents,DeviceFileEvents,,,Microsoft Defender for Endpoint
T1505.004,True,IIS Components,persistence,file,file modification,2,A process changed a file creation time.,Microsoft-Windows-Sysmon/Operational,,Microsoft-Windows-Sysmon
T1505.004,True,IIS Components,persistence,file,file modification,11,FileCreate.,Microsoft-Windows-Sysmon/Operational,,Microsoft-Windows-Sysmon
T1505.004,True,IIS Components,persistence,command,command execution,4688,A new process has been created.,Security,Process Creation,Microsoft-Windows-Security-Auditing
T1505.004,True,IIS Components,persistence,command,command execution,1,Process Creation.,Microsoft-Windows-Sysmon/Operational,,Microsoft-Windows-Sysmon
T1505.004,True,IIS Components,persistence,command,command execution,4103,Module logging.,Microsoft-Windows-PowerShell/Operational,,Microsoft-Windows-PowerShell
T1505.004,True,IIS Components,persistence,command,command execution,DeviceProcessEvents,DeviceProcessEvents,,,Microsoft Defender for Endpoint
T1027.006,True,HTML Smuggling,defense-evasion,file,file creation,DeviceFileEvents,DeviceFileEvents,,,Microsoft Defender for Endpoint
T1027.006,True,HTML Smuggling,defense-evasion,file,file creation,4663,An attempt was made to access an object.,Security,File System,Microsoft-Windows-Security-Auditing
T1027.006,True,HTML Smuggling,defense-evasion,file,file creation,11,FileCreate,Microsoft-Windows-Sysmon/Operational,,Microsoft-Windows-Sysmon
T1553.006,True,Code Signing Policy Modification,defense-evasion,windows registry,windows registry key modification,13,RegistryEvent (Value Set).,Microsoft-Windows-Sysmon/Operational,,Microsoft-Windows-Sysmon
T1553.006,True,Code Signing Policy Modification,defense-evasion,windows registry,windows registry key modification,14,RegistryEvent (Key and Value Rename).,Microsoft-Windows-Sysmon/Operational,,Microsoft-Windows-Sysmon
T1553.006,True,Code Signing Policy Modification,defense-evasion,windows registry,windows registry key modification,4657,A registry value was modified.,Security,Registry,Microsoft-Windows-Security-Auditing
T1553.006,True,Code Signing Policy Modification,defense-evasion,windows registry,windows registry key modification,4670,Permissions on an object were changed.,Security,Registry,Microsoft-Windows-Security-Auditing
T1553.006,True,Code Signing Policy Modification,defense-evasion,windows registry,windows registry key modification,DeviceRegistryEvents,DeviceRegistryEvents,,,Microsoft Defender for Endpoint
T1553.006,True,Code Signing Policy Modification,defense-evasion,process,process creation,4688,A new process has been created.,Security,Process Creation,Microsoft-Windows-Security-Auditing
T1553.006,True,Code Signing Policy Modification,defense-evasion,process,process creation,1,Process Creation.,Microsoft-Windows-Sysmon/Operational,,Microsoft-Windows-Sysmon
T1553.006,True,Code Signing Policy Modification,defense-evasion,process,process creation,DeviceProcessEvents,DeviceProcessEvents,,,Microsoft Defender for Endpoint
T1553.006,True,Code Signing Policy Modification,defense-evasion,process,process creation,8,CreateRemoteThread.,Microsoft-Windows-Sysmon/Operational,,Microsoft-Windows-Sysmon
T1553.006,True,Code Signing Policy Modification,defense-evasion,process,process creation,DeviceEvents,DeviceEvents,,,Microsoft Defender for Endpoint
T1553.006,True,Code Signing Policy Modification,defense-evasion,command,command execution,4688,A new process has been created.,Security,Process Creation,Microsoft-Windows-Security-Auditing
T1553.006,True,Code Signing Policy Modification,defense-evasion,command,command execution,1,Process Creation.,Microsoft-Windows-Sysmon/Operational,,Microsoft-Windows-Sysmon
T1553.006,True,Code Signing Policy Modification,defense-evasion,command,command execution,4103,Module logging.,Microsoft-Windows-PowerShell/Operational,,Microsoft-Windows-PowerShell
T1553.006,True,Code Signing Policy Modification,defense-evasion,command,command execution,DeviceProcessEvents,DeviceProcessEvents,,,Microsoft Defender for Endpoint
T1614,,System Location Discovery,discovery,process,os api execution,8,CreateRemoteThread.,Microsoft-Windows-Sysmon/Operational,,Microsoft-Windows-Sysmon
T1614,,System Location Discovery,discovery,process,os api execution,DeviceEvents,DeviceEvents,,,Microsoft Defender for Endpoint
T1614,,System Location Discovery,discovery,process,process creation,4688,A new process has been created.,Security,Process Creation,Microsoft-Windows-Security-Auditing
T1614,,System Location Discovery,discovery,process,process creation,1,Process Creation.,Microsoft-Windows-Sysmon/Operational,,Microsoft-Windows-Sysmon
T1614,,System Location Discovery,discovery,process,process creation,DeviceProcessEvents,DeviceProcessEvents,,,Microsoft Defender for Endpoint
T1614,,System Location Discovery,discovery,process,process creation,8,CreateRemoteThread.,Microsoft-Windows-Sysmon/Operational,,Microsoft-Windows-Sysmon
T1614,,System Location Discovery,discovery,process,process creation,DeviceEvents,DeviceEvents,,,Microsoft Defender for Endpoint
T1614,,System Location Discovery,discovery,command,command execution,4688,A new process has been created.,Security,Process Creation,Microsoft-Windows-Security-Auditing
T1614,,System Location Discovery,discovery,command,command execution,1,Process Creation.,Microsoft-Windows-Sysmon/Operational,,Microsoft-Windows-Sysmon
T1614,,System Location Discovery,discovery,command,command execution,4103,Module logging.,Microsoft-Windows-PowerShell/Operational,,Microsoft-Windows-PowerShell
T1614,,System Location Discovery,discovery,command,command execution,DeviceProcessEvents,DeviceProcessEvents,,,Microsoft Defender for Endpoint
T1611,,Escape to Host,privilege-escalation,process,os api execution,8,CreateRemoteThread.,Microsoft-Windows-Sysmon/Operational,,Microsoft-Windows-Sysmon
T1611,,Escape to Host,privilege-escalation,process,os api execution,DeviceEvents,DeviceEvents,,,Microsoft Defender for Endpoint
T1611,,Escape to Host,privilege-escalation,process,process creation,4688,A new process has been created.,Security,Process Creation,Microsoft-Windows-Security-Auditing
T1611,,Escape to Host,privilege-escalation,process,process creation,1,Process Creation.,Microsoft-Windows-Sysmon/Operational,,Microsoft-Windows-Sysmon
T1611,,Escape to Host,privilege-escalation,process,process creation,DeviceProcessEvents,DeviceProcessEvents,,,Microsoft Defender for Endpoint
T1611,,Escape to Host,privilege-escalation,process,process creation,8,CreateRemoteThread.,Microsoft-Windows-Sysmon/Operational,,Microsoft-Windows-Sysmon
T1611,,Escape to Host,privilege-escalation,process,process creation,DeviceEvents,DeviceEvents,,,Microsoft Defender for Endpoint
T1016.001,True,Internet Connection Discovery,discovery,command,command execution,4688,A new process has been created.,Security,Process Creation,Microsoft-Windows-Security-Auditing
T1016.001,True,Internet Connection Discovery,discovery,command,command execution,1,Process Creation.,Microsoft-Windows-Sysmon/Operational,,Microsoft-Windows-Sysmon
T1016.001,True,Internet Connection Discovery,discovery,command,command execution,4103,Module logging.,Microsoft-Windows-PowerShell/Operational,,Microsoft-Windows-PowerShell
T1016.001,True,Internet Connection Discovery,discovery,command,command execution,DeviceProcessEvents,DeviceProcessEvents,,,Microsoft Defender for Endpoint
T1016.001,True,Internet Connection Discovery,discovery,process,process creation,4688,A new process has been created.,Security,Process Creation,Microsoft-Windows-Security-Auditing
T1016.001,True,Internet Connection Discovery,discovery,process,process creation,1,Process Creation.,Microsoft-Windows-Sysmon/Operational,,Microsoft-Windows-Sysmon
T1016.001,True,Internet Connection Discovery,discovery,process,process creation,DeviceProcessEvents,DeviceProcessEvents,,,Microsoft Defender for Endpoint
T1016.001,True,Internet Connection Discovery,discovery,process,process creation,8,CreateRemoteThread.,Microsoft-Windows-Sysmon/Operational,,Microsoft-Windows-Sysmon
T1016.001,True,Internet Connection Discovery,discovery,process,process creation,DeviceEvents,DeviceEvents,,,Microsoft Defender for Endpoint
T1553.005,True,Mark-of-the-Web Bypass,defense-evasion,file,file creation,DeviceFileEvents,DeviceFileEvents,,,Microsoft Defender for Endpoint
T1553.005,True,Mark-of-the-Web Bypass,defense-evasion,file,file creation,4663,An attempt was made to access an object.,Security,File System,Microsoft-Windows-Security-Auditing
T1553.005,True,Mark-of-the-Web Bypass,defense-evasion,file,file creation,11,FileCreate,Microsoft-Windows-Sysmon/Operational,,Microsoft-Windows-Sysmon
T1555.005,True,Password Managers,credential-access,command,command execution,4688,A new process has been created.,Security,Process Creation,Microsoft-Windows-Security-Auditing
T1555.005,True,Password Managers,credential-access,command,command execution,1,Process Creation.,Microsoft-Windows-Sysmon/Operational,,Microsoft-Windows-Sysmon
T1555.005,True,Password Managers,credential-access,command,command execution,4103,Module logging.,Microsoft-Windows-PowerShell/Operational,,Microsoft-Windows-PowerShell
T1555.005,True,Password Managers,credential-access,command,command execution,DeviceProcessEvents,DeviceProcessEvents,,,Microsoft Defender for Endpoint
T1555.005,True,Password Managers,credential-access,process,os api execution,8,CreateRemoteThread.,Microsoft-Windows-Sysmon/Operational,,Microsoft-Windows-Sysmon
T1555.005,True,Password Managers,credential-access,process,os api execution,DeviceEvents,DeviceEvents,,,Microsoft Defender for Endpoint
T1555.005,True,Password Managers,credential-access,process,process access,4663,An attempt was made to access an object.,Security,Kernel Object,Microsoft-Windows-Security-Auditing
T1555.005,True,Password Managers,credential-access,process,process access,DeviceEvents,DeviceEvents,,,Microsoft Defender for Endpoint
T1555.005,True,Password Managers,credential-access,process,process access,4656,A handle to an object was requested.,Security,Kernel Object,Microsoft-Windows-Security-Auditing
T1555.005,True,Password Managers,credential-access,process,process access,10,Process Access.,Microsoft-Windows-Sysmon/Operational,,Microsoft-Windows-Sysmon
T1555.005,True,Password Managers,credential-access,process,process access,10,ProcessAccess,Microsoft-Windows-Sysmon/Operational,,Microsoft-Windows-Sysmon
T1555.005,True,Password Managers,credential-access,file,file access,4656,A handle to an object was requested.,Security,File System,Microsoft-Windows-Security-Auditing
T1555.005,True,Password Managers,credential-access,file,file access,4663,An attempt was made to access an object.,Security,File System,Microsoft-Windows-Security-Auditing
T1555.005,True,Password Managers,credential-access,file,file access,4661,A handle to an object was requested.,Security,SAM,Microsoft-Windows-Security-Auditing
T1484.002,True,Domain Trust Modification,defense-evasion;privilege-escalation,active directory,active directory object modification,5136,A directory service object was modified.,Security,Directory Service Changes,Microsoft-Windows-Security-Auditing
T1484.002,True,Domain Trust Modification,defense-evasion;privilege-escalation,active directory,active directory object modification,5139,A directory service object was moved.,Security,Directory Service Changes,Microsoft-Windows-Security-Auditing
T1484.002,True,Domain Trust Modification,defense-evasion;privilege-escalation,active directory,active directory object modification,4719,System audit policy was changed.,Security,Policy Change,Microsoft-Windows-Security-Auditing
T1484.002,True,Domain Trust Modification,defense-evasion;privilege-escalation,active directory,active directory object creation,5137,A directory service object was created.,Security,Directory Service Changes,Microsoft-Windows-Security-Auditing
T1484.002,True,Domain Trust Modification,defense-evasion;privilege-escalation,command,command execution,4688,A new process has been created.,Security,Process Creation,Microsoft-Windows-Security-Auditing
T1484.002,True,Domain Trust Modification,defense-evasion;privilege-escalation,command,command execution,1,Process Creation.,Microsoft-Windows-Sysmon/Operational,,Microsoft-Windows-Sysmon
T1484.002,True,Domain Trust Modification,defense-evasion;privilege-escalation,command,command execution,4103,Module logging.,Microsoft-Windows-PowerShell/Operational,,Microsoft-Windows-PowerShell
T1484.002,True,Domain Trust Modification,defense-evasion;privilege-escalation,command,command execution,DeviceProcessEvents,DeviceProcessEvents,,,Microsoft Defender for Endpoint
T1484.001,True,Group Policy Modification,defense-evasion;privilege-escalation,command,command execution,4688,A new process has been created.,Security,Process Creation,Microsoft-Windows-Security-Auditing
T1484.001,True,Group Policy Modification,defense-evasion;privilege-escalation,command,command execution,1,Process Creation.,Microsoft-Windows-Sysmon/Operational,,Microsoft-Windows-Sysmon
T1484.001,True,Group Policy Modification,defense-evasion;privilege-escalation,command,command execution,4103,Module logging.,Microsoft-Windows-PowerShell/Operational,,Microsoft-Windows-PowerShell
T1484.001,True,Group Policy Modification,defense-evasion;privilege-escalation,command,command execution,DeviceProcessEvents,DeviceProcessEvents,,,Microsoft Defender for Endpoint
T1484.001,True,Group Policy Modification,defense-evasion;privilege-escalation,active directory,active directory object creation,5137,A directory service object was created.,Security,Directory Service Changes,Microsoft-Windows-Security-Auditing
T1484.001,True,Group Policy Modification,defense-evasion;privilege-escalation,active directory,active directory object modification,5136,A directory service object was modified.,Security,Directory Service Changes,Microsoft-Windows-Security-Auditing
T1484.001,True,Group Policy Modification,defense-evasion;privilege-escalation,active directory,active directory object modification,5139,A directory service object was moved.,Security,Directory Service Changes,Microsoft-Windows-Security-Auditing
T1484.001,True,Group Policy Modification,defense-evasion;privilege-escalation,active directory,active directory object modification,4719,System audit policy was changed.,Security,Policy Change,Microsoft-Windows-Security-Auditing
T1484.001,True,Group Policy Modification,defense-evasion;privilege-escalation,active directory,active directory object deletion,5141,A directory service object was deleted.,Security,Directory Service Changes,Microsoft-Windows-Security-Auditing
T1547.014,True,Active Setup,persistence;privilege-escalation,process,process creation,4688,A new process has been created.,Security,Process Creation,Microsoft-Windows-Security-Auditing
T1547.014,True,Active Setup,persistence;privilege-escalation,process,process creation,1,Process Creation.,Microsoft-Windows-Sysmon/Operational,,Microsoft-Windows-Sysmon
T1547.014,True,Active Setup,persistence;privilege-escalation,process,process creation,DeviceProcessEvents,DeviceProcessEvents,,,Microsoft Defender for Endpoint
T1547.014,True,Active Setup,persistence;privilege-escalation,process,process creation,8,CreateRemoteThread.,Microsoft-Windows-Sysmon/Operational,,Microsoft-Windows-Sysmon
T1547.014,True,Active Setup,persistence;privilege-escalation,process,process creation,DeviceEvents,DeviceEvents,,,Microsoft Defender for Endpoint
T1547.014,True,Active Setup,persistence;privilege-escalation,windows registry,windows registry key creation,12,RegistryEvent (Object create and delete).,Microsoft-Windows-Sysmon/Operational,,Microsoft-Windows-Sysmon
T1547.014,True,Active Setup,persistence;privilege-escalation,windows registry,windows registry key creation,DeviceRegistryEvents,DeviceRegistryEvents,,,Microsoft Defender for Endpoint
T1547.014,True,Active Setup,persistence;privilege-escalation,windows registry,windows registry key creation,4657,A registry value was modified.,Security,Registry,Microsoft-Windows-Security-Auditing
T1547.014,True,Active Setup,persistence;privilege-escalation,windows registry,windows registry key modification,13,RegistryEvent (Value Set).,Microsoft-Windows-Sysmon/Operational,,Microsoft-Windows-Sysmon
T1547.014,True,Active Setup,persistence;privilege-escalation,windows registry,windows registry key modification,14,RegistryEvent (Key and Value Rename).,Microsoft-Windows-Sysmon/Operational,,Microsoft-Windows-Sysmon
T1547.014,True,Active Setup,persistence;privilege-escalation,windows registry,windows registry key modification,4657,A registry value was modified.,Security,Registry,Microsoft-Windows-Security-Auditing
T1547.014,True,Active Setup,persistence;privilege-escalation,windows registry,windows registry key modification,4670,Permissions on an object were changed.,Security,Registry,Microsoft-Windows-Security-Auditing
T1547.014,True,Active Setup,persistence;privilege-escalation,windows registry,windows registry key modification,DeviceRegistryEvents,DeviceRegistryEvents,,,Microsoft Defender for Endpoint
T1547.014,True,Active Setup,persistence;privilege-escalation,command,command execution,4688,A new process has been created.,Security,Process Creation,Microsoft-Windows-Security-Auditing
T1547.014,True,Active Setup,persistence;privilege-escalation,command,command execution,1,Process Creation.,Microsoft-Windows-Sysmon/Operational,,Microsoft-Windows-Sysmon
T1547.014,True,Active Setup,persistence;privilege-escalation,command,command execution,4103,Module logging.,Microsoft-Windows-PowerShell/Operational,,Microsoft-Windows-PowerShell
T1547.014,True,Active Setup,persistence;privilege-escalation,command,command execution,DeviceProcessEvents,DeviceProcessEvents,,,Microsoft Defender for Endpoint
T1606.002,True,SAML Tokens,credential-access,logon session,logon session metadata,4703,A token right was adjusted.,Security,Authorization Policy Change,Microsoft-Windows-Security-Auditing
T1606.002,True,SAML Tokens,credential-access,logon session,logon session metadata,4673,A privileged service was called.,Security,Sensitive Privilege Use,Microsoft-Windows-Security-Auditing
T1606.002,True,SAML Tokens,credential-access,logon session,logon session metadata,4674,An operation was attempted on a privileged object.,Security,Sensitive Privilege Use,Microsoft-Windows-Security-Auditing
T1606.002,True,SAML Tokens,credential-access,logon session,logon session metadata,4610,An authentication package has been loaded by the Local Security Authority.,Security,Security System Extension,Microsoft-Windows-Security-Auditing
T1606.002,True,SAML Tokens,credential-access,logon session,logon session metadata,4611,A trusted logon process has been registered with the Local Security Authority.,Security,Security System Extension,Microsoft-Windows-Security-Auditing
T1606.002,True,SAML Tokens,credential-access,logon session,logon session metadata,4614,A notification package has been loaded by the Security Account Manager.,Security,Security System Extension,Microsoft-Windows-Security-Auditing
T1606.002,True,SAML Tokens,credential-access,logon session,logon session metadata,4622,A security package has been loaded by the Local Security Authority.,Security,Security System Extension,Microsoft-Windows-Security-Auditing
T1606.002,True,SAML Tokens,credential-access,logon session,logon session creation,4624,An account was successfully logged on.,Security,Logon,Microsoft-Windows-Security-Auditing
T1606.002,True,SAML Tokens,credential-access,logon session,logon session creation,4778,A session was reconnected to a Window Station.,Security,Other Logon/Logoff Events,Microsoft-Windows-Security-Auditing
T1606.002,True,SAML Tokens,credential-access,logon session,logon session creation,DeviceLogonEvents,DeviceLogonEvents,,,Microsoft Defender for Endpoint
T1606.002,True,SAML Tokens,credential-access,logon session,logon session creation,4964,Special groups have been assigned to a new logon.,Security,Special Logon,Microsoft-Windows-Security-Auditing
T1606.002,True,SAML Tokens,credential-access,user account,user account authentication,4624,An account was successfully logged on.,Security,Logon,Microsoft-Windows-Security-Auditing
T1606.002,True,SAML Tokens,credential-access,user account,user account authentication,4625,An account failed to log on.,Security,Account Lockout,Microsoft-Windows-Security-Auditing
T1606.002,True,SAML Tokens,credential-access,user account,user account authentication,4648,A logon was attempted using explicit credentials.,Security,Logon,Microsoft-Windows-Security-Auditing
T1606.002,True,SAML Tokens,credential-access,user account,user account authentication,DeviceLogonEvents,DeviceLogonEvents,,,Microsoft Defender for Endpoint
T1606.002,True,SAML Tokens,credential-access,user account,user account authentication,4776,The domain controller or local computer attempted to validate the credentials for an account.,Security,Credential Validation,Microsoft-Windows-Security-Auditing
T1606.001,True,Web Cookies,credential-access,logon session,logon session creation,4624,An account was successfully logged on.,Security,Logon,Microsoft-Windows-Security-Auditing
T1606.001,True,Web Cookies,credential-access,logon session,logon session creation,4778,A session was reconnected to a Window Station.,Security,Other Logon/Logoff Events,Microsoft-Windows-Security-Auditing
T1606.001,True,Web Cookies,credential-access,logon session,logon session creation,DeviceLogonEvents,DeviceLogonEvents,,,Microsoft Defender for Endpoint
T1606.001,True,Web Cookies,credential-access,logon session,logon session creation,4964,Special groups have been assigned to a new logon.,Security,Special Logon,Microsoft-Windows-Security-Auditing
T1606,,Forge Web Credentials,credential-access,logon session,logon session creation,4624,An account was successfully logged on.,Security,Logon,Microsoft-Windows-Security-Auditing
T1606,,Forge Web Credentials,credential-access,logon session,logon session creation,4778,A session was reconnected to a Window Station.,Security,Other Logon/Logoff Events,Microsoft-Windows-Security-Auditing
T1606,,Forge Web Credentials,credential-access,logon session,logon session creation,DeviceLogonEvents,DeviceLogonEvents,,,Microsoft Defender for Endpoint
T1606,,Forge Web Credentials,credential-access,logon session,logon session creation,4964,Special groups have been assigned to a new logon.,Security,Special Logon,Microsoft-Windows-Security-Auditing
T1555.004,True,Windows Credential Manager,credential-access,command,command execution,4688,A new process has been created.,Security,Process Creation,Microsoft-Windows-Security-Auditing
T1555.004,True,Windows Credential Manager,credential-access,command,command execution,1,Process Creation.,Microsoft-Windows-Sysmon/Operational,,Microsoft-Windows-Sysmon
T1555.004,True,Windows Credential Manager,credential-access,command,command execution,4103,Module logging.,Microsoft-Windows-PowerShell/Operational,,Microsoft-Windows-PowerShell
T1555.004,True,Windows Credential Manager,credential-access,command,command execution,DeviceProcessEvents,DeviceProcessEvents,,,Microsoft Defender for Endpoint
T1555.004,True,Windows Credential Manager,credential-access,file,file access,4656,A handle to an object was requested.,Security,File System,Microsoft-Windows-Security-Auditing
T1555.004,True,Windows Credential Manager,credential-access,file,file access,4663,An attempt was made to access an object.,Security,File System,Microsoft-Windows-Security-Auditing
T1555.004,True,Windows Credential Manager,credential-access,file,file access,4661,A handle to an object was requested.,Security,SAM,Microsoft-Windows-Security-Auditing
T1555.004,True,Windows Credential Manager,credential-access,process,process creation,4688,A new process has been created.,Security,Process Creation,Microsoft-Windows-Security-Auditing
T1555.004,True,Windows Credential Manager,credential-access,process,process creation,1,Process Creation.,Microsoft-Windows-Sysmon/Operational,,Microsoft-Windows-Sysmon
T1555.004,True,Windows Credential Manager,credential-access,process,process creation,DeviceProcessEvents,DeviceProcessEvents,,,Microsoft Defender for Endpoint
T1555.004,True,Windows Credential Manager,credential-access,process,process creation,8,CreateRemoteThread.,Microsoft-Windows-Sysmon/Operational,,Microsoft-Windows-Sysmon
T1555.004,True,Windows Credential Manager,credential-access,process,process creation,DeviceEvents,DeviceEvents,,,Microsoft Defender for Endpoint
T1555.004,True,Windows Credential Manager,credential-access,process,os api execution,8,CreateRemoteThread.,Microsoft-Windows-Sysmon/Operational,,Microsoft-Windows-Sysmon
T1555.004,True,Windows Credential Manager,credential-access,process,os api execution,DeviceEvents,DeviceEvents,,,Microsoft Defender for Endpoint
T1547.012,True,Print Processors,persistence;privilege-escalation,driver,driver load,6,Driver loaded.,Microsoft-Windows-Sysmon/Operational,,Microsoft-Windows-Sysmon
T1547.012,True,Print Processors,persistence;privilege-escalation,driver,driver load,DeviceEvents,DeviceEvents,,,Microsoft Defender for Endpoint
T1547.012,True,Print Processors,persistence;privilege-escalation,process,os api execution,8,CreateRemoteThread.,Microsoft-Windows-Sysmon/Operational,,Microsoft-Windows-Sysmon
T1547.012,True,Print Processors,persistence;privilege-escalation,process,os api execution,DeviceEvents,DeviceEvents,,,Microsoft Defender for Endpoint
T1547.012,True,Print Processors,persistence;privilege-escalation,windows registry,windows registry key modification,13,RegistryEvent (Value Set).,Microsoft-Windows-Sysmon/Operational,,Microsoft-Windows-Sysmon
T1547.012,True,Print Processors,persistence;privilege-escalation,windows registry,windows registry key modification,14,RegistryEvent (Key and Value Rename).,Microsoft-Windows-Sysmon/Operational,,Microsoft-Windows-Sysmon
T1547.012,True,Print Processors,persistence;privilege-escalation,windows registry,windows registry key modification,4657,A registry value was modified.,Security,Registry,Microsoft-Windows-Security-Auditing
T1547.012,True,Print Processors,persistence;privilege-escalation,windows registry,windows registry key modification,4670,Permissions on an object were changed.,Security,Registry,Microsoft-Windows-Security-Auditing
T1547.012,True,Print Processors,persistence;privilege-escalation,windows registry,windows registry key modification,DeviceRegistryEvents,DeviceRegistryEvents,,,Microsoft Defender for Endpoint
T1547.012,True,Print Processors,persistence;privilege-escalation,module,module load,7,Image loaded.,Microsoft-Windows-Sysmon/Operational,,Microsoft-Windows-Sysmon
T1547.012,True,Print Processors,persistence;privilege-escalation,module,module load,DeviceImageLoadEvents,DeviceImageLoadEvents,,,Microsoft Defender for Endpoint
T1547.012,True,Print Processors,persistence;privilege-escalation,file,file creation,DeviceFileEvents,DeviceFileEvents,,,Microsoft Defender for Endpoint
T1547.012,True,Print Processors,persistence;privilege-escalation,file,file creation,4663,An attempt was made to access an object.,Security,File System,Microsoft-Windows-Security-Auditing
T1547.012,True,Print Processors,persistence;privilege-escalation,file,file creation,11,FileCreate,Microsoft-Windows-Sysmon/Operational,,Microsoft-Windows-Sysmon
T1564.007,True,VBA Stomping,defense-evasion,script,script execution,4103,Module logging.,Microsoft-Windows-PowerShell/Operational,,Microsoft-Windows-PowerShell
T1564.007,True,VBA Stomping,defense-evasion,script,script execution,4104,Script Block Logging.,Microsoft-Windows-PowerShell/Operational,,Microsoft-Windows-PowerShell
T1564.007,True,VBA Stomping,defense-evasion,script,script execution,DeviceEvents,DeviceEvents,,,Microsoft Defender for Endpoint
T1558.004,True,AS-REP Roasting,credential-access,active directory,active directory credential request,4768,A Kerberos authentication ticket (TGT) was requested.,Security,Kerberos Authentication Service,Microsoft-Windows-Security-Auditing
T1558.004,True,AS-REP Roasting,credential-access,active directory,active directory credential request,4769,A Kerberos service ticket was requested.,Security,Kerberos Service Ticket Operations,Microsoft-Windows-Security-Auditing
T1218.012,True,Verclsid,defense-evasion,command,command execution,4688,A new process has been created.,Security,Process Creation,Microsoft-Windows-Security-Auditing
T1218.012,True,Verclsid,defense-evasion,command,command execution,1,Process Creation.,Microsoft-Windows-Sysmon/Operational,,Microsoft-Windows-Sysmon
T1218.012,True,Verclsid,defense-evasion,command,command execution,4103,Module logging.,Microsoft-Windows-PowerShell/Operational,,Microsoft-Windows-PowerShell
T1218.012,True,Verclsid,defense-evasion,command,command execution,DeviceProcessEvents,DeviceProcessEvents,,,Microsoft Defender for Endpoint
T1218.012,True,Verclsid,defense-evasion,process,process creation,4688,A new process has been created.,Security,Process Creation,Microsoft-Windows-Security-Auditing
T1218.012,True,Verclsid,defense-evasion,process,process creation,1,Process Creation.,Microsoft-Windows-Sysmon/Operational,,Microsoft-Windows-Sysmon
T1218.012,True,Verclsid,defense-evasion,process,process creation,DeviceProcessEvents,DeviceProcessEvents,,,Microsoft Defender for Endpoint
T1218.012,True,Verclsid,defense-evasion,process,process creation,8,CreateRemoteThread.,Microsoft-Windows-Sysmon/Operational,,Microsoft-Windows-Sysmon
T1218.012,True,Verclsid,defense-evasion,process,process creation,DeviceEvents,DeviceEvents,,,Microsoft Defender for Endpoint
T1205.001,True,Port Knocking,defense-evasion;persistence;command-and-control,network traffic,network connection creation,5156,The Windows Filtering Platform has permitted a connection.,Security,Filtering Platform Connection,Microsoft-Windows-Security-Auditing
T1205.001,True,Port Knocking,defense-evasion;persistence;command-and-control,network traffic,network connection creation,3,Network connection.,Microsoft-Windows-Sysmon/Operational,,Microsoft-Windows-Sysmon
T1205.001,True,Port Knocking,defense-evasion;persistence;command-and-control,network traffic,network connection creation,DeviceNetworkEvents,DeviceNetworkEvents,,,Microsoft Defender for Endpoint
T1205.001,True,Port Knocking,defense-evasion;persistence;command-and-control,network traffic,network connection creation,5157,The Windows Filtering Platform has blocked a connection.,Security,Filtering Platform Connection,Microsoft-Windows-Security-Auditing
T1205.001,True,Port Knocking,defense-evasion;persistence;command-and-control,network traffic,network connection creation,5154,The Windows Filtering Platform has permitted an application or service to listen on a port for incoming connections.,Security,Filtering Platform Connection,Microsoft-Windows-Security-Auditing
T1205.001,True,Port Knocking,defense-evasion;persistence;command-and-control,network traffic,network connection creation,5159,The Windows Filtering Platform has blocked a bind to a local port.,Security,Filtering Platform Connection,Microsoft-Windows-Security-Auditing
T1205.001,True,Port Knocking,defense-evasion;persistence;command-and-control,network traffic,network connection creation,5155,The Windows Filtering Platform has blocked an application or service from listening on a port for incoming connections.,Security,Filtering Platform Connection,Microsoft-Windows-Security-Auditing
T1205.001,True,Port Knocking,defense-evasion;persistence;command-and-control,network traffic,network connection creation,5031,The Windows Firewall Service blocked an application from accepting incoming connections on the network.,Security,Filtering Platform Connection,Microsoft-Windows-Security-Auditing
T1205.001,True,Port Knocking,defense-evasion;persistence;command-and-control,network traffic,network connection creation,DeviceEvents,DeviceEvents,,,Microsoft Defender for Endpoint
T1205.001,True,Port Knocking,defense-evasion;persistence;command-and-control,network traffic,network connection creation,5158,The Windows Filtering Platform has permitted a bind to a local port.,Security,Filtering Platform Connection,Microsoft-Windows-Security-Auditing
T1564.006,True,Run Virtual Instance,defense-evasion,process,process creation,4688,A new process has been created.,Security,Process Creation,Microsoft-Windows-Security-Auditing
T1564.006,True,Run Virtual Instance,defense-evasion,process,process creation,1,Process Creation.,Microsoft-Windows-Sysmon/Operational,,Microsoft-Windows-Sysmon
T1564.006,True,Run Virtual Instance,defense-evasion,process,process creation,DeviceProcessEvents,DeviceProcessEvents,,,Microsoft Defender for Endpoint
T1564.006,True,Run Virtual Instance,defense-evasion,process,process creation,8,CreateRemoteThread.,Microsoft-Windows-Sysmon/Operational,,Microsoft-Windows-Sysmon
T1564.006,True,Run Virtual Instance,defense-evasion,process,process creation,DeviceEvents,DeviceEvents,,,Microsoft Defender for Endpoint
T1564.006,True,Run Virtual Instance,defense-evasion,command,command execution,4688,A new process has been created.,Security,Process Creation,Microsoft-Windows-Security-Auditing
T1564.006,True,Run Virtual Instance,defense-evasion,command,command execution,1,Process Creation.,Microsoft-Windows-Sysmon/Operational,,Microsoft-Windows-Sysmon
T1564.006,True,Run Virtual Instance,defense-evasion,command,command execution,4103,Module logging.,Microsoft-Windows-PowerShell/Operational,,Microsoft-Windows-PowerShell
T1564.006,True,Run Virtual Instance,defense-evasion,command,command execution,DeviceProcessEvents,DeviceProcessEvents,,,Microsoft Defender for Endpoint
T1564.006,True,Run Virtual Instance,defense-evasion,file,file creation,DeviceFileEvents,DeviceFileEvents,,,Microsoft Defender for Endpoint
T1564.006,True,Run Virtual Instance,defense-evasion,file,file creation,4663,An attempt was made to access an object.,Security,File System,Microsoft-Windows-Security-Auditing
T1564.006,True,Run Virtual Instance,defense-evasion,file,file creation,11,FileCreate,Microsoft-Windows-Sysmon/Operational,,Microsoft-Windows-Sysmon
T1564.006,True,Run Virtual Instance,defense-evasion,windows registry,windows registry key modification,13,RegistryEvent (Value Set).,Microsoft-Windows-Sysmon/Operational,,Microsoft-Windows-Sysmon
T1564.006,True,Run Virtual Instance,defense-evasion,windows registry,windows registry key modification,14,RegistryEvent (Key and Value Rename).,Microsoft-Windows-Sysmon/Operational,,Microsoft-Windows-Sysmon
T1564.006,True,Run Virtual Instance,defense-evasion,windows registry,windows registry key modification,4657,A registry value was modified.,Security,Registry,Microsoft-Windows-Security-Auditing
T1564.006,True,Run Virtual Instance,defense-evasion,windows registry,windows registry key modification,4670,Permissions on an object were changed.,Security,Registry,Microsoft-Windows-Security-Auditing
T1564.006,True,Run Virtual Instance,defense-evasion,windows registry,windows registry key modification,DeviceRegistryEvents,DeviceRegistryEvents,,,Microsoft Defender for Endpoint
T1564.006,True,Run Virtual Instance,defense-evasion,service,service creation,4697,A service was installed in the system.,Security,Security System Extension,Microsoft-Windows-Security-Auditing
T1564.006,True,Run Virtual Instance,defense-evasion,service,service creation,7045,A new service was installed in the system.,System,,Service Control Manager
T1564.006,True,Run Virtual Instance,defense-evasion,service,service creation,DeviceEvents,DeviceEvents,,,Microsoft Defender for Endpoint
T1564.005,True,Hidden File System,defense-evasion,windows registry,windows registry key modification,13,RegistryEvent (Value Set).,Microsoft-Windows-Sysmon/Operational,,Microsoft-Windows-Sysmon
T1564.005,True,Hidden File System,defense-evasion,windows registry,windows registry key modification,14,RegistryEvent (Key and Value Rename).,Microsoft-Windows-Sysmon/Operational,,Microsoft-Windows-Sysmon
T1564.005,True,Hidden File System,defense-evasion,windows registry,windows registry key modification,4657,A registry value was modified.,Security,Registry,Microsoft-Windows-Security-Auditing
T1564.005,True,Hidden File System,defense-evasion,windows registry,windows registry key modification,4670,Permissions on an object were changed.,Security,Registry,Microsoft-Windows-Security-Auditing
T1564.005,True,Hidden File System,defense-evasion,windows registry,windows registry key modification,DeviceRegistryEvents,DeviceRegistryEvents,,,Microsoft Defender for Endpoint
T1564.005,True,Hidden File System,defense-evasion,file,file modification,4670,Permissions on an object were changed.,Security,File System,Microsoft-Windows-Security-Auditing
T1564.005,True,Hidden File System,defense-evasion,file,file modification,DeviceFileEvents,DeviceFileEvents,,,Microsoft Defender for Endpoint
T1564.005,True,Hidden File System,defense-evasion,file,file modification,2,A process changed a file creation time.,Microsoft-Windows-Sysmon/Operational,,Microsoft-Windows-Sysmon
T1564.005,True,Hidden File System,defense-evasion,file,file modification,11,FileCreate.,Microsoft-Windows-Sysmon/Operational,,Microsoft-Windows-Sysmon
T1574.012,True,COR_PROFILER,persistence;privilege-escalation;defense-evasion,windows registry,windows registry key modification,13,RegistryEvent (Value Set).,Microsoft-Windows-Sysmon/Operational,,Microsoft-Windows-Sysmon
T1574.012,True,COR_PROFILER,persistence;privilege-escalation;defense-evasion,windows registry,windows registry key modification,14,RegistryEvent (Key and Value Rename).,Microsoft-Windows-Sysmon/Operational,,Microsoft-Windows-Sysmon
T1574.012,True,COR_PROFILER,persistence;privilege-escalation;defense-evasion,windows registry,windows registry key modification,4657,A registry value was modified.,Security,Registry,Microsoft-Windows-Security-Auditing
T1574.012,True,COR_PROFILER,persistence;privilege-escalation;defense-evasion,windows registry,windows registry key modification,4670,Permissions on an object were changed.,Security,Registry,Microsoft-Windows-Security-Auditing
T1574.012,True,COR_PROFILER,persistence;privilege-escalation;defense-evasion,windows registry,windows registry key modification,DeviceRegistryEvents,DeviceRegistryEvents,,,Microsoft Defender for Endpoint
T1574.012,True,COR_PROFILER,persistence;privilege-escalation;defense-evasion,command,command execution,4688,A new process has been created.,Security,Process Creation,Microsoft-Windows-Security-Auditing
T1574.012,True,COR_PROFILER,persistence;privilege-escalation;defense-evasion,command,command execution,1,Process Creation.,Microsoft-Windows-Sysmon/Operational,,Microsoft-Windows-Sysmon
T1574.012,True,COR_PROFILER,persistence;privilege-escalation;defense-evasion,command,command execution,4103,Module logging.,Microsoft-Windows-PowerShell/Operational,,Microsoft-Windows-PowerShell
T1574.012,True,COR_PROFILER,persistence;privilege-escalation;defense-evasion,command,command execution,DeviceProcessEvents,DeviceProcessEvents,,,Microsoft Defender for Endpoint
T1574.012,True,COR_PROFILER,persistence;privilege-escalation;defense-evasion,module,module load,7,Image loaded.,Microsoft-Windows-Sysmon/Operational,,Microsoft-Windows-Sysmon
T1574.012,True,COR_PROFILER,persistence;privilege-escalation;defense-evasion,module,module load,DeviceImageLoadEvents,DeviceImageLoadEvents,,,Microsoft Defender for Endpoint
T1574.012,True,COR_PROFILER,persistence;privilege-escalation;defense-evasion,process,process creation,4688,A new process has been created.,Security,Process Creation,Microsoft-Windows-Security-Auditing
T1574.012,True,COR_PROFILER,persistence;privilege-escalation;defense-evasion,process,process creation,1,Process Creation.,Microsoft-Windows-Sysmon/Operational,,Microsoft-Windows-Sysmon
T1574.012,True,COR_PROFILER,persistence;privilege-escalation;defense-evasion,process,process creation,DeviceProcessEvents,DeviceProcessEvents,,,Microsoft Defender for Endpoint
T1574.012,True,COR_PROFILER,persistence;privilege-escalation;defense-evasion,process,process creation,8,CreateRemoteThread.,Microsoft-Windows-Sysmon/Operational,,Microsoft-Windows-Sysmon
T1574.012,True,COR_PROFILER,persistence;privilege-escalation;defense-evasion,process,process creation,DeviceEvents,DeviceEvents,,,Microsoft Defender for Endpoint
T1480.001,True,Environmental Keying,defense-evasion,process,process creation,4688,A new process has been created.,Security,Process Creation,Microsoft-Windows-Security-Auditing
T1480.001,True,Environmental Keying,defense-evasion,process,process creation,1,Process Creation.,Microsoft-Windows-Sysmon/Operational,,Microsoft-Windows-Sysmon
T1480.001,True,Environmental Keying,defense-evasion,process,process creation,DeviceProcessEvents,DeviceProcessEvents,,,Microsoft Defender for Endpoint
T1480.001,True,Environmental Keying,defense-evasion,process,process creation,8,CreateRemoteThread.,Microsoft-Windows-Sysmon/Operational,,Microsoft-Windows-Sysmon
T1480.001,True,Environmental Keying,defense-evasion,process,process creation,DeviceEvents,DeviceEvents,,,Microsoft Defender for Endpoint
T1480.001,True,Environmental Keying,defense-evasion,command,command execution,4688,A new process has been created.,Security,Process Creation,Microsoft-Windows-Security-Auditing
T1480.001,True,Environmental Keying,defense-evasion,command,command execution,1,Process Creation.,Microsoft-Windows-Sysmon/Operational,,Microsoft-Windows-Sysmon
T1480.001,True,Environmental Keying,defense-evasion,command,command execution,4103,Module logging.,Microsoft-Windows-PowerShell/Operational,,Microsoft-Windows-PowerShell
T1480.001,True,Environmental Keying,defense-evasion,command,command execution,DeviceProcessEvents,DeviceProcessEvents,,,Microsoft Defender for Endpoint
T1059.007,True,JavaScript,execution,command,command execution,4688,A new process has been created.,Security,Process Creation,Microsoft-Windows-Security-Auditing
T1059.007,True,JavaScript,execution,command,command execution,1,Process Creation.,Microsoft-Windows-Sysmon/Operational,,Microsoft-Windows-Sysmon
T1059.007,True,JavaScript,execution,command,command execution,4103,Module logging.,Microsoft-Windows-PowerShell/Operational,,Microsoft-Windows-PowerShell
T1059.007,True,JavaScript,execution,command,command execution,DeviceProcessEvents,DeviceProcessEvents,,,Microsoft Defender for Endpoint
T1059.007,True,JavaScript,execution,script,script execution,4103,Module logging.,Microsoft-Windows-PowerShell/Operational,,Microsoft-Windows-PowerShell
T1059.007,True,JavaScript,execution,script,script execution,4104,Script Block Logging.,Microsoft-Windows-PowerShell/Operational,,Microsoft-Windows-PowerShell
T1059.007,True,JavaScript,execution,script,script execution,DeviceEvents,DeviceEvents,,,Microsoft Defender for Endpoint
T1059.007,True,JavaScript,execution,process,process creation,4688,A new process has been created.,Security,Process Creation,Microsoft-Windows-Security-Auditing
T1059.007,True,JavaScript,execution,process,process creation,1,Process Creation.,Microsoft-Windows-Sysmon/Operational,,Microsoft-Windows-Sysmon
T1059.007,True,JavaScript,execution,process,process creation,DeviceProcessEvents,DeviceProcessEvents,,,Microsoft Defender for Endpoint
T1059.007,True,JavaScript,execution,process,process creation,8,CreateRemoteThread.,Microsoft-Windows-Sysmon/Operational,,Microsoft-Windows-Sysmon
T1059.007,True,JavaScript,execution,process,process creation,DeviceEvents,DeviceEvents,,,Microsoft Defender for Endpoint
T1059.007,True,JavaScript,execution,module,module load,7,Image loaded.,Microsoft-Windows-Sysmon/Operational,,Microsoft-Windows-Sysmon
T1059.007,True,JavaScript,execution,module,module load,DeviceImageLoadEvents,DeviceImageLoadEvents,,,Microsoft Defender for Endpoint
T1127.001,True,MSBuild,defense-evasion,command,command execution,4688,A new process has been created.,Security,Process Creation,Microsoft-Windows-Security-Auditing
T1127.001,True,MSBuild,defense-evasion,command,command execution,1,Process Creation.,Microsoft-Windows-Sysmon/Operational,,Microsoft-Windows-Sysmon
T1127.001,True,MSBuild,defense-evasion,command,command execution,4103,Module logging.,Microsoft-Windows-PowerShell/Operational,,Microsoft-Windows-PowerShell
T1127.001,True,MSBuild,defense-evasion,command,command execution,DeviceProcessEvents,DeviceProcessEvents,,,Microsoft Defender for Endpoint
T1127.001,True,MSBuild,defense-evasion,process,process creation,4688,A new process has been created.,Security,Process Creation,Microsoft-Windows-Security-Auditing
T1127.001,True,MSBuild,defense-evasion,process,process creation,1,Process Creation.,Microsoft-Windows-Sysmon/Operational,,Microsoft-Windows-Sysmon
T1127.001,True,MSBuild,defense-evasion,process,process creation,DeviceProcessEvents,DeviceProcessEvents,,,Microsoft Defender for Endpoint
T1127.001,True,MSBuild,defense-evasion,process,process creation,8,CreateRemoteThread.,Microsoft-Windows-Sysmon/Operational,,Microsoft-Windows-Sysmon
T1127.001,True,MSBuild,defense-evasion,process,process creation,DeviceEvents,DeviceEvents,,,Microsoft Defender for Endpoint
T1562.006,True,Indicator Blocking,defense-evasion,windows registry,windows registry key modification,13,RegistryEvent (Value Set).,Microsoft-Windows-Sysmon/Operational,,Microsoft-Windows-Sysmon
T1562.006,True,Indicator Blocking,defense-evasion,windows registry,windows registry key modification,14,RegistryEvent (Key and Value Rename).,Microsoft-Windows-Sysmon/Operational,,Microsoft-Windows-Sysmon
T1562.006,True,Indicator Blocking,defense-evasion,windows registry,windows registry key modification,4657,A registry value was modified.,Security,Registry,Microsoft-Windows-Security-Auditing
T1562.006,True,Indicator Blocking,defense-evasion,windows registry,windows registry key modification,4670,Permissions on an object were changed.,Security,Registry,Microsoft-Windows-Security-Auditing
T1562.006,True,Indicator Blocking,defense-evasion,windows registry,windows registry key modification,DeviceRegistryEvents,DeviceRegistryEvents,,,Microsoft Defender for Endpoint
T1562.006,True,Indicator Blocking,defense-evasion,sensor health,host status,4,Sysmon service state changed.,Microsoft-Windows-Sysmon/Operational,,Microsoft-Windows-Sysmon
T1562.006,True,Indicator Blocking,defense-evasion,sensor health,host status,1100,The event logging service has shut down.,,,Microsoft-Windows-Eventlog
T1562.006,True,Indicator Blocking,defense-evasion,sensor health,host status,1101,Audit events have been dropped by the transport.,,,Microsoft-Windows-Eventlog
T1562.006,True,Indicator Blocking,defense-evasion,sensor health,host status,1102,The audit log was cleared.,,,Microsoft-Windows-Eventlog
T1562.006,True,Indicator Blocking,defense-evasion,sensor health,host status,1104,The security Log is now full.,,,Microsoft-Windows-Eventlog
T1562.006,True,Indicator Blocking,defense-evasion,sensor health,host status,6005,The Event log service was started.,System,,EventLog
T1562.006,True,Indicator Blocking,defense-evasion,sensor health,host status,6006,The Event log service was stopped.,System,,EventLog
T1562.006,True,Indicator Blocking,defense-evasion,sensor health,host status,4616,The system time was changed.,Security,Security State Change,Microsoft-Windows-Security-Auditing
T1562.006,True,Indicator Blocking,defense-evasion,command,command execution,4688,A new process has been created.,Security,Process Creation,Microsoft-Windows-Security-Auditing
T1562.006,True,Indicator Blocking,defense-evasion,command,command execution,1,Process Creation.,Microsoft-Windows-Sysmon/Operational,,Microsoft-Windows-Sysmon
T1562.006,True,Indicator Blocking,defense-evasion,command,command execution,4103,Module logging.,Microsoft-Windows-PowerShell/Operational,,Microsoft-Windows-PowerShell
T1562.006,True,Indicator Blocking,defense-evasion,command,command execution,DeviceProcessEvents,DeviceProcessEvents,,,Microsoft Defender for Endpoint
T1027.004,True,Compile After Delivery,defense-evasion,file,file creation,DeviceFileEvents,DeviceFileEvents,,,Microsoft Defender for Endpoint
T1027.004,True,Compile After Delivery,defense-evasion,file,file creation,4663,An attempt was made to access an object.,Security,File System,Microsoft-Windows-Security-Auditing
T1027.004,True,Compile After Delivery,defense-evasion,file,file creation,11,FileCreate,Microsoft-Windows-Sysmon/Operational,,Microsoft-Windows-Sysmon
T1027.004,True,Compile After Delivery,defense-evasion,process,process creation,4688,A new process has been created.,Security,Process Creation,Microsoft-Windows-Security-Auditing
T1027.004,True,Compile After Delivery,defense-evasion,process,process creation,1,Process Creation.,Microsoft-Windows-Sysmon/Operational,,Microsoft-Windows-Sysmon
T1027.004,True,Compile After Delivery,defense-evasion,process,process creation,DeviceProcessEvents,DeviceProcessEvents,,,Microsoft Defender for Endpoint
T1027.004,True,Compile After Delivery,defense-evasion,process,process creation,8,CreateRemoteThread.,Microsoft-Windows-Sysmon/Operational,,Microsoft-Windows-Sysmon
T1027.004,True,Compile After Delivery,defense-evasion,process,process creation,DeviceEvents,DeviceEvents,,,Microsoft Defender for Endpoint
T1027.004,True,Compile After Delivery,defense-evasion,command,command execution,4688,A new process has been created.,Security,Process Creation,Microsoft-Windows-Security-Auditing
T1027.004,True,Compile After Delivery,defense-evasion,command,command execution,1,Process Creation.,Microsoft-Windows-Sysmon/Operational,,Microsoft-Windows-Sysmon
T1027.004,True,Compile After Delivery,defense-evasion,command,command execution,4103,Module logging.,Microsoft-Windows-PowerShell/Operational,,Microsoft-Windows-PowerShell
T1027.004,True,Compile After Delivery,defense-evasion,command,command execution,DeviceProcessEvents,DeviceProcessEvents,,,Microsoft Defender for Endpoint
T1546.015,True,Component Object Model Hijacking,privilege-escalation;persistence,command,command execution,4688,A new process has been created.,Security,Process Creation,Microsoft-Windows-Security-Auditing
T1546.015,True,Component Object Model Hijacking,privilege-escalation;persistence,command,command execution,1,Process Creation.,Microsoft-Windows-Sysmon/Operational,,Microsoft-Windows-Sysmon
T1546.015,True,Component Object Model Hijacking,privilege-escalation;persistence,command,command execution,4103,Module logging.,Microsoft-Windows-PowerShell/Operational,,Microsoft-Windows-PowerShell
T1546.015,True,Component Object Model Hijacking,privilege-escalation;persistence,command,command execution,DeviceProcessEvents,DeviceProcessEvents,,,Microsoft Defender for Endpoint
T1546.015,True,Component Object Model Hijacking,privilege-escalation;persistence,module,module load,7,Image loaded.,Microsoft-Windows-Sysmon/Operational,,Microsoft-Windows-Sysmon
T1546.015,True,Component Object Model Hijacking,privilege-escalation;persistence,module,module load,DeviceImageLoadEvents,DeviceImageLoadEvents,,,Microsoft Defender for Endpoint
T1546.015,True,Component Object Model Hijacking,privilege-escalation;persistence,windows registry,windows registry key modification,13,RegistryEvent (Value Set).,Microsoft-Windows-Sysmon/Operational,,Microsoft-Windows-Sysmon
T1546.015,True,Component Object Model Hijacking,privilege-escalation;persistence,windows registry,windows registry key modification,14,RegistryEvent (Key and Value Rename).,Microsoft-Windows-Sysmon/Operational,,Microsoft-Windows-Sysmon
T1546.015,True,Component Object Model Hijacking,privilege-escalation;persistence,windows registry,windows registry key modification,4657,A registry value was modified.,Security,Registry,Microsoft-Windows-Security-Auditing
T1546.015,True,Component Object Model Hijacking,privilege-escalation;persistence,windows registry,windows registry key modification,4670,Permissions on an object were changed.,Security,Registry,Microsoft-Windows-Security-Auditing
T1546.015,True,Component Object Model Hijacking,privilege-escalation;persistence,windows registry,windows registry key modification,DeviceRegistryEvents,DeviceRegistryEvents,,,Microsoft Defender for Endpoint
T1546.015,True,Component Object Model Hijacking,privilege-escalation;persistence,process,process creation,4688,A new process has been created.,Security,Process Creation,Microsoft-Windows-Security-Auditing
T1546.015,True,Component Object Model Hijacking,privilege-escalation;persistence,process,process creation,1,Process Creation.,Microsoft-Windows-Sysmon/Operational,,Microsoft-Windows-Sysmon
T1546.015,True,Component Object Model Hijacking,privilege-escalation;persistence,process,process creation,DeviceProcessEvents,DeviceProcessEvents,,,Microsoft Defender for Endpoint
T1546.015,True,Component Object Model Hijacking,privilege-escalation;persistence,process,process creation,8,CreateRemoteThread.,Microsoft-Windows-Sysmon/Operational,,Microsoft-Windows-Sysmon
T1546.015,True,Component Object Model Hijacking,privilege-escalation;persistence,process,process creation,DeviceEvents,DeviceEvents,,,Microsoft Defender for Endpoint
T1572,,Protocol Tunneling,command-and-control,network traffic,network connection creation,5156,The Windows Filtering Platform has permitted a connection.,Security,Filtering Platform Connection,Microsoft-Windows-Security-Auditing
T1572,,Protocol Tunneling,command-and-control,network traffic,network connection creation,3,Network connection.,Microsoft-Windows-Sysmon/Operational,,Microsoft-Windows-Sysmon
T1572,,Protocol Tunneling,command-and-control,network traffic,network connection creation,DeviceNetworkEvents,DeviceNetworkEvents,,,Microsoft Defender for Endpoint
T1572,,Protocol Tunneling,command-and-control,network traffic,network connection creation,5157,The Windows Filtering Platform has blocked a connection.,Security,Filtering Platform Connection,Microsoft-Windows-Security-Auditing
T1572,,Protocol Tunneling,command-and-control,network traffic,network connection creation,5154,The Windows Filtering Platform has permitted an application or service to listen on a port for incoming connections.,Security,Filtering Platform Connection,Microsoft-Windows-Security-Auditing
T1572,,Protocol Tunneling,command-and-control,network traffic,network connection creation,5159,The Windows Filtering Platform has blocked a bind to a local port.,Security,Filtering Platform Connection,Microsoft-Windows-Security-Auditing
T1572,,Protocol Tunneling,command-and-control,network traffic,network connection creation,5155,The Windows Filtering Platform has blocked an application or service from listening on a port for incoming connections.,Security,Filtering Platform Connection,Microsoft-Windows-Security-Auditing
T1572,,Protocol Tunneling,command-and-control,network traffic,network connection creation,5031,The Windows Firewall Service blocked an application from accepting incoming connections on the network.,Security,Filtering Platform Connection,Microsoft-Windows-Security-Auditing
T1572,,Protocol Tunneling,command-and-control,network traffic,network connection creation,DeviceEvents,DeviceEvents,,,Microsoft Defender for Endpoint
T1572,,Protocol Tunneling,command-and-control,network traffic,network connection creation,5158,The Windows Filtering Platform has permitted a bind to a local port.,Security,Filtering Platform Connection,Microsoft-Windows-Security-Auditing
T1048.003,True,Exfiltration Over Unencrypted Non-C2 Protocol,exfiltration,command,command execution,4688,A new process has been created.,Security,Process Creation,Microsoft-Windows-Security-Auditing
T1048.003,True,Exfiltration Over Unencrypted Non-C2 Protocol,exfiltration,command,command execution,1,Process Creation.,Microsoft-Windows-Sysmon/Operational,,Microsoft-Windows-Sysmon
T1048.003,True,Exfiltration Over Unencrypted Non-C2 Protocol,exfiltration,command,command execution,4103,Module logging.,Microsoft-Windows-PowerShell/Operational,,Microsoft-Windows-PowerShell
T1048.003,True,Exfiltration Over Unencrypted Non-C2 Protocol,exfiltration,command,command execution,DeviceProcessEvents,DeviceProcessEvents,,,Microsoft Defender for Endpoint
T1048.003,True,Exfiltration Over Unencrypted Non-C2 Protocol,exfiltration,file,file access,4656,A handle to an object was requested.,Security,File System,Microsoft-Windows-Security-Auditing
T1048.003,True,Exfiltration Over Unencrypted Non-C2 Protocol,exfiltration,file,file access,4663,An attempt was made to access an object.,Security,File System,Microsoft-Windows-Security-Auditing
T1048.003,True,Exfiltration Over Unencrypted Non-C2 Protocol,exfiltration,file,file access,4661,A handle to an object was requested.,Security,SAM,Microsoft-Windows-Security-Auditing
T1048.003,True,Exfiltration Over Unencrypted Non-C2 Protocol,exfiltration,network traffic,network connection creation,5156,The Windows Filtering Platform has permitted a connection.,Security,Filtering Platform Connection,Microsoft-Windows-Security-Auditing
T1048.003,True,Exfiltration Over Unencrypted Non-C2 Protocol,exfiltration,network traffic,network connection creation,3,Network connection.,Microsoft-Windows-Sysmon/Operational,,Microsoft-Windows-Sysmon
T1048.003,True,Exfiltration Over Unencrypted Non-C2 Protocol,exfiltration,network traffic,network connection creation,DeviceNetworkEvents,DeviceNetworkEvents,,,Microsoft Defender for Endpoint
T1048.003,True,Exfiltration Over Unencrypted Non-C2 Protocol,exfiltration,network traffic,network connection creation,5157,The Windows Filtering Platform has blocked a connection.,Security,Filtering Platform Connection,Microsoft-Windows-Security-Auditing
T1048.003,True,Exfiltration Over Unencrypted Non-C2 Protocol,exfiltration,network traffic,network connection creation,5154,The Windows Filtering Platform has permitted an application or service to listen on a port for incoming connections.,Security,Filtering Platform Connection,Microsoft-Windows-Security-Auditing
T1048.003,True,Exfiltration Over Unencrypted Non-C2 Protocol,exfiltration,network traffic,network connection creation,5159,The Windows Filtering Platform has blocked a bind to a local port.,Security,Filtering Platform Connection,Microsoft-Windows-Security-Auditing
T1048.003,True,Exfiltration Over Unencrypted Non-C2 Protocol,exfiltration,network traffic,network connection creation,5155,The Windows Filtering Platform has blocked an application or service from listening on a port for incoming connections.,Security,Filtering Platform Connection,Microsoft-Windows-Security-Auditing
T1048.003,True,Exfiltration Over Unencrypted Non-C2 Protocol,exfiltration,network traffic,network connection creation,5031,The Windows Firewall Service blocked an application from accepting incoming connections on the network.,Security,Filtering Platform Connection,Microsoft-Windows-Security-Auditing
T1048.003,True,Exfiltration Over Unencrypted Non-C2 Protocol,exfiltration,network traffic,network connection creation,DeviceEvents,DeviceEvents,,,Microsoft Defender for Endpoint
T1048.003,True,Exfiltration Over Unencrypted Non-C2 Protocol,exfiltration,network traffic,network connection creation,5158,The Windows Filtering Platform has permitted a bind to a local port.,Security,Filtering Platform Connection,Microsoft-Windows-Security-Auditing
T1048.002,True,Exfiltration Over Asymmetric Encrypted Non-C2 Protocol,exfiltration,network traffic,network connection creation,5156,The Windows Filtering Platform has permitted a connection.,Security,Filtering Platform Connection,Microsoft-Windows-Security-Auditing
T1048.002,True,Exfiltration Over Asymmetric Encrypted Non-C2 Protocol,exfiltration,network traffic,network connection creation,3,Network connection.,Microsoft-Windows-Sysmon/Operational,,Microsoft-Windows-Sysmon
T1048.002,True,Exfiltration Over Asymmetric Encrypted Non-C2 Protocol,exfiltration,network traffic,network connection creation,DeviceNetworkEvents,DeviceNetworkEvents,,,Microsoft Defender for Endpoint
T1048.002,True,Exfiltration Over Asymmetric Encrypted Non-C2 Protocol,exfiltration,network traffic,network connection creation,5157,The Windows Filtering Platform has blocked a connection.,Security,Filtering Platform Connection,Microsoft-Windows-Security-Auditing
T1048.002,True,Exfiltration Over Asymmetric Encrypted Non-C2 Protocol,exfiltration,network traffic,network connection creation,5154,The Windows Filtering Platform has permitted an application or service to listen on a port for incoming connections.,Security,Filtering Platform Connection,Microsoft-Windows-Security-Auditing
T1048.002,True,Exfiltration Over Asymmetric Encrypted Non-C2 Protocol,exfiltration,network traffic,network connection creation,5159,The Windows Filtering Platform has blocked a bind to a local port.,Security,Filtering Platform Connection,Microsoft-Windows-Security-Auditing
T1048.002,True,Exfiltration Over Asymmetric Encrypted Non-C2 Protocol,exfiltration,network traffic,network connection creation,5155,The Windows Filtering Platform has blocked an application or service from listening on a port for incoming connections.,Security,Filtering Platform Connection,Microsoft-Windows-Security-Auditing
T1048.002,True,Exfiltration Over Asymmetric Encrypted Non-C2 Protocol,exfiltration,network traffic,network connection creation,5031,The Windows Firewall Service blocked an application from accepting incoming connections on the network.,Security,Filtering Platform Connection,Microsoft-Windows-Security-Auditing
T1048.002,True,Exfiltration Over Asymmetric Encrypted Non-C2 Protocol,exfiltration,network traffic,network connection creation,DeviceEvents,DeviceEvents,,,Microsoft Defender for Endpoint
T1048.002,True,Exfiltration Over Asymmetric Encrypted Non-C2 Protocol,exfiltration,network traffic,network connection creation,5158,The Windows Filtering Platform has permitted a bind to a local port.,Security,Filtering Platform Connection,Microsoft-Windows-Security-Auditing
T1048.002,True,Exfiltration Over Asymmetric Encrypted Non-C2 Protocol,exfiltration,file,file access,4656,A handle to an object was requested.,Security,File System,Microsoft-Windows-Security-Auditing
T1048.002,True,Exfiltration Over Asymmetric Encrypted Non-C2 Protocol,exfiltration,file,file access,4663,An attempt was made to access an object.,Security,File System,Microsoft-Windows-Security-Auditing
T1048.002,True,Exfiltration Over Asymmetric Encrypted Non-C2 Protocol,exfiltration,file,file access,4661,A handle to an object was requested.,Security,SAM,Microsoft-Windows-Security-Auditing
T1048.002,True,Exfiltration Over Asymmetric Encrypted Non-C2 Protocol,exfiltration,command,command execution,4688,A new process has been created.,Security,Process Creation,Microsoft-Windows-Security-Auditing
T1048.002,True,Exfiltration Over Asymmetric Encrypted Non-C2 Protocol,exfiltration,command,command execution,1,Process Creation.,Microsoft-Windows-Sysmon/Operational,,Microsoft-Windows-Sysmon
T1048.002,True,Exfiltration Over Asymmetric Encrypted Non-C2 Protocol,exfiltration,command,command execution,4103,Module logging.,Microsoft-Windows-PowerShell/Operational,,Microsoft-Windows-PowerShell
T1048.002,True,Exfiltration Over Asymmetric Encrypted Non-C2 Protocol,exfiltration,command,command execution,DeviceProcessEvents,DeviceProcessEvents,,,Microsoft Defender for Endpoint
T1048.001,True,Exfiltration Over Symmetric Encrypted Non-C2 Protocol,exfiltration,command,command execution,4688,A new process has been created.,Security,Process Creation,Microsoft-Windows-Security-Auditing
T1048.001,True,Exfiltration Over Symmetric Encrypted Non-C2 Protocol,exfiltration,command,command execution,1,Process Creation.,Microsoft-Windows-Sysmon/Operational,,Microsoft-Windows-Sysmon
T1048.001,True,Exfiltration Over Symmetric Encrypted Non-C2 Protocol,exfiltration,command,command execution,4103,Module logging.,Microsoft-Windows-PowerShell/Operational,,Microsoft-Windows-PowerShell
T1048.001,True,Exfiltration Over Symmetric Encrypted Non-C2 Protocol,exfiltration,command,command execution,DeviceProcessEvents,DeviceProcessEvents,,,Microsoft Defender for Endpoint
T1048.001,True,Exfiltration Over Symmetric Encrypted Non-C2 Protocol,exfiltration,network traffic,network connection creation,5156,The Windows Filtering Platform has permitted a connection.,Security,Filtering Platform Connection,Microsoft-Windows-Security-Auditing
T1048.001,True,Exfiltration Over Symmetric Encrypted Non-C2 Protocol,exfiltration,network traffic,network connection creation,3,Network connection.,Microsoft-Windows-Sysmon/Operational,,Microsoft-Windows-Sysmon
T1048.001,True,Exfiltration Over Symmetric Encrypted Non-C2 Protocol,exfiltration,network traffic,network connection creation,DeviceNetworkEvents,DeviceNetworkEvents,,,Microsoft Defender for Endpoint
T1048.001,True,Exfiltration Over Symmetric Encrypted Non-C2 Protocol,exfiltration,network traffic,network connection creation,5157,The Windows Filtering Platform has blocked a connection.,Security,Filtering Platform Connection,Microsoft-Windows-Security-Auditing
T1048.001,True,Exfiltration Over Symmetric Encrypted Non-C2 Protocol,exfiltration,network traffic,network connection creation,5154,The Windows Filtering Platform has permitted an application or service to listen on a port for incoming connections.,Security,Filtering Platform Connection,Microsoft-Windows-Security-Auditing
T1048.001,True,Exfiltration Over Symmetric Encrypted Non-C2 Protocol,exfiltration,network traffic,network connection creation,5159,The Windows Filtering Platform has blocked a bind to a local port.,Security,Filtering Platform Connection,Microsoft-Windows-Security-Auditing
T1048.001,True,Exfiltration Over Symmetric Encrypted Non-C2 Protocol,exfiltration,network traffic,network connection creation,5155,The Windows Filtering Platform has blocked an application or service from listening on a port for incoming connections.,Security,Filtering Platform Connection,Microsoft-Windows-Security-Auditing
T1048.001,True,Exfiltration Over Symmetric Encrypted Non-C2 Protocol,exfiltration,network traffic,network connection creation,5031,The Windows Firewall Service blocked an application from accepting incoming connections on the network.,Security,Filtering Platform Connection,Microsoft-Windows-Security-Auditing
T1048.001,True,Exfiltration Over Symmetric Encrypted Non-C2 Protocol,exfiltration,network traffic,network connection creation,DeviceEvents,DeviceEvents,,,Microsoft Defender for Endpoint
T1048.001,True,Exfiltration Over Symmetric Encrypted Non-C2 Protocol,exfiltration,network traffic,network connection creation,5158,The Windows Filtering Platform has permitted a bind to a local port.,Security,Filtering Platform Connection,Microsoft-Windows-Security-Auditing
T1048.001,True,Exfiltration Over Symmetric Encrypted Non-C2 Protocol,exfiltration,file,file access,4656,A handle to an object was requested.,Security,File System,Microsoft-Windows-Security-Auditing
T1048.001,True,Exfiltration Over Symmetric Encrypted Non-C2 Protocol,exfiltration,file,file access,4663,An attempt was made to access an object.,Security,File System,Microsoft-Windows-Security-Auditing
T1048.001,True,Exfiltration Over Symmetric Encrypted Non-C2 Protocol,exfiltration,file,file access,4661,A handle to an object was requested.,Security,SAM,Microsoft-Windows-Security-Auditing
T1090.003,True,Multi-hop Proxy,command-and-control,network traffic,network connection creation,5156,The Windows Filtering Platform has permitted a connection.,Security,Filtering Platform Connection,Microsoft-Windows-Security-Auditing
T1090.003,True,Multi-hop Proxy,command-and-control,network traffic,network connection creation,3,Network connection.,Microsoft-Windows-Sysmon/Operational,,Microsoft-Windows-Sysmon
T1090.003,True,Multi-hop Proxy,command-and-control,network traffic,network connection creation,DeviceNetworkEvents,DeviceNetworkEvents,,,Microsoft Defender for Endpoint
T1090.003,True,Multi-hop Proxy,command-and-control,network traffic,network connection creation,5157,The Windows Filtering Platform has blocked a connection.,Security,Filtering Platform Connection,Microsoft-Windows-Security-Auditing
T1090.003,True,Multi-hop Proxy,command-and-control,network traffic,network connection creation,5154,The Windows Filtering Platform has permitted an application or service to listen on a port for incoming connections.,Security,Filtering Platform Connection,Microsoft-Windows-Security-Auditing
T1090.003,True,Multi-hop Proxy,command-and-control,network traffic,network connection creation,5159,The Windows Filtering Platform has blocked a bind to a local port.,Security,Filtering Platform Connection,Microsoft-Windows-Security-Auditing
T1090.003,True,Multi-hop Proxy,command-and-control,network traffic,network connection creation,5155,The Windows Filtering Platform has blocked an application or service from listening on a port for incoming connections.,Security,Filtering Platform Connection,Microsoft-Windows-Security-Auditing
T1090.003,True,Multi-hop Proxy,command-and-control,network traffic,network connection creation,5031,The Windows Firewall Service blocked an application from accepting incoming connections on the network.,Security,Filtering Platform Connection,Microsoft-Windows-Security-Auditing
T1090.003,True,Multi-hop Proxy,command-and-control,network traffic,network connection creation,DeviceEvents,DeviceEvents,,,Microsoft Defender for Endpoint
T1090.003,True,Multi-hop Proxy,command-and-control,network traffic,network connection creation,5158,The Windows Filtering Platform has permitted a bind to a local port.,Security,Filtering Platform Connection,Microsoft-Windows-Security-Auditing
T1090.002,True,External Proxy,command-and-control,network traffic,network connection creation,5156,The Windows Filtering Platform has permitted a connection.,Security,Filtering Platform Connection,Microsoft-Windows-Security-Auditing
T1090.002,True,External Proxy,command-and-control,network traffic,network connection creation,3,Network connection.,Microsoft-Windows-Sysmon/Operational,,Microsoft-Windows-Sysmon
T1090.002,True,External Proxy,command-and-control,network traffic,network connection creation,DeviceNetworkEvents,DeviceNetworkEvents,,,Microsoft Defender for Endpoint
T1090.002,True,External Proxy,command-and-control,network traffic,network connection creation,5157,The Windows Filtering Platform has blocked a connection.,Security,Filtering Platform Connection,Microsoft-Windows-Security-Auditing
T1090.002,True,External Proxy,command-and-control,network traffic,network connection creation,5154,The Windows Filtering Platform has permitted an application or service to listen on a port for incoming connections.,Security,Filtering Platform Connection,Microsoft-Windows-Security-Auditing
T1090.002,True,External Proxy,command-and-control,network traffic,network connection creation,5159,The Windows Filtering Platform has blocked a bind to a local port.,Security,Filtering Platform Connection,Microsoft-Windows-Security-Auditing
T1090.002,True,External Proxy,command-and-control,network traffic,network connection creation,5155,The Windows Filtering Platform has blocked an application or service from listening on a port for incoming connections.,Security,Filtering Platform Connection,Microsoft-Windows-Security-Auditing
T1090.002,True,External Proxy,command-and-control,network traffic,network connection creation,5031,The Windows Firewall Service blocked an application from accepting incoming connections on the network.,Security,Filtering Platform Connection,Microsoft-Windows-Security-Auditing
T1090.002,True,External Proxy,command-and-control,network traffic,network connection creation,DeviceEvents,DeviceEvents,,,Microsoft Defender for Endpoint
T1090.002,True,External Proxy,command-and-control,network traffic,network connection creation,5158,The Windows Filtering Platform has permitted a bind to a local port.,Security,Filtering Platform Connection,Microsoft-Windows-Security-Auditing
T1090.001,True,Internal Proxy,command-and-control,network traffic,network connection creation,5156,The Windows Filtering Platform has permitted a connection.,Security,Filtering Platform Connection,Microsoft-Windows-Security-Auditing
T1090.001,True,Internal Proxy,command-and-control,network traffic,network connection creation,3,Network connection.,Microsoft-Windows-Sysmon/Operational,,Microsoft-Windows-Sysmon
T1090.001,True,Internal Proxy,command-and-control,network traffic,network connection creation,DeviceNetworkEvents,DeviceNetworkEvents,,,Microsoft Defender for Endpoint
T1090.001,True,Internal Proxy,command-and-control,network traffic,network connection creation,5157,The Windows Filtering Platform has blocked a connection.,Security,Filtering Platform Connection,Microsoft-Windows-Security-Auditing
T1090.001,True,Internal Proxy,command-and-control,network traffic,network connection creation,5154,The Windows Filtering Platform has permitted an application or service to listen on a port for incoming connections.,Security,Filtering Platform Connection,Microsoft-Windows-Security-Auditing
T1090.001,True,Internal Proxy,command-and-control,network traffic,network connection creation,5159,The Windows Filtering Platform has blocked a bind to a local port.,Security,Filtering Platform Connection,Microsoft-Windows-Security-Auditing
T1090.001,True,Internal Proxy,command-and-control,network traffic,network connection creation,5155,The Windows Filtering Platform has blocked an application or service from listening on a port for incoming connections.,Security,Filtering Platform Connection,Microsoft-Windows-Security-Auditing
T1090.001,True,Internal Proxy,command-and-control,network traffic,network connection creation,5031,The Windows Firewall Service blocked an application from accepting incoming connections on the network.,Security,Filtering Platform Connection,Microsoft-Windows-Security-Auditing
T1090.001,True,Internal Proxy,command-and-control,network traffic,network connection creation,DeviceEvents,DeviceEvents,,,Microsoft Defender for Endpoint
T1090.001,True,Internal Proxy,command-and-control,network traffic,network connection creation,5158,The Windows Filtering Platform has permitted a bind to a local port.,Security,Filtering Platform Connection,Microsoft-Windows-Security-Auditing
T1102.003,True,One-Way Communication,command-and-control,network traffic,network connection creation,5156,The Windows Filtering Platform has permitted a connection.,Security,Filtering Platform Connection,Microsoft-Windows-Security-Auditing
T1102.003,True,One-Way Communication,command-and-control,network traffic,network connection creation,3,Network connection.,Microsoft-Windows-Sysmon/Operational,,Microsoft-Windows-Sysmon
T1102.003,True,One-Way Communication,command-and-control,network traffic,network connection creation,DeviceNetworkEvents,DeviceNetworkEvents,,,Microsoft Defender for Endpoint
T1102.003,True,One-Way Communication,command-and-control,network traffic,network connection creation,5157,The Windows Filtering Platform has blocked a connection.,Security,Filtering Platform Connection,Microsoft-Windows-Security-Auditing
T1102.003,True,One-Way Communication,command-and-control,network traffic,network connection creation,5154,The Windows Filtering Platform has permitted an application or service to listen on a port for incoming connections.,Security,Filtering Platform Connection,Microsoft-Windows-Security-Auditing
T1102.003,True,One-Way Communication,command-and-control,network traffic,network connection creation,5159,The Windows Filtering Platform has blocked a bind to a local port.,Security,Filtering Platform Connection,Microsoft-Windows-Security-Auditing
T1102.003,True,One-Way Communication,command-and-control,network traffic,network connection creation,5155,The Windows Filtering Platform has blocked an application or service from listening on a port for incoming connections.,Security,Filtering Platform Connection,Microsoft-Windows-Security-Auditing
T1102.003,True,One-Way Communication,command-and-control,network traffic,network connection creation,5031,The Windows Firewall Service blocked an application from accepting incoming connections on the network.,Security,Filtering Platform Connection,Microsoft-Windows-Security-Auditing
T1102.003,True,One-Way Communication,command-and-control,network traffic,network connection creation,DeviceEvents,DeviceEvents,,,Microsoft Defender for Endpoint
T1102.003,True,One-Way Communication,command-and-control,network traffic,network connection creation,5158,The Windows Filtering Platform has permitted a bind to a local port.,Security,Filtering Platform Connection,Microsoft-Windows-Security-Auditing
T1102.002,True,Bidirectional Communication,command-and-control,network traffic,network connection creation,5156,The Windows Filtering Platform has permitted a connection.,Security,Filtering Platform Connection,Microsoft-Windows-Security-Auditing
T1102.002,True,Bidirectional Communication,command-and-control,network traffic,network connection creation,3,Network connection.,Microsoft-Windows-Sysmon/Operational,,Microsoft-Windows-Sysmon
T1102.002,True,Bidirectional Communication,command-and-control,network traffic,network connection creation,DeviceNetworkEvents,DeviceNetworkEvents,,,Microsoft Defender for Endpoint
T1102.002,True,Bidirectional Communication,command-and-control,network traffic,network connection creation,5157,The Windows Filtering Platform has blocked a connection.,Security,Filtering Platform Connection,Microsoft-Windows-Security-Auditing
T1102.002,True,Bidirectional Communication,command-and-control,network traffic,network connection creation,5154,The Windows Filtering Platform has permitted an application or service to listen on a port for incoming connections.,Security,Filtering Platform Connection,Microsoft-Windows-Security-Auditing
T1102.002,True,Bidirectional Communication,command-and-control,network traffic,network connection creation,5159,The Windows Filtering Platform has blocked a bind to a local port.,Security,Filtering Platform Connection,Microsoft-Windows-Security-Auditing
T1102.002,True,Bidirectional Communication,command-and-control,network traffic,network connection creation,5155,The Windows Filtering Platform has blocked an application or service from listening on a port for incoming connections.,Security,Filtering Platform Connection,Microsoft-Windows-Security-Auditing
T1102.002,True,Bidirectional Communication,command-and-control,network traffic,network connection creation,5031,The Windows Firewall Service blocked an application from accepting incoming connections on the network.,Security,Filtering Platform Connection,Microsoft-Windows-Security-Auditing
T1102.002,True,Bidirectional Communication,command-and-control,network traffic,network connection creation,DeviceEvents,DeviceEvents,,,Microsoft Defender for Endpoint
T1102.002,True,Bidirectional Communication,command-and-control,network traffic,network connection creation,5158,The Windows Filtering Platform has permitted a bind to a local port.,Security,Filtering Platform Connection,Microsoft-Windows-Security-Auditing
T1074.002,True,Remote Data Staging,collection,command,command execution,4688,A new process has been created.,Security,Process Creation,Microsoft-Windows-Security-Auditing
T1074.002,True,Remote Data Staging,collection,command,command execution,1,Process Creation.,Microsoft-Windows-Sysmon/Operational,,Microsoft-Windows-Sysmon
T1074.002,True,Remote Data Staging,collection,command,command execution,4103,Module logging.,Microsoft-Windows-PowerShell/Operational,,Microsoft-Windows-PowerShell
T1074.002,True,Remote Data Staging,collection,command,command execution,DeviceProcessEvents,DeviceProcessEvents,,,Microsoft Defender for Endpoint
T1074.002,True,Remote Data Staging,collection,file,file access,4656,A handle to an object was requested.,Security,File System,Microsoft-Windows-Security-Auditing
T1074.002,True,Remote Data Staging,collection,file,file access,4663,An attempt was made to access an object.,Security,File System,Microsoft-Windows-Security-Auditing
T1074.002,True,Remote Data Staging,collection,file,file access,4661,A handle to an object was requested.,Security,SAM,Microsoft-Windows-Security-Auditing
T1074.002,True,Remote Data Staging,collection,file,file creation,DeviceFileEvents,DeviceFileEvents,,,Microsoft Defender for Endpoint
T1074.002,True,Remote Data Staging,collection,file,file creation,4663,An attempt was made to access an object.,Security,File System,Microsoft-Windows-Security-Auditing
T1074.002,True,Remote Data Staging,collection,file,file creation,11,FileCreate,Microsoft-Windows-Sysmon/Operational,,Microsoft-Windows-Sysmon
T1074.001,True,Local Data Staging,collection,windows registry,windows registry key modification,13,RegistryEvent (Value Set).,Microsoft-Windows-Sysmon/Operational,,Microsoft-Windows-Sysmon
T1074.001,True,Local Data Staging,collection,windows registry,windows registry key modification,14,RegistryEvent (Key and Value Rename).,Microsoft-Windows-Sysmon/Operational,,Microsoft-Windows-Sysmon
T1074.001,True,Local Data Staging,collection,windows registry,windows registry key modification,4657,A registry value was modified.,Security,Registry,Microsoft-Windows-Security-Auditing
T1074.001,True,Local Data Staging,collection,windows registry,windows registry key modification,4670,Permissions on an object were changed.,Security,Registry,Microsoft-Windows-Security-Auditing
T1074.001,True,Local Data Staging,collection,windows registry,windows registry key modification,DeviceRegistryEvents,DeviceRegistryEvents,,,Microsoft Defender for Endpoint
T1074.001,True,Local Data Staging,collection,command,command execution,4688,A new process has been created.,Security,Process Creation,Microsoft-Windows-Security-Auditing
T1074.001,True,Local Data Staging,collection,command,command execution,1,Process Creation.,Microsoft-Windows-Sysmon/Operational,,Microsoft-Windows-Sysmon
T1074.001,True,Local Data Staging,collection,command,command execution,4103,Module logging.,Microsoft-Windows-PowerShell/Operational,,Microsoft-Windows-PowerShell
T1074.001,True,Local Data Staging,collection,command,command execution,DeviceProcessEvents,DeviceProcessEvents,,,Microsoft Defender for Endpoint
T1074.001,True,Local Data Staging,collection,file,file creation,DeviceFileEvents,DeviceFileEvents,,,Microsoft Defender for Endpoint
T1074.001,True,Local Data Staging,collection,file,file creation,4663,An attempt was made to access an object.,Security,File System,Microsoft-Windows-Security-Auditing
T1074.001,True,Local Data Staging,collection,file,file creation,11,FileCreate,Microsoft-Windows-Sysmon/Operational,,Microsoft-Windows-Sysmon
T1074.001,True,Local Data Staging,collection,file,file access,4656,A handle to an object was requested.,Security,File System,Microsoft-Windows-Security-Auditing
T1074.001,True,Local Data Staging,collection,file,file access,4663,An attempt was made to access an object.,Security,File System,Microsoft-Windows-Security-Auditing
T1074.001,True,Local Data Staging,collection,file,file access,4661,A handle to an object was requested.,Security,SAM,Microsoft-Windows-Security-Auditing
T1564.004,True,NTFS File Attributes,defense-evasion,file,file modification,4670,Permissions on an object were changed.,Security,File System,Microsoft-Windows-Security-Auditing
T1564.004,True,NTFS File Attributes,defense-evasion,file,file modification,DeviceFileEvents,DeviceFileEvents,,,Microsoft Defender for Endpoint
T1564.004,True,NTFS File Attributes,defense-evasion,file,file modification,2,A process changed a file creation time.,Microsoft-Windows-Sysmon/Operational,,Microsoft-Windows-Sysmon
T1564.004,True,NTFS File Attributes,defense-evasion,file,file modification,11,FileCreate.,Microsoft-Windows-Sysmon/Operational,,Microsoft-Windows-Sysmon
T1564.004,True,NTFS File Attributes,defense-evasion,process,os api execution,8,CreateRemoteThread.,Microsoft-Windows-Sysmon/Operational,,Microsoft-Windows-Sysmon
T1564.004,True,NTFS File Attributes,defense-evasion,process,os api execution,DeviceEvents,DeviceEvents,,,Microsoft Defender for Endpoint
T1564.004,True,NTFS File Attributes,defense-evasion,command,command execution,4688,A new process has been created.,Security,Process Creation,Microsoft-Windows-Security-Auditing
T1564.004,True,NTFS File Attributes,defense-evasion,command,command execution,1,Process Creation.,Microsoft-Windows-Sysmon/Operational,,Microsoft-Windows-Sysmon
T1564.004,True,NTFS File Attributes,defense-evasion,command,command execution,4103,Module logging.,Microsoft-Windows-PowerShell/Operational,,Microsoft-Windows-PowerShell
T1564.004,True,NTFS File Attributes,defense-evasion,command,command execution,DeviceProcessEvents,DeviceProcessEvents,,,Microsoft Defender for Endpoint
T1564.003,True,Hidden Window,defense-evasion,script,script execution,4103,Module logging.,Microsoft-Windows-PowerShell/Operational,,Microsoft-Windows-PowerShell
T1564.003,True,Hidden Window,defense-evasion,script,script execution,4104,Script Block Logging.,Microsoft-Windows-PowerShell/Operational,,Microsoft-Windows-PowerShell
T1564.003,True,Hidden Window,defense-evasion,script,script execution,DeviceEvents,DeviceEvents,,,Microsoft Defender for Endpoint
T1564.003,True,Hidden Window,defense-evasion,command,command execution,4688,A new process has been created.,Security,Process Creation,Microsoft-Windows-Security-Auditing
T1564.003,True,Hidden Window,defense-evasion,command,command execution,1,Process Creation.,Microsoft-Windows-Sysmon/Operational,,Microsoft-Windows-Sysmon
T1564.003,True,Hidden Window,defense-evasion,command,command execution,4103,Module logging.,Microsoft-Windows-PowerShell/Operational,,Microsoft-Windows-PowerShell
T1564.003,True,Hidden Window,defense-evasion,command,command execution,DeviceProcessEvents,DeviceProcessEvents,,,Microsoft Defender for Endpoint
T1564.003,True,Hidden Window,defense-evasion,file,file modification,4670,Permissions on an object were changed.,Security,File System,Microsoft-Windows-Security-Auditing
T1564.003,True,Hidden Window,defense-evasion,file,file modification,DeviceFileEvents,DeviceFileEvents,,,Microsoft Defender for Endpoint
T1564.003,True,Hidden Window,defense-evasion,file,file modification,2,A process changed a file creation time.,Microsoft-Windows-Sysmon/Operational,,Microsoft-Windows-Sysmon
T1564.003,True,Hidden Window,defense-evasion,file,file modification,11,FileCreate.,Microsoft-Windows-Sysmon/Operational,,Microsoft-Windows-Sysmon
T1564.003,True,Hidden Window,defense-evasion,process,process creation,4688,A new process has been created.,Security,Process Creation,Microsoft-Windows-Security-Auditing
T1564.003,True,Hidden Window,defense-evasion,process,process creation,1,Process Creation.,Microsoft-Windows-Sysmon/Operational,,Microsoft-Windows-Sysmon
T1564.003,True,Hidden Window,defense-evasion,process,process creation,DeviceProcessEvents,DeviceProcessEvents,,,Microsoft Defender for Endpoint
T1564.003,True,Hidden Window,defense-evasion,process,process creation,8,CreateRemoteThread.,Microsoft-Windows-Sysmon/Operational,,Microsoft-Windows-Sysmon
T1564.003,True,Hidden Window,defense-evasion,process,process creation,DeviceEvents,DeviceEvents,,,Microsoft Defender for Endpoint
T1078.003,True,Local Accounts,defense-evasion;persistence;privilege-escalation;initial-access,user account,user account authentication,4624,An account was successfully logged on.,Security,Logon,Microsoft-Windows-Security-Auditing
T1078.003,True,Local Accounts,defense-evasion;persistence;privilege-escalation;initial-access,user account,user account authentication,4625,An account failed to log on.,Security,Account Lockout,Microsoft-Windows-Security-Auditing
T1078.003,True,Local Accounts,defense-evasion;persistence;privilege-escalation;initial-access,user account,user account authentication,4648,A logon was attempted using explicit credentials.,Security,Logon,Microsoft-Windows-Security-Auditing
T1078.003,True,Local Accounts,defense-evasion;persistence;privilege-escalation;initial-access,user account,user account authentication,DeviceLogonEvents,DeviceLogonEvents,,,Microsoft Defender for Endpoint
T1078.003,True,Local Accounts,defense-evasion;persistence;privilege-escalation;initial-access,user account,user account authentication,4776,The domain controller or local computer attempted to validate the credentials for an account.,Security,Credential Validation,Microsoft-Windows-Security-Auditing
T1078.003,True,Local Accounts,defense-evasion;persistence;privilege-escalation;initial-access,logon session,logon session creation,4624,An account was successfully logged on.,Security,Logon,Microsoft-Windows-Security-Auditing
T1078.003,True,Local Accounts,defense-evasion;persistence;privilege-escalation;initial-access,logon session,logon session creation,4778,A session was reconnected to a Window Station.,Security,Other Logon/Logoff Events,Microsoft-Windows-Security-Auditing
T1078.003,True,Local Accounts,defense-evasion;persistence;privilege-escalation;initial-access,logon session,logon session creation,DeviceLogonEvents,DeviceLogonEvents,,,Microsoft Defender for Endpoint
T1078.003,True,Local Accounts,defense-evasion;persistence;privilege-escalation;initial-access,logon session,logon session creation,4964,Special groups have been assigned to a new logon.,Security,Special Logon,Microsoft-Windows-Security-Auditing
T1078.003,True,Local Accounts,defense-evasion;persistence;privilege-escalation;initial-access,logon session,logon session metadata,4703,A token right was adjusted.,Security,Authorization Policy Change,Microsoft-Windows-Security-Auditing
T1078.003,True,Local Accounts,defense-evasion;persistence;privilege-escalation;initial-access,logon session,logon session metadata,4673,A privileged service was called.,Security,Sensitive Privilege Use,Microsoft-Windows-Security-Auditing
T1078.003,True,Local Accounts,defense-evasion;persistence;privilege-escalation;initial-access,logon session,logon session metadata,4674,An operation was attempted on a privileged object.,Security,Sensitive Privilege Use,Microsoft-Windows-Security-Auditing
T1078.003,True,Local Accounts,defense-evasion;persistence;privilege-escalation;initial-access,logon session,logon session metadata,4610,An authentication package has been loaded by the Local Security Authority.,Security,Security System Extension,Microsoft-Windows-Security-Auditing
T1078.003,True,Local Accounts,defense-evasion;persistence;privilege-escalation;initial-access,logon session,logon session metadata,4611,A trusted logon process has been registered with the Local Security Authority.,Security,Security System Extension,Microsoft-Windows-Security-Auditing
T1078.003,True,Local Accounts,defense-evasion;persistence;privilege-escalation;initial-access,logon session,logon session metadata,4614,A notification package has been loaded by the Security Account Manager.,Security,Security System Extension,Microsoft-Windows-Security-Auditing
T1078.003,True,Local Accounts,defense-evasion;persistence;privilege-escalation;initial-access,logon session,logon session metadata,4622,A security package has been loaded by the Local Security Authority.,Security,Security System Extension,Microsoft-Windows-Security-Auditing
T1078.002,True,Domain Accounts,defense-evasion;persistence;privilege-escalation;initial-access,logon session,logon session creation,4624,An account was successfully logged on.,Security,Logon,Microsoft-Windows-Security-Auditing
T1078.002,True,Domain Accounts,defense-evasion;persistence;privilege-escalation;initial-access,logon session,logon session creation,4778,A session was reconnected to a Window Station.,Security,Other Logon/Logoff Events,Microsoft-Windows-Security-Auditing
T1078.002,True,Domain Accounts,defense-evasion;persistence;privilege-escalation;initial-access,logon session,logon session creation,DeviceLogonEvents,DeviceLogonEvents,,,Microsoft Defender for Endpoint
T1078.002,True,Domain Accounts,defense-evasion;persistence;privilege-escalation;initial-access,logon session,logon session creation,4964,Special groups have been assigned to a new logon.,Security,Special Logon,Microsoft-Windows-Security-Auditing
T1078.002,True,Domain Accounts,defense-evasion;persistence;privilege-escalation;initial-access,logon session,logon session metadata,4703,A token right was adjusted.,Security,Authorization Policy Change,Microsoft-Windows-Security-Auditing
T1078.002,True,Domain Accounts,defense-evasion;persistence;privilege-escalation;initial-access,logon session,logon session metadata,4673,A privileged service was called.,Security,Sensitive Privilege Use,Microsoft-Windows-Security-Auditing
T1078.002,True,Domain Accounts,defense-evasion;persistence;privilege-escalation;initial-access,logon session,logon session metadata,4674,An operation was attempted on a privileged object.,Security,Sensitive Privilege Use,Microsoft-Windows-Security-Auditing
T1078.002,True,Domain Accounts,defense-evasion;persistence;privilege-escalation;initial-access,logon session,logon session metadata,4610,An authentication package has been loaded by the Local Security Authority.,Security,Security System Extension,Microsoft-Windows-Security-Auditing
T1078.002,True,Domain Accounts,defense-evasion;persistence;privilege-escalation;initial-access,logon session,logon session metadata,4611,A trusted logon process has been registered with the Local Security Authority.,Security,Security System Extension,Microsoft-Windows-Security-Auditing
T1078.002,True,Domain Accounts,defense-evasion;persistence;privilege-escalation;initial-access,logon session,logon session metadata,4614,A notification package has been loaded by the Security Account Manager.,Security,Security System Extension,Microsoft-Windows-Security-Auditing
T1078.002,True,Domain Accounts,defense-evasion;persistence;privilege-escalation;initial-access,logon session,logon session metadata,4622,A security package has been loaded by the Local Security Authority.,Security,Security System Extension,Microsoft-Windows-Security-Auditing
T1078.002,True,Domain Accounts,defense-evasion;persistence;privilege-escalation;initial-access,user account,user account authentication,4624,An account was successfully logged on.,Security,Logon,Microsoft-Windows-Security-Auditing
T1078.002,True,Domain Accounts,defense-evasion;persistence;privilege-escalation;initial-access,user account,user account authentication,4625,An account failed to log on.,Security,Account Lockout,Microsoft-Windows-Security-Auditing
T1078.002,True,Domain Accounts,defense-evasion;persistence;privilege-escalation;initial-access,user account,user account authentication,4648,A logon was attempted using explicit credentials.,Security,Logon,Microsoft-Windows-Security-Auditing
T1078.002,True,Domain Accounts,defense-evasion;persistence;privilege-escalation;initial-access,user account,user account authentication,DeviceLogonEvents,DeviceLogonEvents,,,Microsoft Defender for Endpoint
T1078.002,True,Domain Accounts,defense-evasion;persistence;privilege-escalation;initial-access,user account,user account authentication,4776,The domain controller or local computer attempted to validate the credentials for an account.,Security,Credential Validation,Microsoft-Windows-Security-Auditing
T1078.001,True,Default Accounts,defense-evasion;persistence;privilege-escalation;initial-access,logon session,logon session creation,4624,An account was successfully logged on.,Security,Logon,Microsoft-Windows-Security-Auditing
T1078.001,True,Default Accounts,defense-evasion;persistence;privilege-escalation;initial-access,logon session,logon session creation,4778,A session was reconnected to a Window Station.,Security,Other Logon/Logoff Events,Microsoft-Windows-Security-Auditing
T1078.001,True,Default Accounts,defense-evasion;persistence;privilege-escalation;initial-access,logon session,logon session creation,DeviceLogonEvents,DeviceLogonEvents,,,Microsoft Defender for Endpoint
T1078.001,True,Default Accounts,defense-evasion;persistence;privilege-escalation;initial-access,logon session,logon session creation,4964,Special groups have been assigned to a new logon.,Security,Special Logon,Microsoft-Windows-Security-Auditing
T1078.001,True,Default Accounts,defense-evasion;persistence;privilege-escalation;initial-access,user account,user account authentication,4624,An account was successfully logged on.,Security,Logon,Microsoft-Windows-Security-Auditing
T1078.001,True,Default Accounts,defense-evasion;persistence;privilege-escalation;initial-access,user account,user account authentication,4625,An account failed to log on.,Security,Account Lockout,Microsoft-Windows-Security-Auditing
T1078.001,True,Default Accounts,defense-evasion;persistence;privilege-escalation;initial-access,user account,user account authentication,4648,A logon was attempted using explicit credentials.,Security,Logon,Microsoft-Windows-Security-Auditing
T1078.001,True,Default Accounts,defense-evasion;persistence;privilege-escalation;initial-access,user account,user account authentication,DeviceLogonEvents,DeviceLogonEvents,,,Microsoft Defender for Endpoint
T1078.001,True,Default Accounts,defense-evasion;persistence;privilege-escalation;initial-access,user account,user account authentication,4776,The domain controller or local computer attempted to validate the credentials for an account.,Security,Credential Validation,Microsoft-Windows-Security-Auditing
T1564.002,True,Hidden Users,defense-evasion,user account,user account creation,4720,A user account was created.,Security,User Account Management,Microsoft-Windows-Security-Auditing
T1564.002,True,Hidden Users,defense-evasion,user account,user account creation,4741,A computer account was created.,Security,Computer Account Management,Microsoft-Windows-Security-Auditing
T1564.002,True,Hidden Users,defense-evasion,user account,user account creation,DeviceEvents,DeviceEvents,,,Microsoft Defender for Endpoint
T1564.002,True,Hidden Users,defense-evasion,windows registry,windows registry key modification,13,RegistryEvent (Value Set).,Microsoft-Windows-Sysmon/Operational,,Microsoft-Windows-Sysmon
T1564.002,True,Hidden Users,defense-evasion,windows registry,windows registry key modification,14,RegistryEvent (Key and Value Rename).,Microsoft-Windows-Sysmon/Operational,,Microsoft-Windows-Sysmon
T1564.002,True,Hidden Users,defense-evasion,windows registry,windows registry key modification,4657,A registry value was modified.,Security,Registry,Microsoft-Windows-Security-Auditing
T1564.002,True,Hidden Users,defense-evasion,windows registry,windows registry key modification,4670,Permissions on an object were changed.,Security,Registry,Microsoft-Windows-Security-Auditing
T1564.002,True,Hidden Users,defense-evasion,windows registry,windows registry key modification,DeviceRegistryEvents,DeviceRegistryEvents,,,Microsoft Defender for Endpoint
T1564.002,True,Hidden Users,defense-evasion,file,file modification,4670,Permissions on an object were changed.,Security,File System,Microsoft-Windows-Security-Auditing
T1564.002,True,Hidden Users,defense-evasion,file,file modification,DeviceFileEvents,DeviceFileEvents,,,Microsoft Defender for Endpoint
T1564.002,True,Hidden Users,defense-evasion,file,file modification,2,A process changed a file creation time.,Microsoft-Windows-Sysmon/Operational,,Microsoft-Windows-Sysmon
T1564.002,True,Hidden Users,defense-evasion,file,file modification,11,FileCreate.,Microsoft-Windows-Sysmon/Operational,,Microsoft-Windows-Sysmon
T1564.002,True,Hidden Users,defense-evasion,command,command execution,4688,A new process has been created.,Security,Process Creation,Microsoft-Windows-Security-Auditing
T1564.002,True,Hidden Users,defense-evasion,command,command execution,1,Process Creation.,Microsoft-Windows-Sysmon/Operational,,Microsoft-Windows-Sysmon
T1564.002,True,Hidden Users,defense-evasion,command,command execution,4103,Module logging.,Microsoft-Windows-PowerShell/Operational,,Microsoft-Windows-PowerShell
T1564.002,True,Hidden Users,defense-evasion,command,command execution,DeviceProcessEvents,DeviceProcessEvents,,,Microsoft Defender for Endpoint
T1564.002,True,Hidden Users,defense-evasion,process,process creation,4688,A new process has been created.,Security,Process Creation,Microsoft-Windows-Security-Auditing
T1564.002,True,Hidden Users,defense-evasion,process,process creation,1,Process Creation.,Microsoft-Windows-Sysmon/Operational,,Microsoft-Windows-Sysmon
T1564.002,True,Hidden Users,defense-evasion,process,process creation,DeviceProcessEvents,DeviceProcessEvents,,,Microsoft Defender for Endpoint
T1564.002,True,Hidden Users,defense-evasion,process,process creation,8,CreateRemoteThread.,Microsoft-Windows-Sysmon/Operational,,Microsoft-Windows-Sysmon
T1564.002,True,Hidden Users,defense-evasion,process,process creation,DeviceEvents,DeviceEvents,,,Microsoft Defender for Endpoint
T1574.002,True,DLL Side-Loading,persistence;privilege-escalation;defense-evasion,file,file creation,DeviceFileEvents,DeviceFileEvents,,,Microsoft Defender for Endpoint
T1574.002,True,DLL Side-Loading,persistence;privilege-escalation;defense-evasion,file,file creation,4663,An attempt was made to access an object.,Security,File System,Microsoft-Windows-Security-Auditing
T1574.002,True,DLL Side-Loading,persistence;privilege-escalation;defense-evasion,file,file creation,11,FileCreate,Microsoft-Windows-Sysmon/Operational,,Microsoft-Windows-Sysmon
T1574.002,True,DLL Side-Loading,persistence;privilege-escalation;defense-evasion,file,file modification,4670,Permissions on an object were changed.,Security,File System,Microsoft-Windows-Security-Auditing
T1574.002,True,DLL Side-Loading,persistence;privilege-escalation;defense-evasion,file,file modification,DeviceFileEvents,DeviceFileEvents,,,Microsoft Defender for Endpoint
T1574.002,True,DLL Side-Loading,persistence;privilege-escalation;defense-evasion,file,file modification,2,A process changed a file creation time.,Microsoft-Windows-Sysmon/Operational,,Microsoft-Windows-Sysmon
T1574.002,True,DLL Side-Loading,persistence;privilege-escalation;defense-evasion,file,file modification,11,FileCreate.,Microsoft-Windows-Sysmon/Operational,,Microsoft-Windows-Sysmon
T1574.002,True,DLL Side-Loading,persistence;privilege-escalation;defense-evasion,module,module load,7,Image loaded.,Microsoft-Windows-Sysmon/Operational,,Microsoft-Windows-Sysmon
T1574.002,True,DLL Side-Loading,persistence;privilege-escalation;defense-evasion,module,module load,DeviceImageLoadEvents,DeviceImageLoadEvents,,,Microsoft Defender for Endpoint
T1574.002,True,DLL Side-Loading,persistence;privilege-escalation;defense-evasion,process,process creation,4688,A new process has been created.,Security,Process Creation,Microsoft-Windows-Security-Auditing
T1574.002,True,DLL Side-Loading,persistence;privilege-escalation;defense-evasion,process,process creation,1,Process Creation.,Microsoft-Windows-Sysmon/Operational,,Microsoft-Windows-Sysmon
T1574.002,True,DLL Side-Loading,persistence;privilege-escalation;defense-evasion,process,process creation,DeviceProcessEvents,DeviceProcessEvents,,,Microsoft Defender for Endpoint
T1574.002,True,DLL Side-Loading,persistence;privilege-escalation;defense-evasion,process,process creation,8,CreateRemoteThread.,Microsoft-Windows-Sysmon/Operational,,Microsoft-Windows-Sysmon
T1574.002,True,DLL Side-Loading,persistence;privilege-escalation;defense-evasion,process,process creation,DeviceEvents,DeviceEvents,,,Microsoft Defender for Endpoint
T1574.001,True,DLL Search Order Hijacking,persistence;privilege-escalation;defense-evasion,module,module load,7,Image loaded.,Microsoft-Windows-Sysmon/Operational,,Microsoft-Windows-Sysmon
T1574.001,True,DLL Search Order Hijacking,persistence;privilege-escalation;defense-evasion,module,module load,DeviceImageLoadEvents,DeviceImageLoadEvents,,,Microsoft Defender for Endpoint
T1574.001,True,DLL Search Order Hijacking,persistence;privilege-escalation;defense-evasion,file,file modification,4670,Permissions on an object were changed.,Security,File System,Microsoft-Windows-Security-Auditing
T1574.001,True,DLL Search Order Hijacking,persistence;privilege-escalation;defense-evasion,file,file modification,DeviceFileEvents,DeviceFileEvents,,,Microsoft Defender for Endpoint
T1574.001,True,DLL Search Order Hijacking,persistence;privilege-escalation;defense-evasion,file,file modification,2,A process changed a file creation time.,Microsoft-Windows-Sysmon/Operational,,Microsoft-Windows-Sysmon
T1574.001,True,DLL Search Order Hijacking,persistence;privilege-escalation;defense-evasion,file,file modification,11,FileCreate.,Microsoft-Windows-Sysmon/Operational,,Microsoft-Windows-Sysmon
T1574.001,True,DLL Search Order Hijacking,persistence;privilege-escalation;defense-evasion,file,file creation,DeviceFileEvents,DeviceFileEvents,,,Microsoft Defender for Endpoint
T1574.001,True,DLL Search Order Hijacking,persistence;privilege-escalation;defense-evasion,file,file creation,4663,An attempt was made to access an object.,Security,File System,Microsoft-Windows-Security-Auditing
T1574.001,True,DLL Search Order Hijacking,persistence;privilege-escalation;defense-evasion,file,file creation,11,FileCreate,Microsoft-Windows-Sysmon/Operational,,Microsoft-Windows-Sysmon
T1574.008,True,Path Interception by Search Order Hijacking,persistence;privilege-escalation;defense-evasion,file,file creation,DeviceFileEvents,DeviceFileEvents,,,Microsoft Defender for Endpoint
T1574.008,True,Path Interception by Search Order Hijacking,persistence;privilege-escalation;defense-evasion,file,file creation,4663,An attempt was made to access an object.,Security,File System,Microsoft-Windows-Security-Auditing
T1574.008,True,Path Interception by Search Order Hijacking,persistence;privilege-escalation;defense-evasion,file,file creation,11,FileCreate,Microsoft-Windows-Sysmon/Operational,,Microsoft-Windows-Sysmon
T1574.008,True,Path Interception by Search Order Hijacking,persistence;privilege-escalation;defense-evasion,file,file modification,4670,Permissions on an object were changed.,Security,File System,Microsoft-Windows-Security-Auditing
T1574.008,True,Path Interception by Search Order Hijacking,persistence;privilege-escalation;defense-evasion,file,file modification,DeviceFileEvents,DeviceFileEvents,,,Microsoft Defender for Endpoint
T1574.008,True,Path Interception by Search Order Hijacking,persistence;privilege-escalation;defense-evasion,file,file modification,2,A process changed a file creation time.,Microsoft-Windows-Sysmon/Operational,,Microsoft-Windows-Sysmon
T1574.008,True,Path Interception by Search Order Hijacking,persistence;privilege-escalation;defense-evasion,file,file modification,11,FileCreate.,Microsoft-Windows-Sysmon/Operational,,Microsoft-Windows-Sysmon
T1574.008,True,Path Interception by Search Order Hijacking,persistence;privilege-escalation;defense-evasion,process,process creation,4688,A new process has been created.,Security,Process Creation,Microsoft-Windows-Security-Auditing
T1574.008,True,Path Interception by Search Order Hijacking,persistence;privilege-escalation;defense-evasion,process,process creation,1,Process Creation.,Microsoft-Windows-Sysmon/Operational,,Microsoft-Windows-Sysmon
T1574.008,True,Path Interception by Search Order Hijacking,persistence;privilege-escalation;defense-evasion,process,process creation,DeviceProcessEvents,DeviceProcessEvents,,,Microsoft Defender for Endpoint
T1574.008,True,Path Interception by Search Order Hijacking,persistence;privilege-escalation;defense-evasion,process,process creation,8,CreateRemoteThread.,Microsoft-Windows-Sysmon/Operational,,Microsoft-Windows-Sysmon
T1574.008,True,Path Interception by Search Order Hijacking,persistence;privilege-escalation;defense-evasion,process,process creation,DeviceEvents,DeviceEvents,,,Microsoft Defender for Endpoint
T1574.007,True,Path Interception by PATH Environment Variable,persistence;privilege-escalation;defense-evasion,windows registry,windows registry key modification,13,RegistryEvent (Value Set).,Microsoft-Windows-Sysmon/Operational,,Microsoft-Windows-Sysmon
T1574.007,True,Path Interception by PATH Environment Variable,persistence;privilege-escalation;defense-evasion,windows registry,windows registry key modification,14,RegistryEvent (Key and Value Rename).,Microsoft-Windows-Sysmon/Operational,,Microsoft-Windows-Sysmon
T1574.007,True,Path Interception by PATH Environment Variable,persistence;privilege-escalation;defense-evasion,windows registry,windows registry key modification,4657,A registry value was modified.,Security,Registry,Microsoft-Windows-Security-Auditing
T1574.007,True,Path Interception by PATH Environment Variable,persistence;privilege-escalation;defense-evasion,windows registry,windows registry key modification,4670,Permissions on an object were changed.,Security,Registry,Microsoft-Windows-Security-Auditing
T1574.007,True,Path Interception by PATH Environment Variable,persistence;privilege-escalation;defense-evasion,windows registry,windows registry key modification,DeviceRegistryEvents,DeviceRegistryEvents,,,Microsoft Defender for Endpoint
T1574.007,True,Path Interception by PATH Environment Variable,persistence;privilege-escalation;defense-evasion,process,process creation,4688,A new process has been created.,Security,Process Creation,Microsoft-Windows-Security-Auditing
T1574.007,True,Path Interception by PATH Environment Variable,persistence;privilege-escalation;defense-evasion,process,process creation,1,Process Creation.,Microsoft-Windows-Sysmon/Operational,,Microsoft-Windows-Sysmon
T1574.007,True,Path Interception by PATH Environment Variable,persistence;privilege-escalation;defense-evasion,process,process creation,DeviceProcessEvents,DeviceProcessEvents,,,Microsoft Defender for Endpoint
T1574.007,True,Path Interception by PATH Environment Variable,persistence;privilege-escalation;defense-evasion,process,process creation,8,CreateRemoteThread.,Microsoft-Windows-Sysmon/Operational,,Microsoft-Windows-Sysmon
T1574.007,True,Path Interception by PATH Environment Variable,persistence;privilege-escalation;defense-evasion,process,process creation,DeviceEvents,DeviceEvents,,,Microsoft Defender for Endpoint
T1574.007,True,Path Interception by PATH Environment Variable,persistence;privilege-escalation;defense-evasion,file,file creation,DeviceFileEvents,DeviceFileEvents,,,Microsoft Defender for Endpoint
T1574.007,True,Path Interception by PATH Environment Variable,persistence;privilege-escalation;defense-evasion,file,file creation,4663,An attempt was made to access an object.,Security,File System,Microsoft-Windows-Security-Auditing
T1574.007,True,Path Interception by PATH Environment Variable,persistence;privilege-escalation;defense-evasion,file,file creation,11,FileCreate,Microsoft-Windows-Sysmon/Operational,,Microsoft-Windows-Sysmon
T1574.009,True,Path Interception by Unquoted Path,persistence;privilege-escalation;defense-evasion,file,file creation,DeviceFileEvents,DeviceFileEvents,,,Microsoft Defender for Endpoint
T1574.009,True,Path Interception by Unquoted Path,persistence;privilege-escalation;defense-evasion,file,file creation,4663,An attempt was made to access an object.,Security,File System,Microsoft-Windows-Security-Auditing
T1574.009,True,Path Interception by Unquoted Path,persistence;privilege-escalation;defense-evasion,file,file creation,11,FileCreate,Microsoft-Windows-Sysmon/Operational,,Microsoft-Windows-Sysmon
T1574.009,True,Path Interception by Unquoted Path,persistence;privilege-escalation;defense-evasion,file,file modification,4670,Permissions on an object were changed.,Security,File System,Microsoft-Windows-Security-Auditing
T1574.009,True,Path Interception by Unquoted Path,persistence;privilege-escalation;defense-evasion,file,file modification,DeviceFileEvents,DeviceFileEvents,,,Microsoft Defender for Endpoint
T1574.009,True,Path Interception by Unquoted Path,persistence;privilege-escalation;defense-evasion,file,file modification,2,A process changed a file creation time.,Microsoft-Windows-Sysmon/Operational,,Microsoft-Windows-Sysmon
T1574.009,True,Path Interception by Unquoted Path,persistence;privilege-escalation;defense-evasion,file,file modification,11,FileCreate.,Microsoft-Windows-Sysmon/Operational,,Microsoft-Windows-Sysmon
T1574.009,True,Path Interception by Unquoted Path,persistence;privilege-escalation;defense-evasion,process,process creation,4688,A new process has been created.,Security,Process Creation,Microsoft-Windows-Security-Auditing
T1574.009,True,Path Interception by Unquoted Path,persistence;privilege-escalation;defense-evasion,process,process creation,1,Process Creation.,Microsoft-Windows-Sysmon/Operational,,Microsoft-Windows-Sysmon
T1574.009,True,Path Interception by Unquoted Path,persistence;privilege-escalation;defense-evasion,process,process creation,DeviceProcessEvents,DeviceProcessEvents,,,Microsoft Defender for Endpoint
T1574.009,True,Path Interception by Unquoted Path,persistence;privilege-escalation;defense-evasion,process,process creation,8,CreateRemoteThread.,Microsoft-Windows-Sysmon/Operational,,Microsoft-Windows-Sysmon
T1574.009,True,Path Interception by Unquoted Path,persistence;privilege-escalation;defense-evasion,process,process creation,DeviceEvents,DeviceEvents,,,Microsoft Defender for Endpoint
T1574.011,True,Services Registry Permissions Weakness,persistence;privilege-escalation;defense-evasion,command,command execution,4688,A new process has been created.,Security,Process Creation,Microsoft-Windows-Security-Auditing
T1574.011,True,Services Registry Permissions Weakness,persistence;privilege-escalation;defense-evasion,command,command execution,1,Process Creation.,Microsoft-Windows-Sysmon/Operational,,Microsoft-Windows-Sysmon
T1574.011,True,Services Registry Permissions Weakness,persistence;privilege-escalation;defense-evasion,command,command execution,4103,Module logging.,Microsoft-Windows-PowerShell/Operational,,Microsoft-Windows-PowerShell
T1574.011,True,Services Registry Permissions Weakness,persistence;privilege-escalation;defense-evasion,command,command execution,DeviceProcessEvents,DeviceProcessEvents,,,Microsoft Defender for Endpoint
T1574.011,True,Services Registry Permissions Weakness,persistence;privilege-escalation;defense-evasion,windows registry,windows registry key modification,13,RegistryEvent (Value Set).,Microsoft-Windows-Sysmon/Operational,,Microsoft-Windows-Sysmon
T1574.011,True,Services Registry Permissions Weakness,persistence;privilege-escalation;defense-evasion,windows registry,windows registry key modification,14,RegistryEvent (Key and Value Rename).,Microsoft-Windows-Sysmon/Operational,,Microsoft-Windows-Sysmon
T1574.011,True,Services Registry Permissions Weakness,persistence;privilege-escalation;defense-evasion,windows registry,windows registry key modification,4657,A registry value was modified.,Security,Registry,Microsoft-Windows-Security-Auditing
T1574.011,True,Services Registry Permissions Weakness,persistence;privilege-escalation;defense-evasion,windows registry,windows registry key modification,4670,Permissions on an object were changed.,Security,Registry,Microsoft-Windows-Security-Auditing
T1574.011,True,Services Registry Permissions Weakness,persistence;privilege-escalation;defense-evasion,windows registry,windows registry key modification,DeviceRegistryEvents,DeviceRegistryEvents,,,Microsoft Defender for Endpoint
T1574.011,True,Services Registry Permissions Weakness,persistence;privilege-escalation;defense-evasion,process,process creation,4688,A new process has been created.,Security,Process Creation,Microsoft-Windows-Security-Auditing
T1574.011,True,Services Registry Permissions Weakness,persistence;privilege-escalation;defense-evasion,process,process creation,1,Process Creation.,Microsoft-Windows-Sysmon/Operational,,Microsoft-Windows-Sysmon
T1574.011,True,Services Registry Permissions Weakness,persistence;privilege-escalation;defense-evasion,process,process creation,DeviceProcessEvents,DeviceProcessEvents,,,Microsoft Defender for Endpoint
T1574.011,True,Services Registry Permissions Weakness,persistence;privilege-escalation;defense-evasion,process,process creation,8,CreateRemoteThread.,Microsoft-Windows-Sysmon/Operational,,Microsoft-Windows-Sysmon
T1574.011,True,Services Registry Permissions Weakness,persistence;privilege-escalation;defense-evasion,process,process creation,DeviceEvents,DeviceEvents,,,Microsoft Defender for Endpoint
T1574.005,True,Executable Installer File Permissions Weakness,persistence;privilege-escalation;defense-evasion,file,file modification,4670,Permissions on an object were changed.,Security,File System,Microsoft-Windows-Security-Auditing
T1574.005,True,Executable Installer File Permissions Weakness,persistence;privilege-escalation;defense-evasion,file,file modification,DeviceFileEvents,DeviceFileEvents,,,Microsoft Defender for Endpoint
T1574.005,True,Executable Installer File Permissions Weakness,persistence;privilege-escalation;defense-evasion,file,file modification,2,A process changed a file creation time.,Microsoft-Windows-Sysmon/Operational,,Microsoft-Windows-Sysmon
T1574.005,True,Executable Installer File Permissions Weakness,persistence;privilege-escalation;defense-evasion,file,file modification,11,FileCreate.,Microsoft-Windows-Sysmon/Operational,,Microsoft-Windows-Sysmon
T1574.005,True,Executable Installer File Permissions Weakness,persistence;privilege-escalation;defense-evasion,file,file creation,DeviceFileEvents,DeviceFileEvents,,,Microsoft Defender for Endpoint
T1574.005,True,Executable Installer File Permissions Weakness,persistence;privilege-escalation;defense-evasion,file,file creation,4663,An attempt was made to access an object.,Security,File System,Microsoft-Windows-Security-Auditing
T1574.005,True,Executable Installer File Permissions Weakness,persistence;privilege-escalation;defense-evasion,file,file creation,11,FileCreate,Microsoft-Windows-Sysmon/Operational,,Microsoft-Windows-Sysmon
T1574.005,True,Executable Installer File Permissions Weakness,persistence;privilege-escalation;defense-evasion,service,service metadata,4,Sysmon service state changed.,Microsoft-Windows-Sysmon/Operational,,Microsoft-Windows-Sysmon
T1574.005,True,Executable Installer File Permissions Weakness,persistence;privilege-escalation;defense-evasion,service,service metadata,6006,The Event log service was stopped.,System,,EventLog
T1574.005,True,Executable Installer File Permissions Weakness,persistence;privilege-escalation;defense-evasion,service,service metadata,6005,The Event log service was started.,System,,EventLog
T1574.005,True,Executable Installer File Permissions Weakness,persistence;privilege-escalation;defense-evasion,process,process creation,4688,A new process has been created.,Security,Process Creation,Microsoft-Windows-Security-Auditing
T1574.005,True,Executable Installer File Permissions Weakness,persistence;privilege-escalation;defense-evasion,process,process creation,1,Process Creation.,Microsoft-Windows-Sysmon/Operational,,Microsoft-Windows-Sysmon
T1574.005,True,Executable Installer File Permissions Weakness,persistence;privilege-escalation;defense-evasion,process,process creation,DeviceProcessEvents,DeviceProcessEvents,,,Microsoft Defender for Endpoint
T1574.005,True,Executable Installer File Permissions Weakness,persistence;privilege-escalation;defense-evasion,process,process creation,8,CreateRemoteThread.,Microsoft-Windows-Sysmon/Operational,,Microsoft-Windows-Sysmon
T1574.005,True,Executable Installer File Permissions Weakness,persistence;privilege-escalation;defense-evasion,process,process creation,DeviceEvents,DeviceEvents,,,Microsoft Defender for Endpoint
T1574.005,True,Executable Installer File Permissions Weakness,persistence;privilege-escalation;defense-evasion,module,module load,7,Image loaded.,Microsoft-Windows-Sysmon/Operational,,Microsoft-Windows-Sysmon
T1574.005,True,Executable Installer File Permissions Weakness,persistence;privilege-escalation;defense-evasion,module,module load,DeviceImageLoadEvents,DeviceImageLoadEvents,,,Microsoft Defender for Endpoint
T1574.010,True,Services File Permissions Weakness,persistence;privilege-escalation;defense-evasion,file,file modification,4670,Permissions on an object were changed.,Security,File System,Microsoft-Windows-Security-Auditing
T1574.010,True,Services File Permissions Weakness,persistence;privilege-escalation;defense-evasion,file,file modification,DeviceFileEvents,DeviceFileEvents,,,Microsoft Defender for Endpoint
T1574.010,True,Services File Permissions Weakness,persistence;privilege-escalation;defense-evasion,file,file modification,2,A process changed a file creation time.,Microsoft-Windows-Sysmon/Operational,,Microsoft-Windows-Sysmon
T1574.010,True,Services File Permissions Weakness,persistence;privilege-escalation;defense-evasion,file,file modification,11,FileCreate.,Microsoft-Windows-Sysmon/Operational,,Microsoft-Windows-Sysmon
T1574.010,True,Services File Permissions Weakness,persistence;privilege-escalation;defense-evasion,file,file creation,DeviceFileEvents,DeviceFileEvents,,,Microsoft Defender for Endpoint
T1574.010,True,Services File Permissions Weakness,persistence;privilege-escalation;defense-evasion,file,file creation,4663,An attempt was made to access an object.,Security,File System,Microsoft-Windows-Security-Auditing
T1574.010,True,Services File Permissions Weakness,persistence;privilege-escalation;defense-evasion,file,file creation,11,FileCreate,Microsoft-Windows-Sysmon/Operational,,Microsoft-Windows-Sysmon
T1574.010,True,Services File Permissions Weakness,persistence;privilege-escalation;defense-evasion,process,process creation,4688,A new process has been created.,Security,Process Creation,Microsoft-Windows-Security-Auditing
T1574.010,True,Services File Permissions Weakness,persistence;privilege-escalation;defense-evasion,process,process creation,1,Process Creation.,Microsoft-Windows-Sysmon/Operational,,Microsoft-Windows-Sysmon
T1574.010,True,Services File Permissions Weakness,persistence;privilege-escalation;defense-evasion,process,process creation,DeviceProcessEvents,DeviceProcessEvents,,,Microsoft Defender for Endpoint
T1574.010,True,Services File Permissions Weakness,persistence;privilege-escalation;defense-evasion,process,process creation,8,CreateRemoteThread.,Microsoft-Windows-Sysmon/Operational,,Microsoft-Windows-Sysmon
T1574.010,True,Services File Permissions Weakness,persistence;privilege-escalation;defense-evasion,process,process creation,DeviceEvents,DeviceEvents,,,Microsoft Defender for Endpoint
T1574.010,True,Services File Permissions Weakness,persistence;privilege-escalation;defense-evasion,service,service metadata,4,Sysmon service state changed.,Microsoft-Windows-Sysmon/Operational,,Microsoft-Windows-Sysmon
T1574.010,True,Services File Permissions Weakness,persistence;privilege-escalation;defense-evasion,service,service metadata,6006,The Event log service was stopped.,System,,EventLog
T1574.010,True,Services File Permissions Weakness,persistence;privilege-escalation;defense-evasion,service,service metadata,6005,The Event log service was started.,System,,EventLog
T1574,False,Hijack Execution Flow,persistence;privilege-escalation;defense-evasion,service,service metadata,4,Sysmon service state changed.,Microsoft-Windows-Sysmon/Operational,,Microsoft-Windows-Sysmon
T1574,False,Hijack Execution Flow,persistence;privilege-escalation;defense-evasion,service,service metadata,6006,The Event log service was stopped.,System,,EventLog
T1574,False,Hijack Execution Flow,persistence;privilege-escalation;defense-evasion,service,service metadata,6005,The Event log service was started.,System,,EventLog
T1574,False,Hijack Execution Flow,persistence;privilege-escalation;defense-evasion,file,file creation,DeviceFileEvents,DeviceFileEvents,,,Microsoft Defender for Endpoint
T1574,False,Hijack Execution Flow,persistence;privilege-escalation;defense-evasion,file,file creation,4663,An attempt was made to access an object.,Security,File System,Microsoft-Windows-Security-Auditing
T1574,False,Hijack Execution Flow,persistence;privilege-escalation;defense-evasion,file,file creation,11,FileCreate,Microsoft-Windows-Sysmon/Operational,,Microsoft-Windows-Sysmon
T1574,False,Hijack Execution Flow,persistence;privilege-escalation;defense-evasion,file,file modification,4670,Permissions on an object were changed.,Security,File System,Microsoft-Windows-Security-Auditing
T1574,False,Hijack Execution Flow,persistence;privilege-escalation;defense-evasion,file,file modification,DeviceFileEvents,DeviceFileEvents,,,Microsoft Defender for Endpoint
T1574,False,Hijack Execution Flow,persistence;privilege-escalation;defense-evasion,file,file modification,2,A process changed a file creation time.,Microsoft-Windows-Sysmon/Operational,,Microsoft-Windows-Sysmon
T1574,False,Hijack Execution Flow,persistence;privilege-escalation;defense-evasion,file,file modification,11,FileCreate.,Microsoft-Windows-Sysmon/Operational,,Microsoft-Windows-Sysmon
T1574,False,Hijack Execution Flow,persistence;privilege-escalation;defense-evasion,windows registry,windows registry key modification,13,RegistryEvent (Value Set).,Microsoft-Windows-Sysmon/Operational,,Microsoft-Windows-Sysmon
T1574,False,Hijack Execution Flow,persistence;privilege-escalation;defense-evasion,windows registry,windows registry key modification,14,RegistryEvent (Key and Value Rename).,Microsoft-Windows-Sysmon/Operational,,Microsoft-Windows-Sysmon
T1574,False,Hijack Execution Flow,persistence;privilege-escalation;defense-evasion,windows registry,windows registry key modification,4657,A registry value was modified.,Security,Registry,Microsoft-Windows-Security-Auditing
T1574,False,Hijack Execution Flow,persistence;privilege-escalation;defense-evasion,windows registry,windows registry key modification,4670,Permissions on an object were changed.,Security,Registry,Microsoft-Windows-Security-Auditing
T1574,False,Hijack Execution Flow,persistence;privilege-escalation;defense-evasion,windows registry,windows registry key modification,DeviceRegistryEvents,DeviceRegistryEvents,,,Microsoft Defender for Endpoint
T1574,False,Hijack Execution Flow,persistence;privilege-escalation;defense-evasion,command,command execution,4688,A new process has been created.,Security,Process Creation,Microsoft-Windows-Security-Auditing
T1574,False,Hijack Execution Flow,persistence;privilege-escalation;defense-evasion,command,command execution,1,Process Creation.,Microsoft-Windows-Sysmon/Operational,,Microsoft-Windows-Sysmon
T1574,False,Hijack Execution Flow,persistence;privilege-escalation;defense-evasion,command,command execution,4103,Module logging.,Microsoft-Windows-PowerShell/Operational,,Microsoft-Windows-PowerShell
T1574,False,Hijack Execution Flow,persistence;privilege-escalation;defense-evasion,command,command execution,DeviceProcessEvents,DeviceProcessEvents,,,Microsoft Defender for Endpoint
T1574,False,Hijack Execution Flow,persistence;privilege-escalation;defense-evasion,module,module load,7,Image loaded.,Microsoft-Windows-Sysmon/Operational,,Microsoft-Windows-Sysmon
T1574,False,Hijack Execution Flow,persistence;privilege-escalation;defense-evasion,module,module load,DeviceImageLoadEvents,DeviceImageLoadEvents,,,Microsoft Defender for Endpoint
T1574,False,Hijack Execution Flow,persistence;privilege-escalation;defense-evasion,process,process creation,4688,A new process has been created.,Security,Process Creation,Microsoft-Windows-Security-Auditing
T1574,False,Hijack Execution Flow,persistence;privilege-escalation;defense-evasion,process,process creation,1,Process Creation.,Microsoft-Windows-Sysmon/Operational,,Microsoft-Windows-Sysmon
T1574,False,Hijack Execution Flow,persistence;privilege-escalation;defense-evasion,process,process creation,DeviceProcessEvents,DeviceProcessEvents,,,Microsoft Defender for Endpoint
T1574,False,Hijack Execution Flow,persistence;privilege-escalation;defense-evasion,process,process creation,8,CreateRemoteThread.,Microsoft-Windows-Sysmon/Operational,,Microsoft-Windows-Sysmon
T1574,False,Hijack Execution Flow,persistence;privilege-escalation;defense-evasion,process,process creation,DeviceEvents,DeviceEvents,,,Microsoft Defender for Endpoint
T1069.001,True,Local Groups,discovery,process,process creation,4688,A new process has been created.,Security,Process Creation,Microsoft-Windows-Security-Auditing
T1069.001,True,Local Groups,discovery,process,process creation,1,Process Creation.,Microsoft-Windows-Sysmon/Operational,,Microsoft-Windows-Sysmon
T1069.001,True,Local Groups,discovery,process,process creation,DeviceProcessEvents,DeviceProcessEvents,,,Microsoft Defender for Endpoint
T1069.001,True,Local Groups,discovery,process,process creation,8,CreateRemoteThread.,Microsoft-Windows-Sysmon/Operational,,Microsoft-Windows-Sysmon
T1069.001,True,Local Groups,discovery,process,process creation,DeviceEvents,DeviceEvents,,,Microsoft Defender for Endpoint
T1069.001,True,Local Groups,discovery,command,command execution,4688,A new process has been created.,Security,Process Creation,Microsoft-Windows-Security-Auditing
T1069.001,True,Local Groups,discovery,command,command execution,1,Process Creation.,Microsoft-Windows-Sysmon/Operational,,Microsoft-Windows-Sysmon
T1069.001,True,Local Groups,discovery,command,command execution,4103,Module logging.,Microsoft-Windows-PowerShell/Operational,,Microsoft-Windows-PowerShell
T1069.001,True,Local Groups,discovery,command,command execution,DeviceProcessEvents,DeviceProcessEvents,,,Microsoft Defender for Endpoint
T1570,False,Lateral Tool Transfer,lateral-movement,named pipe,named pipe metadata,18,PipeEvent (Pipe Connected).,Microsoft-Windows-Sysmon/Operational,,Microsoft-Windows-Sysmon
T1570,False,Lateral Tool Transfer,lateral-movement,named pipe,named pipe metadata,17,PipeEvent (Pipe Created).,Microsoft-Windows-Sysmon/Operational,,Microsoft-Windows-Sysmon
T1570,False,Lateral Tool Transfer,lateral-movement,named pipe,named pipe metadata,4656,A handle to an object was requested.,Security,Detailed File Share,Microsoft-Windows-Security-Auditing
T1570,False,Lateral Tool Transfer,lateral-movement,named pipe,named pipe metadata,4656,A handle to an object was requested.,Security,File System,Microsoft-Windows-Security-Auditing
T1570,False,Lateral Tool Transfer,lateral-movement,named pipe,named pipe metadata,5145,A network share object was checked to see whether client can be granted desired access.,Security,Detailed File Share,Microsoft-Windows-Security-Auditing
T1570,False,Lateral Tool Transfer,lateral-movement,file,file creation,DeviceFileEvents,DeviceFileEvents,,,Microsoft Defender for Endpoint
T1570,False,Lateral Tool Transfer,lateral-movement,file,file creation,4663,An attempt was made to access an object.,Security,File System,Microsoft-Windows-Security-Auditing
T1570,False,Lateral Tool Transfer,lateral-movement,file,file creation,11,FileCreate,Microsoft-Windows-Sysmon/Operational,,Microsoft-Windows-Sysmon
T1570,False,Lateral Tool Transfer,lateral-movement,command,command execution,4688,A new process has been created.,Security,Process Creation,Microsoft-Windows-Security-Auditing
T1570,False,Lateral Tool Transfer,lateral-movement,command,command execution,1,Process Creation.,Microsoft-Windows-Sysmon/Operational,,Microsoft-Windows-Sysmon
T1570,False,Lateral Tool Transfer,lateral-movement,command,command execution,4103,Module logging.,Microsoft-Windows-PowerShell/Operational,,Microsoft-Windows-PowerShell
T1570,False,Lateral Tool Transfer,lateral-movement,command,command execution,DeviceProcessEvents,DeviceProcessEvents,,,Microsoft Defender for Endpoint
T1570,False,Lateral Tool Transfer,lateral-movement,network share,network share access,5140,A network share object was accessed.,Security,File Share,Microsoft-Windows-Security-Auditing
T1570,False,Lateral Tool Transfer,lateral-movement,network share,network share access,5145,A network share object was checked to see whether client can be granted desired access.,Security,Detailed File Share,Microsoft-Windows-Security-Auditing
T1570,False,Lateral Tool Transfer,lateral-movement,network share,network share access,DeviceLogonEvents,DeviceLogonEvents,,,Microsoft Defender for Endpoint
T1570,False,Lateral Tool Transfer,lateral-movement,process,process creation,4688,A new process has been created.,Security,Process Creation,Microsoft-Windows-Security-Auditing
T1570,False,Lateral Tool Transfer,lateral-movement,process,process creation,1,Process Creation.,Microsoft-Windows-Sysmon/Operational,,Microsoft-Windows-Sysmon
T1570,False,Lateral Tool Transfer,lateral-movement,process,process creation,DeviceProcessEvents,DeviceProcessEvents,,,Microsoft Defender for Endpoint
T1570,False,Lateral Tool Transfer,lateral-movement,process,process creation,8,CreateRemoteThread.,Microsoft-Windows-Sysmon/Operational,,Microsoft-Windows-Sysmon
T1570,False,Lateral Tool Transfer,lateral-movement,process,process creation,DeviceEvents,DeviceEvents,,,Microsoft Defender for Endpoint
T1204.002,True,Malicious File,execution,process,process creation,4688,A new process has been created.,Security,Process Creation,Microsoft-Windows-Security-Auditing
T1204.002,True,Malicious File,execution,process,process creation,1,Process Creation.,Microsoft-Windows-Sysmon/Operational,,Microsoft-Windows-Sysmon
T1204.002,True,Malicious File,execution,process,process creation,DeviceProcessEvents,DeviceProcessEvents,,,Microsoft Defender for Endpoint
T1204.002,True,Malicious File,execution,process,process creation,8,CreateRemoteThread.,Microsoft-Windows-Sysmon/Operational,,Microsoft-Windows-Sysmon
T1204.002,True,Malicious File,execution,process,process creation,DeviceEvents,DeviceEvents,,,Microsoft Defender for Endpoint
T1204.002,True,Malicious File,execution,file,file creation,DeviceFileEvents,DeviceFileEvents,,,Microsoft Defender for Endpoint
T1204.002,True,Malicious File,execution,file,file creation,4663,An attempt was made to access an object.,Security,File System,Microsoft-Windows-Security-Auditing
T1204.002,True,Malicious File,execution,file,file creation,11,FileCreate,Microsoft-Windows-Sysmon/Operational,,Microsoft-Windows-Sysmon
T1204.001,True,Malicious Link,execution,network traffic,network connection creation,5156,The Windows Filtering Platform has permitted a connection.,Security,Filtering Platform Connection,Microsoft-Windows-Security-Auditing
T1204.001,True,Malicious Link,execution,network traffic,network connection creation,3,Network connection.,Microsoft-Windows-Sysmon/Operational,,Microsoft-Windows-Sysmon
T1204.001,True,Malicious Link,execution,network traffic,network connection creation,DeviceNetworkEvents,DeviceNetworkEvents,,,Microsoft Defender for Endpoint
T1204.001,True,Malicious Link,execution,network traffic,network connection creation,5157,The Windows Filtering Platform has blocked a connection.,Security,Filtering Platform Connection,Microsoft-Windows-Security-Auditing
T1204.001,True,Malicious Link,execution,network traffic,network connection creation,5154,The Windows Filtering Platform has permitted an application or service to listen on a port for incoming connections.,Security,Filtering Platform Connection,Microsoft-Windows-Security-Auditing
T1204.001,True,Malicious Link,execution,network traffic,network connection creation,5159,The Windows Filtering Platform has blocked a bind to a local port.,Security,Filtering Platform Connection,Microsoft-Windows-Security-Auditing
T1204.001,True,Malicious Link,execution,network traffic,network connection creation,5155,The Windows Filtering Platform has blocked an application or service from listening on a port for incoming connections.,Security,Filtering Platform Connection,Microsoft-Windows-Security-Auditing
T1204.001,True,Malicious Link,execution,network traffic,network connection creation,5031,The Windows Firewall Service blocked an application from accepting incoming connections on the network.,Security,Filtering Platform Connection,Microsoft-Windows-Security-Auditing
T1204.001,True,Malicious Link,execution,network traffic,network connection creation,DeviceEvents,DeviceEvents,,,Microsoft Defender for Endpoint
T1204.001,True,Malicious Link,execution,network traffic,network connection creation,5158,The Windows Filtering Platform has permitted a bind to a local port.,Security,Filtering Platform Connection,Microsoft-Windows-Security-Auditing
T1204.001,True,Malicious Link,execution,file,file creation,DeviceFileEvents,DeviceFileEvents,,,Microsoft Defender for Endpoint
T1204.001,True,Malicious Link,execution,file,file creation,4663,An attempt was made to access an object.,Security,File System,Microsoft-Windows-Security-Auditing
T1204.001,True,Malicious Link,execution,file,file creation,11,FileCreate,Microsoft-Windows-Sysmon/Operational,,Microsoft-Windows-Sysmon
T1195.003,True,Compromise Hardware Supply Chain,initial-access,sensor health,host status,4,Sysmon service state changed.,Microsoft-Windows-Sysmon/Operational,,Microsoft-Windows-Sysmon
T1195.003,True,Compromise Hardware Supply Chain,initial-access,sensor health,host status,1100,The event logging service has shut down.,,,Microsoft-Windows-Eventlog
T1195.003,True,Compromise Hardware Supply Chain,initial-access,sensor health,host status,1101,Audit events have been dropped by the transport.,,,Microsoft-Windows-Eventlog
T1195.003,True,Compromise Hardware Supply Chain,initial-access,sensor health,host status,1102,The audit log was cleared.,,,Microsoft-Windows-Eventlog
T1195.003,True,Compromise Hardware Supply Chain,initial-access,sensor health,host status,1104,The security Log is now full.,,,Microsoft-Windows-Eventlog
T1195.003,True,Compromise Hardware Supply Chain,initial-access,sensor health,host status,6005,The Event log service was started.,System,,EventLog
T1195.003,True,Compromise Hardware Supply Chain,initial-access,sensor health,host status,6006,The Event log service was stopped.,System,,EventLog
T1195.003,True,Compromise Hardware Supply Chain,initial-access,sensor health,host status,4616,The system time was changed.,Security,Security State Change,Microsoft-Windows-Security-Auditing
T1568.001,True,Fast Flux DNS,command-and-control,network traffic,network connection creation,5156,The Windows Filtering Platform has permitted a connection.,Security,Filtering Platform Connection,Microsoft-Windows-Security-Auditing
T1568.001,True,Fast Flux DNS,command-and-control,network traffic,network connection creation,3,Network connection.,Microsoft-Windows-Sysmon/Operational,,Microsoft-Windows-Sysmon
T1568.001,True,Fast Flux DNS,command-and-control,network traffic,network connection creation,DeviceNetworkEvents,DeviceNetworkEvents,,,Microsoft Defender for Endpoint
T1568.001,True,Fast Flux DNS,command-and-control,network traffic,network connection creation,5157,The Windows Filtering Platform has blocked a connection.,Security,Filtering Platform Connection,Microsoft-Windows-Security-Auditing
T1568.001,True,Fast Flux DNS,command-and-control,network traffic,network connection creation,5154,The Windows Filtering Platform has permitted an application or service to listen on a port for incoming connections.,Security,Filtering Platform Connection,Microsoft-Windows-Security-Auditing
T1568.001,True,Fast Flux DNS,command-and-control,network traffic,network connection creation,5159,The Windows Filtering Platform has blocked a bind to a local port.,Security,Filtering Platform Connection,Microsoft-Windows-Security-Auditing
T1568.001,True,Fast Flux DNS,command-and-control,network traffic,network connection creation,5155,The Windows Filtering Platform has blocked an application or service from listening on a port for incoming connections.,Security,Filtering Platform Connection,Microsoft-Windows-Security-Auditing
T1568.001,True,Fast Flux DNS,command-and-control,network traffic,network connection creation,5031,The Windows Firewall Service blocked an application from accepting incoming connections on the network.,Security,Filtering Platform Connection,Microsoft-Windows-Security-Auditing
T1568.001,True,Fast Flux DNS,command-and-control,network traffic,network connection creation,DeviceEvents,DeviceEvents,,,Microsoft Defender for Endpoint
T1568.001,True,Fast Flux DNS,command-and-control,network traffic,network connection creation,5158,The Windows Filtering Platform has permitted a bind to a local port.,Security,Filtering Platform Connection,Microsoft-Windows-Security-Auditing
T1052.001,True,Exfiltration over USB,exfiltration,file,file access,4656,A handle to an object was requested.,Security,File System,Microsoft-Windows-Security-Auditing
T1052.001,True,Exfiltration over USB,exfiltration,file,file access,4663,An attempt was made to access an object.,Security,File System,Microsoft-Windows-Security-Auditing
T1052.001,True,Exfiltration over USB,exfiltration,file,file access,4661,A handle to an object was requested.,Security,SAM,Microsoft-Windows-Security-Auditing
T1052.001,True,Exfiltration over USB,exfiltration,drive,drive creation,6423,The installation of this device is forbidden by system policy.,Security,PNP Activity,Microsoft-Windows-Security-Auditing
T1052.001,True,Exfiltration over USB,exfiltration,drive,drive creation,6416,A new external device was recognized by the system.,Security,PNP Activity,Microsoft-Windows-Security-Auditing
T1052.001,True,Exfiltration over USB,exfiltration,drive,drive creation,6424,"The installation of this device was allowed, after having previously been forbidden by policy.",Security,PNP Activity,Microsoft-Windows-Security-Auditing
T1052.001,True,Exfiltration over USB,exfiltration,command,command execution,4688,A new process has been created.,Security,Process Creation,Microsoft-Windows-Security-Auditing
T1052.001,True,Exfiltration over USB,exfiltration,command,command execution,1,Process Creation.,Microsoft-Windows-Sysmon/Operational,,Microsoft-Windows-Sysmon
T1052.001,True,Exfiltration over USB,exfiltration,command,command execution,4103,Module logging.,Microsoft-Windows-PowerShell/Operational,,Microsoft-Windows-PowerShell
T1052.001,True,Exfiltration over USB,exfiltration,command,command execution,DeviceProcessEvents,DeviceProcessEvents,,,Microsoft Defender for Endpoint
T1052.001,True,Exfiltration over USB,exfiltration,process,process creation,4688,A new process has been created.,Security,Process Creation,Microsoft-Windows-Security-Auditing
T1052.001,True,Exfiltration over USB,exfiltration,process,process creation,1,Process Creation.,Microsoft-Windows-Sysmon/Operational,,Microsoft-Windows-Sysmon
T1052.001,True,Exfiltration over USB,exfiltration,process,process creation,DeviceProcessEvents,DeviceProcessEvents,,,Microsoft Defender for Endpoint
T1052.001,True,Exfiltration over USB,exfiltration,process,process creation,8,CreateRemoteThread.,Microsoft-Windows-Sysmon/Operational,,Microsoft-Windows-Sysmon
T1052.001,True,Exfiltration over USB,exfiltration,process,process creation,DeviceEvents,DeviceEvents,,,Microsoft Defender for Endpoint
T1569.002,True,Service Execution,execution,windows registry,windows registry key modification,13,RegistryEvent (Value Set).,Microsoft-Windows-Sysmon/Operational,,Microsoft-Windows-Sysmon
T1569.002,True,Service Execution,execution,windows registry,windows registry key modification,14,RegistryEvent (Key and Value Rename).,Microsoft-Windows-Sysmon/Operational,,Microsoft-Windows-Sysmon
T1569.002,True,Service Execution,execution,windows registry,windows registry key modification,4657,A registry value was modified.,Security,Registry,Microsoft-Windows-Security-Auditing
T1569.002,True,Service Execution,execution,windows registry,windows registry key modification,4670,Permissions on an object were changed.,Security,Registry,Microsoft-Windows-Security-Auditing
T1569.002,True,Service Execution,execution,windows registry,windows registry key modification,DeviceRegistryEvents,DeviceRegistryEvents,,,Microsoft Defender for Endpoint
T1569.002,True,Service Execution,execution,service,service creation,4697,A service was installed in the system.,Security,Security System Extension,Microsoft-Windows-Security-Auditing
T1569.002,True,Service Execution,execution,service,service creation,7045,A new service was installed in the system.,System,,Service Control Manager
T1569.002,True,Service Execution,execution,service,service creation,DeviceEvents,DeviceEvents,,,Microsoft Defender for Endpoint
T1569.002,True,Service Execution,execution,command,command execution,4688,A new process has been created.,Security,Process Creation,Microsoft-Windows-Security-Auditing
T1569.002,True,Service Execution,execution,command,command execution,1,Process Creation.,Microsoft-Windows-Sysmon/Operational,,Microsoft-Windows-Sysmon
T1569.002,True,Service Execution,execution,command,command execution,4103,Module logging.,Microsoft-Windows-PowerShell/Operational,,Microsoft-Windows-PowerShell
T1569.002,True,Service Execution,execution,command,command execution,DeviceProcessEvents,DeviceProcessEvents,,,Microsoft Defender for Endpoint
T1569.002,True,Service Execution,execution,process,process creation,4688,A new process has been created.,Security,Process Creation,Microsoft-Windows-Security-Auditing
T1569.002,True,Service Execution,execution,process,process creation,1,Process Creation.,Microsoft-Windows-Sysmon/Operational,,Microsoft-Windows-Sysmon
T1569.002,True,Service Execution,execution,process,process creation,DeviceProcessEvents,DeviceProcessEvents,,,Microsoft Defender for Endpoint
T1569.002,True,Service Execution,execution,process,process creation,8,CreateRemoteThread.,Microsoft-Windows-Sysmon/Operational,,Microsoft-Windows-Sysmon
T1569.002,True,Service Execution,execution,process,process creation,DeviceEvents,DeviceEvents,,,Microsoft Defender for Endpoint
T1569,,System Services,execution,command,command execution,4688,A new process has been created.,Security,Process Creation,Microsoft-Windows-Security-Auditing
T1569,,System Services,execution,command,command execution,1,Process Creation.,Microsoft-Windows-Sysmon/Operational,,Microsoft-Windows-Sysmon
T1569,,System Services,execution,command,command execution,4103,Module logging.,Microsoft-Windows-PowerShell/Operational,,Microsoft-Windows-PowerShell
T1569,,System Services,execution,command,command execution,DeviceProcessEvents,DeviceProcessEvents,,,Microsoft Defender for Endpoint
T1569,,System Services,execution,service,service creation,4697,A service was installed in the system.,Security,Security System Extension,Microsoft-Windows-Security-Auditing
T1569,,System Services,execution,service,service creation,7045,A new service was installed in the system.,System,,Service Control Manager
T1569,,System Services,execution,service,service creation,DeviceEvents,DeviceEvents,,,Microsoft Defender for Endpoint
T1569,,System Services,execution,windows registry,windows registry key modification,13,RegistryEvent (Value Set).,Microsoft-Windows-Sysmon/Operational,,Microsoft-Windows-Sysmon
T1569,,System Services,execution,windows registry,windows registry key modification,14,RegistryEvent (Key and Value Rename).,Microsoft-Windows-Sysmon/Operational,,Microsoft-Windows-Sysmon
T1569,,System Services,execution,windows registry,windows registry key modification,4657,A registry value was modified.,Security,Registry,Microsoft-Windows-Security-Auditing
T1569,,System Services,execution,windows registry,windows registry key modification,4670,Permissions on an object were changed.,Security,Registry,Microsoft-Windows-Security-Auditing
T1569,,System Services,execution,windows registry,windows registry key modification,DeviceRegistryEvents,DeviceRegistryEvents,,,Microsoft Defender for Endpoint
T1569,,System Services,execution,file,file modification,4670,Permissions on an object were changed.,Security,File System,Microsoft-Windows-Security-Auditing
T1569,,System Services,execution,file,file modification,DeviceFileEvents,DeviceFileEvents,,,Microsoft Defender for Endpoint
T1569,,System Services,execution,file,file modification,2,A process changed a file creation time.,Microsoft-Windows-Sysmon/Operational,,Microsoft-Windows-Sysmon
T1569,,System Services,execution,file,file modification,11,FileCreate.,Microsoft-Windows-Sysmon/Operational,,Microsoft-Windows-Sysmon
T1569,,System Services,execution,process,process creation,4688,A new process has been created.,Security,Process Creation,Microsoft-Windows-Security-Auditing
T1569,,System Services,execution,process,process creation,1,Process Creation.,Microsoft-Windows-Sysmon/Operational,,Microsoft-Windows-Sysmon
T1569,,System Services,execution,process,process creation,DeviceProcessEvents,DeviceProcessEvents,,,Microsoft Defender for Endpoint
T1569,,System Services,execution,process,process creation,8,CreateRemoteThread.,Microsoft-Windows-Sysmon/Operational,,Microsoft-Windows-Sysmon
T1569,,System Services,execution,process,process creation,DeviceEvents,DeviceEvents,,,Microsoft Defender for Endpoint
T1568,,Dynamic Resolution,command-and-control,network traffic,network connection creation,5156,The Windows Filtering Platform has permitted a connection.,Security,Filtering Platform Connection,Microsoft-Windows-Security-Auditing
T1568,,Dynamic Resolution,command-and-control,network traffic,network connection creation,3,Network connection.,Microsoft-Windows-Sysmon/Operational,,Microsoft-Windows-Sysmon
T1568,,Dynamic Resolution,command-and-control,network traffic,network connection creation,DeviceNetworkEvents,DeviceNetworkEvents,,,Microsoft Defender for Endpoint
T1568,,Dynamic Resolution,command-and-control,network traffic,network connection creation,5157,The Windows Filtering Platform has blocked a connection.,Security,Filtering Platform Connection,Microsoft-Windows-Security-Auditing
T1568,,Dynamic Resolution,command-and-control,network traffic,network connection creation,5154,The Windows Filtering Platform has permitted an application or service to listen on a port for incoming connections.,Security,Filtering Platform Connection,Microsoft-Windows-Security-Auditing
T1568,,Dynamic Resolution,command-and-control,network traffic,network connection creation,5159,The Windows Filtering Platform has blocked a bind to a local port.,Security,Filtering Platform Connection,Microsoft-Windows-Security-Auditing
T1568,,Dynamic Resolution,command-and-control,network traffic,network connection creation,5155,The Windows Filtering Platform has blocked an application or service from listening on a port for incoming connections.,Security,Filtering Platform Connection,Microsoft-Windows-Security-Auditing
T1568,,Dynamic Resolution,command-and-control,network traffic,network connection creation,5031,The Windows Firewall Service blocked an application from accepting incoming connections on the network.,Security,Filtering Platform Connection,Microsoft-Windows-Security-Auditing
T1568,,Dynamic Resolution,command-and-control,network traffic,network connection creation,DeviceEvents,DeviceEvents,,,Microsoft Defender for Endpoint
T1568,,Dynamic Resolution,command-and-control,network traffic,network connection creation,5158,The Windows Filtering Platform has permitted a bind to a local port.,Security,Filtering Platform Connection,Microsoft-Windows-Security-Auditing
T1011.001,True,Exfiltration Over Bluetooth,exfiltration,network traffic,network connection creation,5156,The Windows Filtering Platform has permitted a connection.,Security,Filtering Platform Connection,Microsoft-Windows-Security-Auditing
T1011.001,True,Exfiltration Over Bluetooth,exfiltration,network traffic,network connection creation,3,Network connection.,Microsoft-Windows-Sysmon/Operational,,Microsoft-Windows-Sysmon
T1011.001,True,Exfiltration Over Bluetooth,exfiltration,network traffic,network connection creation,DeviceNetworkEvents,DeviceNetworkEvents,,,Microsoft Defender for Endpoint
T1011.001,True,Exfiltration Over Bluetooth,exfiltration,network traffic,network connection creation,5157,The Windows Filtering Platform has blocked a connection.,Security,Filtering Platform Connection,Microsoft-Windows-Security-Auditing
T1011.001,True,Exfiltration Over Bluetooth,exfiltration,network traffic,network connection creation,5154,The Windows Filtering Platform has permitted an application or service to listen on a port for incoming connections.,Security,Filtering Platform Connection,Microsoft-Windows-Security-Auditing
T1011.001,True,Exfiltration Over Bluetooth,exfiltration,network traffic,network connection creation,5159,The Windows Filtering Platform has blocked a bind to a local port.,Security,Filtering Platform Connection,Microsoft-Windows-Security-Auditing
T1011.001,True,Exfiltration Over Bluetooth,exfiltration,network traffic,network connection creation,5155,The Windows Filtering Platform has blocked an application or service from listening on a port for incoming connections.,Security,Filtering Platform Connection,Microsoft-Windows-Security-Auditing
T1011.001,True,Exfiltration Over Bluetooth,exfiltration,network traffic,network connection creation,5031,The Windows Firewall Service blocked an application from accepting incoming connections on the network.,Security,Filtering Platform Connection,Microsoft-Windows-Security-Auditing
T1011.001,True,Exfiltration Over Bluetooth,exfiltration,network traffic,network connection creation,DeviceEvents,DeviceEvents,,,Microsoft Defender for Endpoint
T1011.001,True,Exfiltration Over Bluetooth,exfiltration,network traffic,network connection creation,5158,The Windows Filtering Platform has permitted a bind to a local port.,Security,Filtering Platform Connection,Microsoft-Windows-Security-Auditing
T1011.001,True,Exfiltration Over Bluetooth,exfiltration,file,file access,4656,A handle to an object was requested.,Security,File System,Microsoft-Windows-Security-Auditing
T1011.001,True,Exfiltration Over Bluetooth,exfiltration,file,file access,4663,An attempt was made to access an object.,Security,File System,Microsoft-Windows-Security-Auditing
T1011.001,True,Exfiltration Over Bluetooth,exfiltration,file,file access,4661,A handle to an object was requested.,Security,SAM,Microsoft-Windows-Security-Auditing
T1011.001,True,Exfiltration Over Bluetooth,exfiltration,command,command execution,4688,A new process has been created.,Security,Process Creation,Microsoft-Windows-Security-Auditing
T1011.001,True,Exfiltration Over Bluetooth,exfiltration,command,command execution,1,Process Creation.,Microsoft-Windows-Sysmon/Operational,,Microsoft-Windows-Sysmon
T1011.001,True,Exfiltration Over Bluetooth,exfiltration,command,command execution,4103,Module logging.,Microsoft-Windows-PowerShell/Operational,,Microsoft-Windows-PowerShell
T1011.001,True,Exfiltration Over Bluetooth,exfiltration,command,command execution,DeviceProcessEvents,DeviceProcessEvents,,,Microsoft Defender for Endpoint
T1567.002,True,Exfiltration to Cloud Storage,exfiltration,file,file access,4656,A handle to an object was requested.,Security,File System,Microsoft-Windows-Security-Auditing
T1567.002,True,Exfiltration to Cloud Storage,exfiltration,file,file access,4663,An attempt was made to access an object.,Security,File System,Microsoft-Windows-Security-Auditing
T1567.002,True,Exfiltration to Cloud Storage,exfiltration,file,file access,4661,A handle to an object was requested.,Security,SAM,Microsoft-Windows-Security-Auditing
T1567.002,True,Exfiltration to Cloud Storage,exfiltration,command,command execution,4688,A new process has been created.,Security,Process Creation,Microsoft-Windows-Security-Auditing
T1567.002,True,Exfiltration to Cloud Storage,exfiltration,command,command execution,1,Process Creation.,Microsoft-Windows-Sysmon/Operational,,Microsoft-Windows-Sysmon
T1567.002,True,Exfiltration to Cloud Storage,exfiltration,command,command execution,4103,Module logging.,Microsoft-Windows-PowerShell/Operational,,Microsoft-Windows-PowerShell
T1567.002,True,Exfiltration to Cloud Storage,exfiltration,command,command execution,DeviceProcessEvents,DeviceProcessEvents,,,Microsoft Defender for Endpoint
T1567.001,True,Exfiltration to Code Repository,exfiltration,command,command execution,4688,A new process has been created.,Security,Process Creation,Microsoft-Windows-Security-Auditing
T1567.001,True,Exfiltration to Code Repository,exfiltration,command,command execution,1,Process Creation.,Microsoft-Windows-Sysmon/Operational,,Microsoft-Windows-Sysmon
T1567.001,True,Exfiltration to Code Repository,exfiltration,command,command execution,4103,Module logging.,Microsoft-Windows-PowerShell/Operational,,Microsoft-Windows-PowerShell
T1567.001,True,Exfiltration to Code Repository,exfiltration,command,command execution,DeviceProcessEvents,DeviceProcessEvents,,,Microsoft Defender for Endpoint
T1567.001,True,Exfiltration to Code Repository,exfiltration,file,file access,4656,A handle to an object was requested.,Security,File System,Microsoft-Windows-Security-Auditing
T1567.001,True,Exfiltration to Code Repository,exfiltration,file,file access,4663,An attempt was made to access an object.,Security,File System,Microsoft-Windows-Security-Auditing
T1567.001,True,Exfiltration to Code Repository,exfiltration,file,file access,4661,A handle to an object was requested.,Security,SAM,Microsoft-Windows-Security-Auditing
T1059.006,True,Python,execution,process,process creation,4688,A new process has been created.,Security,Process Creation,Microsoft-Windows-Security-Auditing
T1059.006,True,Python,execution,process,process creation,1,Process Creation.,Microsoft-Windows-Sysmon/Operational,,Microsoft-Windows-Sysmon
T1059.006,True,Python,execution,process,process creation,DeviceProcessEvents,DeviceProcessEvents,,,Microsoft Defender for Endpoint
T1059.006,True,Python,execution,process,process creation,8,CreateRemoteThread.,Microsoft-Windows-Sysmon/Operational,,Microsoft-Windows-Sysmon
T1059.006,True,Python,execution,process,process creation,DeviceEvents,DeviceEvents,,,Microsoft Defender for Endpoint
T1059.006,True,Python,execution,command,command execution,4688,A new process has been created.,Security,Process Creation,Microsoft-Windows-Security-Auditing
T1059.006,True,Python,execution,command,command execution,1,Process Creation.,Microsoft-Windows-Sysmon/Operational,,Microsoft-Windows-Sysmon
T1059.006,True,Python,execution,command,command execution,4103,Module logging.,Microsoft-Windows-PowerShell/Operational,,Microsoft-Windows-PowerShell
T1059.006,True,Python,execution,command,command execution,DeviceProcessEvents,DeviceProcessEvents,,,Microsoft Defender for Endpoint
T1059.005,True,Visual Basic,execution,script,script execution,4103,Module logging.,Microsoft-Windows-PowerShell/Operational,,Microsoft-Windows-PowerShell
T1059.005,True,Visual Basic,execution,script,script execution,4104,Script Block Logging.,Microsoft-Windows-PowerShell/Operational,,Microsoft-Windows-PowerShell
T1059.005,True,Visual Basic,execution,script,script execution,DeviceEvents,DeviceEvents,,,Microsoft Defender for Endpoint
T1059.005,True,Visual Basic,execution,module,module load,7,Image loaded.,Microsoft-Windows-Sysmon/Operational,,Microsoft-Windows-Sysmon
T1059.005,True,Visual Basic,execution,module,module load,DeviceImageLoadEvents,DeviceImageLoadEvents,,,Microsoft Defender for Endpoint
T1059.005,True,Visual Basic,execution,process,process creation,4688,A new process has been created.,Security,Process Creation,Microsoft-Windows-Security-Auditing
T1059.005,True,Visual Basic,execution,process,process creation,1,Process Creation.,Microsoft-Windows-Sysmon/Operational,,Microsoft-Windows-Sysmon
T1059.005,True,Visual Basic,execution,process,process creation,DeviceProcessEvents,DeviceProcessEvents,,,Microsoft Defender for Endpoint
T1059.005,True,Visual Basic,execution,process,process creation,8,CreateRemoteThread.,Microsoft-Windows-Sysmon/Operational,,Microsoft-Windows-Sysmon
T1059.005,True,Visual Basic,execution,process,process creation,DeviceEvents,DeviceEvents,,,Microsoft Defender for Endpoint
T1059.005,True,Visual Basic,execution,command,command execution,4688,A new process has been created.,Security,Process Creation,Microsoft-Windows-Security-Auditing
T1059.005,True,Visual Basic,execution,command,command execution,1,Process Creation.,Microsoft-Windows-Sysmon/Operational,,Microsoft-Windows-Sysmon
T1059.005,True,Visual Basic,execution,command,command execution,4103,Module logging.,Microsoft-Windows-PowerShell/Operational,,Microsoft-Windows-PowerShell
T1059.005,True,Visual Basic,execution,command,command execution,DeviceProcessEvents,DeviceProcessEvents,,,Microsoft Defender for Endpoint
T1059.003,True,Windows Command Shell,execution,command,command execution,4688,A new process has been created.,Security,Process Creation,Microsoft-Windows-Security-Auditing
T1059.003,True,Windows Command Shell,execution,command,command execution,1,Process Creation.,Microsoft-Windows-Sysmon/Operational,,Microsoft-Windows-Sysmon
T1059.003,True,Windows Command Shell,execution,command,command execution,4103,Module logging.,Microsoft-Windows-PowerShell/Operational,,Microsoft-Windows-PowerShell
T1059.003,True,Windows Command Shell,execution,command,command execution,DeviceProcessEvents,DeviceProcessEvents,,,Microsoft Defender for Endpoint
T1059.003,True,Windows Command Shell,execution,process,process creation,4688,A new process has been created.,Security,Process Creation,Microsoft-Windows-Security-Auditing
T1059.003,True,Windows Command Shell,execution,process,process creation,1,Process Creation.,Microsoft-Windows-Sysmon/Operational,,Microsoft-Windows-Sysmon
T1059.003,True,Windows Command Shell,execution,process,process creation,DeviceProcessEvents,DeviceProcessEvents,,,Microsoft Defender for Endpoint
T1059.003,True,Windows Command Shell,execution,process,process creation,8,CreateRemoteThread.,Microsoft-Windows-Sysmon/Operational,,Microsoft-Windows-Sysmon
T1059.003,True,Windows Command Shell,execution,process,process creation,DeviceEvents,DeviceEvents,,,Microsoft Defender for Endpoint
T1059.001,True,PowerShell,execution,process,process metadata,5,Process terminated.,Microsoft-Windows-Sysmon/Operational,,Microsoft-Windows-Sysmon
T1059.001,True,PowerShell,execution,process,process metadata,30,EventID(30),,,Microsoft-Windows-LDAP-Client/Debug
T1059.001,True,PowerShell,execution,process,process metadata,DeviceEvents,DeviceEvents,,,Microsoft Defender for Endpoint
T1059.001,True,PowerShell,execution,process,process creation,4688,A new process has been created.,Security,Process Creation,Microsoft-Windows-Security-Auditing
T1059.001,True,PowerShell,execution,process,process creation,1,Process Creation.,Microsoft-Windows-Sysmon/Operational,,Microsoft-Windows-Sysmon
T1059.001,True,PowerShell,execution,process,process creation,DeviceProcessEvents,DeviceProcessEvents,,,Microsoft Defender for Endpoint
T1059.001,True,PowerShell,execution,process,process creation,8,CreateRemoteThread.,Microsoft-Windows-Sysmon/Operational,,Microsoft-Windows-Sysmon
T1059.001,True,PowerShell,execution,process,process creation,DeviceEvents,DeviceEvents,,,Microsoft Defender for Endpoint
T1059.001,True,PowerShell,execution,module,module load,7,Image loaded.,Microsoft-Windows-Sysmon/Operational,,Microsoft-Windows-Sysmon
T1059.001,True,PowerShell,execution,module,module load,DeviceImageLoadEvents,DeviceImageLoadEvents,,,Microsoft Defender for Endpoint
T1059.001,True,PowerShell,execution,command,command execution,4688,A new process has been created.,Security,Process Creation,Microsoft-Windows-Security-Auditing
T1059.001,True,PowerShell,execution,command,command execution,1,Process Creation.,Microsoft-Windows-Sysmon/Operational,,Microsoft-Windows-Sysmon
T1059.001,True,PowerShell,execution,command,command execution,4103,Module logging.,Microsoft-Windows-PowerShell/Operational,,Microsoft-Windows-PowerShell
T1059.001,True,PowerShell,execution,command,command execution,DeviceProcessEvents,DeviceProcessEvents,,,Microsoft Defender for Endpoint
T1059.001,True,PowerShell,execution,script,script execution,4103,Module logging.,Microsoft-Windows-PowerShell/Operational,,Microsoft-Windows-PowerShell
T1059.001,True,PowerShell,execution,script,script execution,4104,Script Block Logging.,Microsoft-Windows-PowerShell/Operational,,Microsoft-Windows-PowerShell
T1059.001,True,PowerShell,execution,script,script execution,DeviceEvents,DeviceEvents,,,Microsoft Defender for Endpoint
T1567,,Exfiltration Over Web Service,exfiltration,command,command execution,4688,A new process has been created.,Security,Process Creation,Microsoft-Windows-Security-Auditing
T1567,,Exfiltration Over Web Service,exfiltration,command,command execution,1,Process Creation.,Microsoft-Windows-Sysmon/Operational,,Microsoft-Windows-Sysmon
T1567,,Exfiltration Over Web Service,exfiltration,command,command execution,4103,Module logging.,Microsoft-Windows-PowerShell/Operational,,Microsoft-Windows-PowerShell
T1567,,Exfiltration Over Web Service,exfiltration,command,command execution,DeviceProcessEvents,DeviceProcessEvents,,,Microsoft Defender for Endpoint
T1567,,Exfiltration Over Web Service,exfiltration,file,file access,4656,A handle to an object was requested.,Security,File System,Microsoft-Windows-Security-Auditing
T1567,,Exfiltration Over Web Service,exfiltration,file,file access,4663,An attempt was made to access an object.,Security,File System,Microsoft-Windows-Security-Auditing
T1567,,Exfiltration Over Web Service,exfiltration,file,file access,4661,A handle to an object was requested.,Security,SAM,Microsoft-Windows-Security-Auditing
T1497.003,True,Time Based Evasion,defense-evasion;discovery,process,os api execution,8,CreateRemoteThread.,Microsoft-Windows-Sysmon/Operational,,Microsoft-Windows-Sysmon
T1497.003,True,Time Based Evasion,defense-evasion;discovery,process,os api execution,DeviceEvents,DeviceEvents,,,Microsoft Defender for Endpoint
T1497.003,True,Time Based Evasion,defense-evasion;discovery,process,process creation,4688,A new process has been created.,Security,Process Creation,Microsoft-Windows-Security-Auditing
T1497.003,True,Time Based Evasion,defense-evasion;discovery,process,process creation,1,Process Creation.,Microsoft-Windows-Sysmon/Operational,,Microsoft-Windows-Sysmon
T1497.003,True,Time Based Evasion,defense-evasion;discovery,process,process creation,DeviceProcessEvents,DeviceProcessEvents,,,Microsoft Defender for Endpoint
T1497.003,True,Time Based Evasion,defense-evasion;discovery,process,process creation,8,CreateRemoteThread.,Microsoft-Windows-Sysmon/Operational,,Microsoft-Windows-Sysmon
T1497.003,True,Time Based Evasion,defense-evasion;discovery,process,process creation,DeviceEvents,DeviceEvents,,,Microsoft Defender for Endpoint
T1497.003,True,Time Based Evasion,defense-evasion;discovery,command,command execution,4688,A new process has been created.,Security,Process Creation,Microsoft-Windows-Security-Auditing
T1497.003,True,Time Based Evasion,defense-evasion;discovery,command,command execution,1,Process Creation.,Microsoft-Windows-Sysmon/Operational,,Microsoft-Windows-Sysmon
T1497.003,True,Time Based Evasion,defense-evasion;discovery,command,command execution,4103,Module logging.,Microsoft-Windows-PowerShell/Operational,,Microsoft-Windows-PowerShell
T1497.003,True,Time Based Evasion,defense-evasion;discovery,command,command execution,DeviceProcessEvents,DeviceProcessEvents,,,Microsoft Defender for Endpoint
T1497.002,True,User Activity Based Checks,defense-evasion;discovery,process,process creation,4688,A new process has been created.,Security,Process Creation,Microsoft-Windows-Security-Auditing
T1497.002,True,User Activity Based Checks,defense-evasion;discovery,process,process creation,1,Process Creation.,Microsoft-Windows-Sysmon/Operational,,Microsoft-Windows-Sysmon
T1497.002,True,User Activity Based Checks,defense-evasion;discovery,process,process creation,DeviceProcessEvents,DeviceProcessEvents,,,Microsoft Defender for Endpoint
T1497.002,True,User Activity Based Checks,defense-evasion;discovery,process,process creation,8,CreateRemoteThread.,Microsoft-Windows-Sysmon/Operational,,Microsoft-Windows-Sysmon
T1497.002,True,User Activity Based Checks,defense-evasion;discovery,process,process creation,DeviceEvents,DeviceEvents,,,Microsoft Defender for Endpoint
T1497.002,True,User Activity Based Checks,defense-evasion;discovery,process,os api execution,8,CreateRemoteThread.,Microsoft-Windows-Sysmon/Operational,,Microsoft-Windows-Sysmon
T1497.002,True,User Activity Based Checks,defense-evasion;discovery,process,os api execution,DeviceEvents,DeviceEvents,,,Microsoft Defender for Endpoint
T1497.002,True,User Activity Based Checks,defense-evasion;discovery,command,command execution,4688,A new process has been created.,Security,Process Creation,Microsoft-Windows-Security-Auditing
T1497.002,True,User Activity Based Checks,defense-evasion;discovery,command,command execution,1,Process Creation.,Microsoft-Windows-Sysmon/Operational,,Microsoft-Windows-Sysmon
T1497.002,True,User Activity Based Checks,defense-evasion;discovery,command,command execution,4103,Module logging.,Microsoft-Windows-PowerShell/Operational,,Microsoft-Windows-PowerShell
T1497.002,True,User Activity Based Checks,defense-evasion;discovery,command,command execution,DeviceProcessEvents,DeviceProcessEvents,,,Microsoft Defender for Endpoint
T1497.001,True,System Checks,defense-evasion;discovery,command,command execution,4688,A new process has been created.,Security,Process Creation,Microsoft-Windows-Security-Auditing
T1497.001,True,System Checks,defense-evasion;discovery,command,command execution,1,Process Creation.,Microsoft-Windows-Sysmon/Operational,,Microsoft-Windows-Sysmon
T1497.001,True,System Checks,defense-evasion;discovery,command,command execution,4103,Module logging.,Microsoft-Windows-PowerShell/Operational,,Microsoft-Windows-PowerShell
T1497.001,True,System Checks,defense-evasion;discovery,command,command execution,DeviceProcessEvents,DeviceProcessEvents,,,Microsoft Defender for Endpoint
T1497.001,True,System Checks,defense-evasion;discovery,process,os api execution,8,CreateRemoteThread.,Microsoft-Windows-Sysmon/Operational,,Microsoft-Windows-Sysmon
T1497.001,True,System Checks,defense-evasion;discovery,process,os api execution,DeviceEvents,DeviceEvents,,,Microsoft Defender for Endpoint
T1497.001,True,System Checks,defense-evasion;discovery,process,process creation,4688,A new process has been created.,Security,Process Creation,Microsoft-Windows-Security-Auditing
T1497.001,True,System Checks,defense-evasion;discovery,process,process creation,1,Process Creation.,Microsoft-Windows-Sysmon/Operational,,Microsoft-Windows-Sysmon
T1497.001,True,System Checks,defense-evasion;discovery,process,process creation,DeviceProcessEvents,DeviceProcessEvents,,,Microsoft Defender for Endpoint
T1497.001,True,System Checks,defense-evasion;discovery,process,process creation,8,CreateRemoteThread.,Microsoft-Windows-Sysmon/Operational,,Microsoft-Windows-Sysmon
T1497.001,True,System Checks,defense-evasion;discovery,process,process creation,DeviceEvents,DeviceEvents,,,Microsoft Defender for Endpoint
T1498.002,True,Reflection Amplification,impact,sensor health,host status,4,Sysmon service state changed.,Microsoft-Windows-Sysmon/Operational,,Microsoft-Windows-Sysmon
T1498.002,True,Reflection Amplification,impact,sensor health,host status,1100,The event logging service has shut down.,,,Microsoft-Windows-Eventlog
T1498.002,True,Reflection Amplification,impact,sensor health,host status,1101,Audit events have been dropped by the transport.,,,Microsoft-Windows-Eventlog
T1498.002,True,Reflection Amplification,impact,sensor health,host status,1102,The audit log was cleared.,,,Microsoft-Windows-Eventlog
T1498.002,True,Reflection Amplification,impact,sensor health,host status,1104,The security Log is now full.,,,Microsoft-Windows-Eventlog
T1498.002,True,Reflection Amplification,impact,sensor health,host status,6005,The Event log service was started.,System,,EventLog
T1498.002,True,Reflection Amplification,impact,sensor health,host status,6006,The Event log service was stopped.,System,,EventLog
T1498.002,True,Reflection Amplification,impact,sensor health,host status,4616,The system time was changed.,Security,Security State Change,Microsoft-Windows-Security-Auditing
T1498.001,True,Direct Network Flood,impact,sensor health,host status,4,Sysmon service state changed.,Microsoft-Windows-Sysmon/Operational,,Microsoft-Windows-Sysmon
T1498.001,True,Direct Network Flood,impact,sensor health,host status,1100,The event logging service has shut down.,,,Microsoft-Windows-Eventlog
T1498.001,True,Direct Network Flood,impact,sensor health,host status,1101,Audit events have been dropped by the transport.,,,Microsoft-Windows-Eventlog
T1498.001,True,Direct Network Flood,impact,sensor health,host status,1102,The audit log was cleared.,,,Microsoft-Windows-Eventlog
T1498.001,True,Direct Network Flood,impact,sensor health,host status,1104,The security Log is now full.,,,Microsoft-Windows-Eventlog
T1498.001,True,Direct Network Flood,impact,sensor health,host status,6005,The Event log service was started.,System,,EventLog
T1498.001,True,Direct Network Flood,impact,sensor health,host status,6006,The Event log service was stopped.,System,,EventLog
T1498.001,True,Direct Network Flood,impact,sensor health,host status,4616,The system time was changed.,Security,Security State Change,Microsoft-Windows-Security-Auditing
T1566.001,True,Spearphishing Attachment,initial-access,file,file creation,DeviceFileEvents,DeviceFileEvents,,,Microsoft Defender for Endpoint
T1566.001,True,Spearphishing Attachment,initial-access,file,file creation,4663,An attempt was made to access an object.,Security,File System,Microsoft-Windows-Security-Auditing
T1566.001,True,Spearphishing Attachment,initial-access,file,file creation,11,FileCreate,Microsoft-Windows-Sysmon/Operational,,Microsoft-Windows-Sysmon
T1566,,Phishing,initial-access,file,file creation,DeviceFileEvents,DeviceFileEvents,,,Microsoft Defender for Endpoint
T1566,,Phishing,initial-access,file,file creation,4663,An attempt was made to access an object.,Security,File System,Microsoft-Windows-Security-Auditing
T1566,,Phishing,initial-access,file,file creation,11,FileCreate,Microsoft-Windows-Sysmon/Operational,,Microsoft-Windows-Sysmon
T1565.003,True,Runtime Data Manipulation,impact,file,file deletion,23,File Delete archived.,Microsoft-Windows-Sysmon/Operational,,Microsoft-Windows-Sysmon
T1565.003,True,Runtime Data Manipulation,impact,file,file deletion,26,File Delete logged.,Microsoft-Windows-Sysmon/Operational,,Microsoft-Windows-Sysmon
T1565.003,True,Runtime Data Manipulation,impact,file,file deletion,4660,An object was deleted.,Security,File System,Microsoft-Windows-Security-Auditing
T1565.003,True,Runtime Data Manipulation,impact,file,file deletion,4663,An attempt was made to access an object.,Security,File System,Microsoft-Windows-Security-Auditing
T1565.003,True,Runtime Data Manipulation,impact,file,file deletion,DeviceFileEvents,DeviceFileEvents,,,Microsoft Defender for Endpoint
T1565.003,True,Runtime Data Manipulation,impact,file,file modification,4670,Permissions on an object were changed.,Security,File System,Microsoft-Windows-Security-Auditing
T1565.003,True,Runtime Data Manipulation,impact,file,file modification,DeviceFileEvents,DeviceFileEvents,,,Microsoft Defender for Endpoint
T1565.003,True,Runtime Data Manipulation,impact,file,file modification,2,A process changed a file creation time.,Microsoft-Windows-Sysmon/Operational,,Microsoft-Windows-Sysmon
T1565.003,True,Runtime Data Manipulation,impact,file,file modification,11,FileCreate.,Microsoft-Windows-Sysmon/Operational,,Microsoft-Windows-Sysmon
T1565.003,True,Runtime Data Manipulation,impact,file,file creation,DeviceFileEvents,DeviceFileEvents,,,Microsoft Defender for Endpoint
T1565.003,True,Runtime Data Manipulation,impact,file,file creation,4663,An attempt was made to access an object.,Security,File System,Microsoft-Windows-Security-Auditing
T1565.003,True,Runtime Data Manipulation,impact,file,file creation,11,FileCreate,Microsoft-Windows-Sysmon/Operational,,Microsoft-Windows-Sysmon
T1565.003,True,Runtime Data Manipulation,impact,process,os api execution,8,CreateRemoteThread.,Microsoft-Windows-Sysmon/Operational,,Microsoft-Windows-Sysmon
T1565.003,True,Runtime Data Manipulation,impact,process,os api execution,DeviceEvents,DeviceEvents,,,Microsoft Defender for Endpoint
T1565.002,True,Transmitted Data Manipulation,impact,process,os api execution,8,CreateRemoteThread.,Microsoft-Windows-Sysmon/Operational,,Microsoft-Windows-Sysmon
T1565.002,True,Transmitted Data Manipulation,impact,process,os api execution,DeviceEvents,DeviceEvents,,,Microsoft Defender for Endpoint
T1565.001,True,Stored Data Manipulation,impact,file,file modification,4670,Permissions on an object were changed.,Security,File System,Microsoft-Windows-Security-Auditing
T1565.001,True,Stored Data Manipulation,impact,file,file modification,DeviceFileEvents,DeviceFileEvents,,,Microsoft Defender for Endpoint
T1565.001,True,Stored Data Manipulation,impact,file,file modification,2,A process changed a file creation time.,Microsoft-Windows-Sysmon/Operational,,Microsoft-Windows-Sysmon
T1565.001,True,Stored Data Manipulation,impact,file,file modification,11,FileCreate.,Microsoft-Windows-Sysmon/Operational,,Microsoft-Windows-Sysmon
T1565.001,True,Stored Data Manipulation,impact,file,file deletion,23,File Delete archived.,Microsoft-Windows-Sysmon/Operational,,Microsoft-Windows-Sysmon
T1565.001,True,Stored Data Manipulation,impact,file,file deletion,26,File Delete logged.,Microsoft-Windows-Sysmon/Operational,,Microsoft-Windows-Sysmon
T1565.001,True,Stored Data Manipulation,impact,file,file deletion,4660,An object was deleted.,Security,File System,Microsoft-Windows-Security-Auditing
T1565.001,True,Stored Data Manipulation,impact,file,file deletion,4663,An attempt was made to access an object.,Security,File System,Microsoft-Windows-Security-Auditing
T1565.001,True,Stored Data Manipulation,impact,file,file deletion,DeviceFileEvents,DeviceFileEvents,,,Microsoft Defender for Endpoint
T1565.001,True,Stored Data Manipulation,impact,file,file creation,DeviceFileEvents,DeviceFileEvents,,,Microsoft Defender for Endpoint
T1565.001,True,Stored Data Manipulation,impact,file,file creation,4663,An attempt was made to access an object.,Security,File System,Microsoft-Windows-Security-Auditing
T1565.001,True,Stored Data Manipulation,impact,file,file creation,11,FileCreate,Microsoft-Windows-Sysmon/Operational,,Microsoft-Windows-Sysmon
T1565,False,Data Manipulation,impact,process,os api execution,8,CreateRemoteThread.,Microsoft-Windows-Sysmon/Operational,,Microsoft-Windows-Sysmon
T1565,False,Data Manipulation,impact,process,os api execution,DeviceEvents,DeviceEvents,,,Microsoft Defender for Endpoint
T1565,False,Data Manipulation,impact,file,file modification,4670,Permissions on an object were changed.,Security,File System,Microsoft-Windows-Security-Auditing
T1565,False,Data Manipulation,impact,file,file modification,DeviceFileEvents,DeviceFileEvents,,,Microsoft Defender for Endpoint
T1565,False,Data Manipulation,impact,file,file modification,2,A process changed a file creation time.,Microsoft-Windows-Sysmon/Operational,,Microsoft-Windows-Sysmon
T1565,False,Data Manipulation,impact,file,file modification,11,FileCreate.,Microsoft-Windows-Sysmon/Operational,,Microsoft-Windows-Sysmon
T1565,False,Data Manipulation,impact,file,file deletion,23,File Delete archived.,Microsoft-Windows-Sysmon/Operational,,Microsoft-Windows-Sysmon
T1565,False,Data Manipulation,impact,file,file deletion,26,File Delete logged.,Microsoft-Windows-Sysmon/Operational,,Microsoft-Windows-Sysmon
T1565,False,Data Manipulation,impact,file,file deletion,4660,An object was deleted.,Security,File System,Microsoft-Windows-Security-Auditing
T1565,False,Data Manipulation,impact,file,file deletion,4663,An attempt was made to access an object.,Security,File System,Microsoft-Windows-Security-Auditing
T1565,False,Data Manipulation,impact,file,file deletion,DeviceFileEvents,DeviceFileEvents,,,Microsoft Defender for Endpoint
T1565,False,Data Manipulation,impact,file,file creation,DeviceFileEvents,DeviceFileEvents,,,Microsoft Defender for Endpoint
T1565,False,Data Manipulation,impact,file,file creation,4663,An attempt was made to access an object.,Security,File System,Microsoft-Windows-Security-Auditing
T1565,False,Data Manipulation,impact,file,file creation,11,FileCreate,Microsoft-Windows-Sysmon/Operational,,Microsoft-Windows-Sysmon
T1564.001,True,Hidden Files and Directories,defense-evasion,command,command execution,4688,A new process has been created.,Security,Process Creation,Microsoft-Windows-Security-Auditing
T1564.001,True,Hidden Files and Directories,defense-evasion,command,command execution,1,Process Creation.,Microsoft-Windows-Sysmon/Operational,,Microsoft-Windows-Sysmon
T1564.001,True,Hidden Files and Directories,defense-evasion,command,command execution,4103,Module logging.,Microsoft-Windows-PowerShell/Operational,,Microsoft-Windows-PowerShell
T1564.001,True,Hidden Files and Directories,defense-evasion,command,command execution,DeviceProcessEvents,DeviceProcessEvents,,,Microsoft Defender for Endpoint
T1564.001,True,Hidden Files and Directories,defense-evasion,file,file creation,DeviceFileEvents,DeviceFileEvents,,,Microsoft Defender for Endpoint
T1564.001,True,Hidden Files and Directories,defense-evasion,file,file creation,4663,An attempt was made to access an object.,Security,File System,Microsoft-Windows-Security-Auditing
T1564.001,True,Hidden Files and Directories,defense-evasion,file,file creation,11,FileCreate,Microsoft-Windows-Sysmon/Operational,,Microsoft-Windows-Sysmon
T1564.001,True,Hidden Files and Directories,defense-evasion,process,process creation,4688,A new process has been created.,Security,Process Creation,Microsoft-Windows-Security-Auditing
T1564.001,True,Hidden Files and Directories,defense-evasion,process,process creation,1,Process Creation.,Microsoft-Windows-Sysmon/Operational,,Microsoft-Windows-Sysmon
T1564.001,True,Hidden Files and Directories,defense-evasion,process,process creation,DeviceProcessEvents,DeviceProcessEvents,,,Microsoft Defender for Endpoint
T1564.001,True,Hidden Files and Directories,defense-evasion,process,process creation,8,CreateRemoteThread.,Microsoft-Windows-Sysmon/Operational,,Microsoft-Windows-Sysmon
T1564.001,True,Hidden Files and Directories,defense-evasion,process,process creation,DeviceEvents,DeviceEvents,,,Microsoft Defender for Endpoint
T1564,,Hide Artifacts,defense-evasion,user account,user account creation,4720,A user account was created.,Security,User Account Management,Microsoft-Windows-Security-Auditing
T1564,,Hide Artifacts,defense-evasion,user account,user account creation,4741,A computer account was created.,Security,Computer Account Management,Microsoft-Windows-Security-Auditing
T1564,,Hide Artifacts,defense-evasion,user account,user account creation,DeviceEvents,DeviceEvents,,,Microsoft Defender for Endpoint
T1564,,Hide Artifacts,defense-evasion,file,file modification,4670,Permissions on an object were changed.,Security,File System,Microsoft-Windows-Security-Auditing
T1564,,Hide Artifacts,defense-evasion,file,file modification,DeviceFileEvents,DeviceFileEvents,,,Microsoft Defender for Endpoint
T1564,,Hide Artifacts,defense-evasion,file,file modification,2,A process changed a file creation time.,Microsoft-Windows-Sysmon/Operational,,Microsoft-Windows-Sysmon
T1564,,Hide Artifacts,defense-evasion,file,file modification,11,FileCreate.,Microsoft-Windows-Sysmon/Operational,,Microsoft-Windows-Sysmon
T1564,,Hide Artifacts,defense-evasion,file,file creation,DeviceFileEvents,DeviceFileEvents,,,Microsoft Defender for Endpoint
T1564,,Hide Artifacts,defense-evasion,file,file creation,4663,An attempt was made to access an object.,Security,File System,Microsoft-Windows-Security-Auditing
T1564,,Hide Artifacts,defense-evasion,file,file creation,11,FileCreate,Microsoft-Windows-Sysmon/Operational,,Microsoft-Windows-Sysmon
T1564,,Hide Artifacts,defense-evasion,command,command execution,4688,A new process has been created.,Security,Process Creation,Microsoft-Windows-Security-Auditing
T1564,,Hide Artifacts,defense-evasion,command,command execution,1,Process Creation.,Microsoft-Windows-Sysmon/Operational,,Microsoft-Windows-Sysmon
T1564,,Hide Artifacts,defense-evasion,command,command execution,4103,Module logging.,Microsoft-Windows-PowerShell/Operational,,Microsoft-Windows-PowerShell
T1564,,Hide Artifacts,defense-evasion,command,command execution,DeviceProcessEvents,DeviceProcessEvents,,,Microsoft Defender for Endpoint
T1564,,Hide Artifacts,defense-evasion,process,os api execution,8,CreateRemoteThread.,Microsoft-Windows-Sysmon/Operational,,Microsoft-Windows-Sysmon
T1564,,Hide Artifacts,defense-evasion,process,os api execution,DeviceEvents,DeviceEvents,,,Microsoft Defender for Endpoint
T1564,,Hide Artifacts,defense-evasion,process,process creation,4688,A new process has been created.,Security,Process Creation,Microsoft-Windows-Security-Auditing
T1564,,Hide Artifacts,defense-evasion,process,process creation,1,Process Creation.,Microsoft-Windows-Sysmon/Operational,,Microsoft-Windows-Sysmon
T1564,,Hide Artifacts,defense-evasion,process,process creation,DeviceProcessEvents,DeviceProcessEvents,,,Microsoft Defender for Endpoint
T1564,,Hide Artifacts,defense-evasion,process,process creation,8,CreateRemoteThread.,Microsoft-Windows-Sysmon/Operational,,Microsoft-Windows-Sysmon
T1564,,Hide Artifacts,defense-evasion,process,process creation,DeviceEvents,DeviceEvents,,,Microsoft Defender for Endpoint
T1564,,Hide Artifacts,defense-evasion,windows registry,windows registry key modification,13,RegistryEvent (Value Set).,Microsoft-Windows-Sysmon/Operational,,Microsoft-Windows-Sysmon
T1564,,Hide Artifacts,defense-evasion,windows registry,windows registry key modification,14,RegistryEvent (Key and Value Rename).,Microsoft-Windows-Sysmon/Operational,,Microsoft-Windows-Sysmon
T1564,,Hide Artifacts,defense-evasion,windows registry,windows registry key modification,4657,A registry value was modified.,Security,Registry,Microsoft-Windows-Security-Auditing
T1564,,Hide Artifacts,defense-evasion,windows registry,windows registry key modification,4670,Permissions on an object were changed.,Security,Registry,Microsoft-Windows-Security-Auditing
T1564,,Hide Artifacts,defense-evasion,windows registry,windows registry key modification,DeviceRegistryEvents,DeviceRegistryEvents,,,Microsoft Defender for Endpoint
T1564,,Hide Artifacts,defense-evasion,service,service creation,4697,A service was installed in the system.,Security,Security System Extension,Microsoft-Windows-Security-Auditing
T1564,,Hide Artifacts,defense-evasion,service,service creation,7045,A new service was installed in the system.,System,,Service Control Manager
T1564,,Hide Artifacts,defense-evasion,service,service creation,DeviceEvents,DeviceEvents,,,Microsoft Defender for Endpoint
T1564,,Hide Artifacts,defense-evasion,script,script execution,4103,Module logging.,Microsoft-Windows-PowerShell/Operational,,Microsoft-Windows-PowerShell
T1564,,Hide Artifacts,defense-evasion,script,script execution,4104,Script Block Logging.,Microsoft-Windows-PowerShell/Operational,,Microsoft-Windows-PowerShell
T1564,,Hide Artifacts,defense-evasion,script,script execution,DeviceEvents,DeviceEvents,,,Microsoft Defender for Endpoint
T1563.002,True,RDP Hijacking,lateral-movement,process,process creation,4688,A new process has been created.,Security,Process Creation,Microsoft-Windows-Security-Auditing
T1563.002,True,RDP Hijacking,lateral-movement,process,process creation,1,Process Creation.,Microsoft-Windows-Sysmon/Operational,,Microsoft-Windows-Sysmon
T1563.002,True,RDP Hijacking,lateral-movement,process,process creation,DeviceProcessEvents,DeviceProcessEvents,,,Microsoft Defender for Endpoint
T1563.002,True,RDP Hijacking,lateral-movement,process,process creation,8,CreateRemoteThread.,Microsoft-Windows-Sysmon/Operational,,Microsoft-Windows-Sysmon
T1563.002,True,RDP Hijacking,lateral-movement,process,process creation,DeviceEvents,DeviceEvents,,,Microsoft Defender for Endpoint
T1563.002,True,RDP Hijacking,lateral-movement,logon session,logon session creation,4624,An account was successfully logged on.,Security,Logon,Microsoft-Windows-Security-Auditing
T1563.002,True,RDP Hijacking,lateral-movement,logon session,logon session creation,4778,A session was reconnected to a Window Station.,Security,Other Logon/Logoff Events,Microsoft-Windows-Security-Auditing
T1563.002,True,RDP Hijacking,lateral-movement,logon session,logon session creation,DeviceLogonEvents,DeviceLogonEvents,,,Microsoft Defender for Endpoint
T1563.002,True,RDP Hijacking,lateral-movement,logon session,logon session creation,4964,Special groups have been assigned to a new logon.,Security,Special Logon,Microsoft-Windows-Security-Auditing
T1563.002,True,RDP Hijacking,lateral-movement,command,command execution,4688,A new process has been created.,Security,Process Creation,Microsoft-Windows-Security-Auditing
T1563.002,True,RDP Hijacking,lateral-movement,command,command execution,1,Process Creation.,Microsoft-Windows-Sysmon/Operational,,Microsoft-Windows-Sysmon
T1563.002,True,RDP Hijacking,lateral-movement,command,command execution,4103,Module logging.,Microsoft-Windows-PowerShell/Operational,,Microsoft-Windows-PowerShell
T1563.002,True,RDP Hijacking,lateral-movement,command,command execution,DeviceProcessEvents,DeviceProcessEvents,,,Microsoft Defender for Endpoint
T1563,,Remote Service Session Hijacking,lateral-movement,logon session,logon session creation,4624,An account was successfully logged on.,Security,Logon,Microsoft-Windows-Security-Auditing
T1563,,Remote Service Session Hijacking,lateral-movement,logon session,logon session creation,4778,A session was reconnected to a Window Station.,Security,Other Logon/Logoff Events,Microsoft-Windows-Security-Auditing
T1563,,Remote Service Session Hijacking,lateral-movement,logon session,logon session creation,DeviceLogonEvents,DeviceLogonEvents,,,Microsoft Defender for Endpoint
T1563,,Remote Service Session Hijacking,lateral-movement,logon session,logon session creation,4964,Special groups have been assigned to a new logon.,Security,Special Logon,Microsoft-Windows-Security-Auditing
T1563,,Remote Service Session Hijacking,lateral-movement,process,process creation,4688,A new process has been created.,Security,Process Creation,Microsoft-Windows-Security-Auditing
T1563,,Remote Service Session Hijacking,lateral-movement,process,process creation,1,Process Creation.,Microsoft-Windows-Sysmon/Operational,,Microsoft-Windows-Sysmon
T1563,,Remote Service Session Hijacking,lateral-movement,process,process creation,DeviceProcessEvents,DeviceProcessEvents,,,Microsoft Defender for Endpoint
T1563,,Remote Service Session Hijacking,lateral-movement,process,process creation,8,CreateRemoteThread.,Microsoft-Windows-Sysmon/Operational,,Microsoft-Windows-Sysmon
T1563,,Remote Service Session Hijacking,lateral-movement,process,process creation,DeviceEvents,DeviceEvents,,,Microsoft Defender for Endpoint
T1563,,Remote Service Session Hijacking,lateral-movement,command,command execution,4688,A new process has been created.,Security,Process Creation,Microsoft-Windows-Security-Auditing
T1563,,Remote Service Session Hijacking,lateral-movement,command,command execution,1,Process Creation.,Microsoft-Windows-Sysmon/Operational,,Microsoft-Windows-Sysmon
T1563,,Remote Service Session Hijacking,lateral-movement,command,command execution,4103,Module logging.,Microsoft-Windows-PowerShell/Operational,,Microsoft-Windows-PowerShell
T1563,,Remote Service Session Hijacking,lateral-movement,command,command execution,DeviceProcessEvents,DeviceProcessEvents,,,Microsoft Defender for Endpoint
T1518.001,True,Security Software Discovery,discovery,process,process creation,4688,A new process has been created.,Security,Process Creation,Microsoft-Windows-Security-Auditing
T1518.001,True,Security Software Discovery,discovery,process,process creation,1,Process Creation.,Microsoft-Windows-Sysmon/Operational,,Microsoft-Windows-Sysmon
T1518.001,True,Security Software Discovery,discovery,process,process creation,DeviceProcessEvents,DeviceProcessEvents,,,Microsoft Defender for Endpoint
T1518.001,True,Security Software Discovery,discovery,process,process creation,8,CreateRemoteThread.,Microsoft-Windows-Sysmon/Operational,,Microsoft-Windows-Sysmon
T1518.001,True,Security Software Discovery,discovery,process,process creation,DeviceEvents,DeviceEvents,,,Microsoft Defender for Endpoint
T1518.001,True,Security Software Discovery,discovery,process,os api execution,8,CreateRemoteThread.,Microsoft-Windows-Sysmon/Operational,,Microsoft-Windows-Sysmon
T1518.001,True,Security Software Discovery,discovery,process,os api execution,DeviceEvents,DeviceEvents,,,Microsoft Defender for Endpoint
T1518.001,True,Security Software Discovery,discovery,firewall,firewall metadata,5024,The Windows Firewall Service has started successfully.,Security,Other System Events,Microsoft-Windows-Security-Auditing
T1518.001,True,Security Software Discovery,discovery,firewall,firewall metadata,2009,The Windows Firewall service failed to load Group Policy.,Microsoft-Windows-Windows Firewall With Advanced Security/Firewall,,Microsoft-Windows-Windows Firewall With Advanced Security
T1518.001,True,Security Software Discovery,discovery,firewall,firewall metadata,2002,A Windows Defender Firewall setting has changed.,Microsoft-Windows-Windows Firewall With Advanced Security/Firewall,,Microsoft-Windows-Windows Firewall With Advanced Security
T1518.001,True,Security Software Discovery,discovery,firewall,firewall metadata,2003,A Windows Defender Firewall setting in the Private profile has changed.,Microsoft-Windows-Windows Firewall With Advanced Security/Firewall,,Microsoft-Windows-Windows Firewall With Advanced Security
T1518.001,True,Security Software Discovery,discovery,command,command execution,4688,A new process has been created.,Security,Process Creation,Microsoft-Windows-Security-Auditing
T1518.001,True,Security Software Discovery,discovery,command,command execution,1,Process Creation.,Microsoft-Windows-Sysmon/Operational,,Microsoft-Windows-Sysmon
T1518.001,True,Security Software Discovery,discovery,command,command execution,4103,Module logging.,Microsoft-Windows-PowerShell/Operational,,Microsoft-Windows-PowerShell
T1518.001,True,Security Software Discovery,discovery,command,command execution,DeviceProcessEvents,DeviceProcessEvents,,,Microsoft Defender for Endpoint
T1069.002,True,Domain Groups,discovery,process,process creation,4688,A new process has been created.,Security,Process Creation,Microsoft-Windows-Security-Auditing
T1069.002,True,Domain Groups,discovery,process,process creation,1,Process Creation.,Microsoft-Windows-Sysmon/Operational,,Microsoft-Windows-Sysmon
T1069.002,True,Domain Groups,discovery,process,process creation,DeviceProcessEvents,DeviceProcessEvents,,,Microsoft Defender for Endpoint
T1069.002,True,Domain Groups,discovery,process,process creation,8,CreateRemoteThread.,Microsoft-Windows-Sysmon/Operational,,Microsoft-Windows-Sysmon
T1069.002,True,Domain Groups,discovery,process,process creation,DeviceEvents,DeviceEvents,,,Microsoft Defender for Endpoint
T1069.002,True,Domain Groups,discovery,command,command execution,4688,A new process has been created.,Security,Process Creation,Microsoft-Windows-Security-Auditing
T1069.002,True,Domain Groups,discovery,command,command execution,1,Process Creation.,Microsoft-Windows-Sysmon/Operational,,Microsoft-Windows-Sysmon
T1069.002,True,Domain Groups,discovery,command,command execution,4103,Module logging.,Microsoft-Windows-PowerShell/Operational,,Microsoft-Windows-PowerShell
T1069.002,True,Domain Groups,discovery,command,command execution,DeviceProcessEvents,DeviceProcessEvents,,,Microsoft Defender for Endpoint
T1087.003,True,Email Account,discovery,process,process creation,4688,A new process has been created.,Security,Process Creation,Microsoft-Windows-Security-Auditing
T1087.003,True,Email Account,discovery,process,process creation,1,Process Creation.,Microsoft-Windows-Sysmon/Operational,,Microsoft-Windows-Sysmon
T1087.003,True,Email Account,discovery,process,process creation,DeviceProcessEvents,DeviceProcessEvents,,,Microsoft Defender for Endpoint
T1087.003,True,Email Account,discovery,process,process creation,8,CreateRemoteThread.,Microsoft-Windows-Sysmon/Operational,,Microsoft-Windows-Sysmon
T1087.003,True,Email Account,discovery,process,process creation,DeviceEvents,DeviceEvents,,,Microsoft Defender for Endpoint
T1087.003,True,Email Account,discovery,command,command execution,4688,A new process has been created.,Security,Process Creation,Microsoft-Windows-Security-Auditing
T1087.003,True,Email Account,discovery,command,command execution,1,Process Creation.,Microsoft-Windows-Sysmon/Operational,,Microsoft-Windows-Sysmon
T1087.003,True,Email Account,discovery,command,command execution,4103,Module logging.,Microsoft-Windows-PowerShell/Operational,,Microsoft-Windows-PowerShell
T1087.003,True,Email Account,discovery,command,command execution,DeviceProcessEvents,DeviceProcessEvents,,,Microsoft Defender for Endpoint
T1087.002,True,Domain Account,discovery,process,os api execution,8,CreateRemoteThread.,Microsoft-Windows-Sysmon/Operational,,Microsoft-Windows-Sysmon
T1087.002,True,Domain Account,discovery,process,os api execution,DeviceEvents,DeviceEvents,,,Microsoft Defender for Endpoint
T1087.002,True,Domain Account,discovery,process,process creation,4688,A new process has been created.,Security,Process Creation,Microsoft-Windows-Security-Auditing
T1087.002,True,Domain Account,discovery,process,process creation,1,Process Creation.,Microsoft-Windows-Sysmon/Operational,,Microsoft-Windows-Sysmon
T1087.002,True,Domain Account,discovery,process,process creation,DeviceProcessEvents,DeviceProcessEvents,,,Microsoft Defender for Endpoint
T1087.002,True,Domain Account,discovery,process,process creation,8,CreateRemoteThread.,Microsoft-Windows-Sysmon/Operational,,Microsoft-Windows-Sysmon
T1087.002,True,Domain Account,discovery,process,process creation,DeviceEvents,DeviceEvents,,,Microsoft Defender for Endpoint
T1087.002,True,Domain Account,discovery,command,command execution,4688,A new process has been created.,Security,Process Creation,Microsoft-Windows-Security-Auditing
T1087.002,True,Domain Account,discovery,command,command execution,1,Process Creation.,Microsoft-Windows-Sysmon/Operational,,Microsoft-Windows-Sysmon
T1087.002,True,Domain Account,discovery,command,command execution,4103,Module logging.,Microsoft-Windows-PowerShell/Operational,,Microsoft-Windows-PowerShell
T1087.002,True,Domain Account,discovery,command,command execution,DeviceProcessEvents,DeviceProcessEvents,,,Microsoft Defender for Endpoint
T1087.001,True,Local Account,discovery,process,os api execution,8,CreateRemoteThread.,Microsoft-Windows-Sysmon/Operational,,Microsoft-Windows-Sysmon
T1087.001,True,Local Account,discovery,process,os api execution,DeviceEvents,DeviceEvents,,,Microsoft Defender for Endpoint
T1087.001,True,Local Account,discovery,process,process creation,4688,A new process has been created.,Security,Process Creation,Microsoft-Windows-Security-Auditing
T1087.001,True,Local Account,discovery,process,process creation,1,Process Creation.,Microsoft-Windows-Sysmon/Operational,,Microsoft-Windows-Sysmon
T1087.001,True,Local Account,discovery,process,process creation,DeviceProcessEvents,DeviceProcessEvents,,,Microsoft Defender for Endpoint
T1087.001,True,Local Account,discovery,process,process creation,8,CreateRemoteThread.,Microsoft-Windows-Sysmon/Operational,,Microsoft-Windows-Sysmon
T1087.001,True,Local Account,discovery,process,process creation,DeviceEvents,DeviceEvents,,,Microsoft Defender for Endpoint
T1087.001,True,Local Account,discovery,file,file access,4656,A handle to an object was requested.,Security,File System,Microsoft-Windows-Security-Auditing
T1087.001,True,Local Account,discovery,file,file access,4663,An attempt was made to access an object.,Security,File System,Microsoft-Windows-Security-Auditing
T1087.001,True,Local Account,discovery,file,file access,4661,A handle to an object was requested.,Security,SAM,Microsoft-Windows-Security-Auditing
T1087.001,True,Local Account,discovery,command,command execution,4688,A new process has been created.,Security,Process Creation,Microsoft-Windows-Security-Auditing
T1087.001,True,Local Account,discovery,command,command execution,1,Process Creation.,Microsoft-Windows-Sysmon/Operational,,Microsoft-Windows-Sysmon
T1087.001,True,Local Account,discovery,command,command execution,4103,Module logging.,Microsoft-Windows-PowerShell/Operational,,Microsoft-Windows-PowerShell
T1087.001,True,Local Account,discovery,command,command execution,DeviceProcessEvents,DeviceProcessEvents,,,Microsoft Defender for Endpoint
T1553.004,True,Install Root Certificate,defense-evasion,windows registry,windows registry key creation,12,RegistryEvent (Object create and delete).,Microsoft-Windows-Sysmon/Operational,,Microsoft-Windows-Sysmon
T1553.004,True,Install Root Certificate,defense-evasion,windows registry,windows registry key creation,DeviceRegistryEvents,DeviceRegistryEvents,,,Microsoft Defender for Endpoint
T1553.004,True,Install Root Certificate,defense-evasion,windows registry,windows registry key creation,4657,A registry value was modified.,Security,Registry,Microsoft-Windows-Security-Auditing
T1553.004,True,Install Root Certificate,defense-evasion,windows registry,windows registry key modification,13,RegistryEvent (Value Set).,Microsoft-Windows-Sysmon/Operational,,Microsoft-Windows-Sysmon
T1553.004,True,Install Root Certificate,defense-evasion,windows registry,windows registry key modification,14,RegistryEvent (Key and Value Rename).,Microsoft-Windows-Sysmon/Operational,,Microsoft-Windows-Sysmon
T1553.004,True,Install Root Certificate,defense-evasion,windows registry,windows registry key modification,4657,A registry value was modified.,Security,Registry,Microsoft-Windows-Security-Auditing
T1553.004,True,Install Root Certificate,defense-evasion,windows registry,windows registry key modification,4670,Permissions on an object were changed.,Security,Registry,Microsoft-Windows-Security-Auditing
T1553.004,True,Install Root Certificate,defense-evasion,windows registry,windows registry key modification,DeviceRegistryEvents,DeviceRegistryEvents,,,Microsoft Defender for Endpoint
T1553.004,True,Install Root Certificate,defense-evasion,process,process creation,4688,A new process has been created.,Security,Process Creation,Microsoft-Windows-Security-Auditing
T1553.004,True,Install Root Certificate,defense-evasion,process,process creation,1,Process Creation.,Microsoft-Windows-Sysmon/Operational,,Microsoft-Windows-Sysmon
T1553.004,True,Install Root Certificate,defense-evasion,process,process creation,DeviceProcessEvents,DeviceProcessEvents,,,Microsoft Defender for Endpoint
T1553.004,True,Install Root Certificate,defense-evasion,process,process creation,8,CreateRemoteThread.,Microsoft-Windows-Sysmon/Operational,,Microsoft-Windows-Sysmon
T1553.004,True,Install Root Certificate,defense-evasion,process,process creation,DeviceEvents,DeviceEvents,,,Microsoft Defender for Endpoint
T1553.004,True,Install Root Certificate,defense-evasion,command,command execution,4688,A new process has been created.,Security,Process Creation,Microsoft-Windows-Security-Auditing
T1553.004,True,Install Root Certificate,defense-evasion,command,command execution,1,Process Creation.,Microsoft-Windows-Sysmon/Operational,,Microsoft-Windows-Sysmon
T1553.004,True,Install Root Certificate,defense-evasion,command,command execution,4103,Module logging.,Microsoft-Windows-PowerShell/Operational,,Microsoft-Windows-PowerShell
T1553.004,True,Install Root Certificate,defense-evasion,command,command execution,DeviceProcessEvents,DeviceProcessEvents,,,Microsoft Defender for Endpoint
T1562.004,True,Disable or Modify System Firewall,defense-evasion,command,command execution,4688,A new process has been created.,Security,Process Creation,Microsoft-Windows-Security-Auditing
T1562.004,True,Disable or Modify System Firewall,defense-evasion,command,command execution,1,Process Creation.,Microsoft-Windows-Sysmon/Operational,,Microsoft-Windows-Sysmon
T1562.004,True,Disable or Modify System Firewall,defense-evasion,command,command execution,4103,Module logging.,Microsoft-Windows-PowerShell/Operational,,Microsoft-Windows-PowerShell
T1562.004,True,Disable or Modify System Firewall,defense-evasion,command,command execution,DeviceProcessEvents,DeviceProcessEvents,,,Microsoft Defender for Endpoint
T1562.004,True,Disable or Modify System Firewall,defense-evasion,firewall,firewall rule modification,4947,A change has been made to Windows Firewall exception list. A rule was modified.,Security,MPSSVC Rule-Level Policy Change,Microsoft-Windows-Security-Auditing
T1562.004,True,Disable or Modify System Firewall,defense-evasion,firewall,firewall rule modification,2006,A rule has been deleted in the Windows Defender Firewall exception list,Microsoft-Windows-Windows Firewall With Advanced Security/Firewall,,Microsoft-Windows-Windows Firewall With Advanced Security
T1562.004,True,Disable or Modify System Firewall,defense-evasion,firewall,firewall rule modification,4948,A change has been made to Windows Firewall exception list. A rule was deleted.,Security,MPSSVC Rule-Level Policy Change,Microsoft-Windows-Security-Auditing
T1562.004,True,Disable or Modify System Firewall,defense-evasion,firewall,firewall rule modification,4946,A change has been made to Windows Firewall exception list. A rule was added.,Security,MPSSVC Rule-Level Policy Change,Microsoft-Windows-Security-Auditing
T1562.004,True,Disable or Modify System Firewall,defense-evasion,firewall,firewall rule modification,2004,A rule has been added to the Windows Defender Firewall exception list,Microsoft-Windows-Windows Firewall With Advanced Security/Firewall,,Microsoft-Windows-Windows Firewall With Advanced Security
T1562.004,True,Disable or Modify System Firewall,defense-evasion,firewall,firewall rule modification,2005,A rule has been modified in the Windows Defender Firewall exception list.,Microsoft-Windows-Windows Firewall With Advanced Security/Firewall,,Microsoft-Windows-Windows Firewall With Advanced Security
T1562.004,True,Disable or Modify System Firewall,defense-evasion,firewall,firewall rule modification,2033,All rules have been deleted from the Windows Firewall configuration on this computer.,Microsoft-Windows-Windows Firewall With Advanced Security/Firewall,,Microsoft-Windows-Windows Firewall With Advanced Security
T1562.004,True,Disable or Modify System Firewall,defense-evasion,firewall,firewall disable,5025,The Windows Firewall Service has been stopped.,Security,Other System Events,Microsoft-Windows-Security-Auditing
T1562.004,True,Disable or Modify System Firewall,defense-evasion,firewall,firewall disable,5034,The Windows Firewall Driver was stopped.,Security,Other System Events,Microsoft-Windows-Security-Auditing
T1562.004,True,Disable or Modify System Firewall,defense-evasion,windows registry,windows registry key modification,13,RegistryEvent (Value Set).,Microsoft-Windows-Sysmon/Operational,,Microsoft-Windows-Sysmon
T1562.004,True,Disable or Modify System Firewall,defense-evasion,windows registry,windows registry key modification,14,RegistryEvent (Key and Value Rename).,Microsoft-Windows-Sysmon/Operational,,Microsoft-Windows-Sysmon
T1562.004,True,Disable or Modify System Firewall,defense-evasion,windows registry,windows registry key modification,4657,A registry value was modified.,Security,Registry,Microsoft-Windows-Security-Auditing
T1562.004,True,Disable or Modify System Firewall,defense-evasion,windows registry,windows registry key modification,4670,Permissions on an object were changed.,Security,Registry,Microsoft-Windows-Security-Auditing
T1562.004,True,Disable or Modify System Firewall,defense-evasion,windows registry,windows registry key modification,DeviceRegistryEvents,DeviceRegistryEvents,,,Microsoft Defender for Endpoint
T1562.003,True,Impair Command History Logging,defense-evasion,sensor health,host status,4,Sysmon service state changed.,Microsoft-Windows-Sysmon/Operational,,Microsoft-Windows-Sysmon
T1562.003,True,Impair Command History Logging,defense-evasion,sensor health,host status,1100,The event logging service has shut down.,,,Microsoft-Windows-Eventlog
T1562.003,True,Impair Command History Logging,defense-evasion,sensor health,host status,1101,Audit events have been dropped by the transport.,,,Microsoft-Windows-Eventlog
T1562.003,True,Impair Command History Logging,defense-evasion,sensor health,host status,1102,The audit log was cleared.,,,Microsoft-Windows-Eventlog
T1562.003,True,Impair Command History Logging,defense-evasion,sensor health,host status,1104,The security Log is now full.,,,Microsoft-Windows-Eventlog
T1562.003,True,Impair Command History Logging,defense-evasion,sensor health,host status,6005,The Event log service was started.,System,,EventLog
T1562.003,True,Impair Command History Logging,defense-evasion,sensor health,host status,6006,The Event log service was stopped.,System,,EventLog
T1562.003,True,Impair Command History Logging,defense-evasion,sensor health,host status,4616,The system time was changed.,Security,Security State Change,Microsoft-Windows-Security-Auditing
T1562.003,True,Impair Command History Logging,defense-evasion,command,command execution,4688,A new process has been created.,Security,Process Creation,Microsoft-Windows-Security-Auditing
T1562.003,True,Impair Command History Logging,defense-evasion,command,command execution,1,Process Creation.,Microsoft-Windows-Sysmon/Operational,,Microsoft-Windows-Sysmon
T1562.003,True,Impair Command History Logging,defense-evasion,command,command execution,4103,Module logging.,Microsoft-Windows-PowerShell/Operational,,Microsoft-Windows-PowerShell
T1562.003,True,Impair Command History Logging,defense-evasion,command,command execution,DeviceProcessEvents,DeviceProcessEvents,,,Microsoft Defender for Endpoint
T1562.002,True,Disable Windows Event Logging,defense-evasion,command,command execution,4688,A new process has been created.,Security,Process Creation,Microsoft-Windows-Security-Auditing
T1562.002,True,Disable Windows Event Logging,defense-evasion,command,command execution,1,Process Creation.,Microsoft-Windows-Sysmon/Operational,,Microsoft-Windows-Sysmon
T1562.002,True,Disable Windows Event Logging,defense-evasion,command,command execution,4103,Module logging.,Microsoft-Windows-PowerShell/Operational,,Microsoft-Windows-PowerShell
T1562.002,True,Disable Windows Event Logging,defense-evasion,command,command execution,DeviceProcessEvents,DeviceProcessEvents,,,Microsoft Defender for Endpoint
T1562.002,True,Disable Windows Event Logging,defense-evasion,sensor health,host status,4,Sysmon service state changed.,Microsoft-Windows-Sysmon/Operational,,Microsoft-Windows-Sysmon
T1562.002,True,Disable Windows Event Logging,defense-evasion,sensor health,host status,1100,The event logging service has shut down.,,,Microsoft-Windows-Eventlog
T1562.002,True,Disable Windows Event Logging,defense-evasion,sensor health,host status,1101,Audit events have been dropped by the transport.,,,Microsoft-Windows-Eventlog
T1562.002,True,Disable Windows Event Logging,defense-evasion,sensor health,host status,1102,The audit log was cleared.,,,Microsoft-Windows-Eventlog
T1562.002,True,Disable Windows Event Logging,defense-evasion,sensor health,host status,1104,The security Log is now full.,,,Microsoft-Windows-Eventlog
T1562.002,True,Disable Windows Event Logging,defense-evasion,sensor health,host status,6005,The Event log service was started.,System,,EventLog
T1562.002,True,Disable Windows Event Logging,defense-evasion,sensor health,host status,6006,The Event log service was stopped.,System,,EventLog
T1562.002,True,Disable Windows Event Logging,defense-evasion,sensor health,host status,4616,The system time was changed.,Security,Security State Change,Microsoft-Windows-Security-Auditing
T1562.002,True,Disable Windows Event Logging,defense-evasion,process,process creation,4688,A new process has been created.,Security,Process Creation,Microsoft-Windows-Security-Auditing
T1562.002,True,Disable Windows Event Logging,defense-evasion,process,process creation,1,Process Creation.,Microsoft-Windows-Sysmon/Operational,,Microsoft-Windows-Sysmon
T1562.002,True,Disable Windows Event Logging,defense-evasion,process,process creation,DeviceProcessEvents,DeviceProcessEvents,,,Microsoft Defender for Endpoint
T1562.002,True,Disable Windows Event Logging,defense-evasion,process,process creation,8,CreateRemoteThread.,Microsoft-Windows-Sysmon/Operational,,Microsoft-Windows-Sysmon
T1562.002,True,Disable Windows Event Logging,defense-evasion,process,process creation,DeviceEvents,DeviceEvents,,,Microsoft Defender for Endpoint
T1562.002,True,Disable Windows Event Logging,defense-evasion,script,script execution,4103,Module logging.,Microsoft-Windows-PowerShell/Operational,,Microsoft-Windows-PowerShell
T1562.002,True,Disable Windows Event Logging,defense-evasion,script,script execution,4104,Script Block Logging.,Microsoft-Windows-PowerShell/Operational,,Microsoft-Windows-PowerShell
T1562.002,True,Disable Windows Event Logging,defense-evasion,script,script execution,DeviceEvents,DeviceEvents,,,Microsoft Defender for Endpoint
T1562.002,True,Disable Windows Event Logging,defense-evasion,windows registry,windows registry key creation,12,RegistryEvent (Object create and delete).,Microsoft-Windows-Sysmon/Operational,,Microsoft-Windows-Sysmon
T1562.002,True,Disable Windows Event Logging,defense-evasion,windows registry,windows registry key creation,DeviceRegistryEvents,DeviceRegistryEvents,,,Microsoft Defender for Endpoint
T1562.002,True,Disable Windows Event Logging,defense-evasion,windows registry,windows registry key creation,4657,A registry value was modified.,Security,Registry,Microsoft-Windows-Security-Auditing
T1562.001,True,Disable or Modify Tools,defense-evasion,windows registry,windows registry key modification,13,RegistryEvent (Value Set).,Microsoft-Windows-Sysmon/Operational,,Microsoft-Windows-Sysmon
T1562.001,True,Disable or Modify Tools,defense-evasion,windows registry,windows registry key modification,14,RegistryEvent (Key and Value Rename).,Microsoft-Windows-Sysmon/Operational,,Microsoft-Windows-Sysmon
T1562.001,True,Disable or Modify Tools,defense-evasion,windows registry,windows registry key modification,4657,A registry value was modified.,Security,Registry,Microsoft-Windows-Security-Auditing
T1562.001,True,Disable or Modify Tools,defense-evasion,windows registry,windows registry key modification,4670,Permissions on an object were changed.,Security,Registry,Microsoft-Windows-Security-Auditing
T1562.001,True,Disable or Modify Tools,defense-evasion,windows registry,windows registry key modification,DeviceRegistryEvents,DeviceRegistryEvents,,,Microsoft Defender for Endpoint
T1562.001,True,Disable or Modify Tools,defense-evasion,windows registry,windows registry key deletion,12,RegistryEvent (Object create and delete).,Microsoft-Windows-Sysmon/Operational,,Microsoft-Windows-Sysmon
T1562.001,True,Disable or Modify Tools,defense-evasion,windows registry,windows registry key deletion,DeviceRegistryEvents,DeviceRegistryEvents,,,Microsoft Defender for Endpoint
T1562.001,True,Disable or Modify Tools,defense-evasion,windows registry,windows registry key deletion,4657,A registry value was modified.,Security,Registry,Microsoft-Windows-Security-Auditing
T1562.001,True,Disable or Modify Tools,defense-evasion,windows registry,windows registry key deletion,4660,An object was deleted.,Security,Registry,Microsoft-Windows-Security-Auditing
T1562.001,True,Disable or Modify Tools,defense-evasion,service,service metadata,4,Sysmon service state changed.,Microsoft-Windows-Sysmon/Operational,,Microsoft-Windows-Sysmon
T1562.001,True,Disable or Modify Tools,defense-evasion,service,service metadata,6006,The Event log service was stopped.,System,,EventLog
T1562.001,True,Disable or Modify Tools,defense-evasion,service,service metadata,6005,The Event log service was started.,System,,EventLog
T1562.001,True,Disable or Modify Tools,defense-evasion,command,command execution,4688,A new process has been created.,Security,Process Creation,Microsoft-Windows-Security-Auditing
T1562.001,True,Disable or Modify Tools,defense-evasion,command,command execution,1,Process Creation.,Microsoft-Windows-Sysmon/Operational,,Microsoft-Windows-Sysmon
T1562.001,True,Disable or Modify Tools,defense-evasion,command,command execution,4103,Module logging.,Microsoft-Windows-PowerShell/Operational,,Microsoft-Windows-PowerShell
T1562.001,True,Disable or Modify Tools,defense-evasion,command,command execution,DeviceProcessEvents,DeviceProcessEvents,,,Microsoft Defender for Endpoint
T1562.001,True,Disable or Modify Tools,defense-evasion,process,process termination,4689,A process has exited.,Security,Process Termination,Microsoft-Windows-Security-Auditing
T1562.001,True,Disable or Modify Tools,defense-evasion,process,process termination,5,Process terminated.,Microsoft-Windows-Sysmon/Operational,,Microsoft-Windows-Sysmon
T1562.001,True,Disable or Modify Tools,defense-evasion,sensor health,host status,4,Sysmon service state changed.,Microsoft-Windows-Sysmon/Operational,,Microsoft-Windows-Sysmon
T1562.001,True,Disable or Modify Tools,defense-evasion,sensor health,host status,1100,The event logging service has shut down.,,,Microsoft-Windows-Eventlog
T1562.001,True,Disable or Modify Tools,defense-evasion,sensor health,host status,1101,Audit events have been dropped by the transport.,,,Microsoft-Windows-Eventlog
T1562.001,True,Disable or Modify Tools,defense-evasion,sensor health,host status,1102,The audit log was cleared.,,,Microsoft-Windows-Eventlog
T1562.001,True,Disable or Modify Tools,defense-evasion,sensor health,host status,1104,The security Log is now full.,,,Microsoft-Windows-Eventlog
T1562.001,True,Disable or Modify Tools,defense-evasion,sensor health,host status,6005,The Event log service was started.,System,,EventLog
T1562.001,True,Disable or Modify Tools,defense-evasion,sensor health,host status,6006,The Event log service was stopped.,System,,EventLog
T1562.001,True,Disable or Modify Tools,defense-evasion,sensor health,host status,4616,The system time was changed.,Security,Security State Change,Microsoft-Windows-Security-Auditing
T1562,,Impair Defenses,defense-evasion,command,command execution,4688,A new process has been created.,Security,Process Creation,Microsoft-Windows-Security-Auditing
T1562,,Impair Defenses,defense-evasion,command,command execution,1,Process Creation.,Microsoft-Windows-Sysmon/Operational,,Microsoft-Windows-Sysmon
T1562,,Impair Defenses,defense-evasion,command,command execution,4103,Module logging.,Microsoft-Windows-PowerShell/Operational,,Microsoft-Windows-PowerShell
T1562,,Impair Defenses,defense-evasion,command,command execution,DeviceProcessEvents,DeviceProcessEvents,,,Microsoft Defender for Endpoint
T1562,,Impair Defenses,defense-evasion,windows registry,windows registry key deletion,12,RegistryEvent (Object create and delete).,Microsoft-Windows-Sysmon/Operational,,Microsoft-Windows-Sysmon
T1562,,Impair Defenses,defense-evasion,windows registry,windows registry key deletion,DeviceRegistryEvents,DeviceRegistryEvents,,,Microsoft Defender for Endpoint
T1562,,Impair Defenses,defense-evasion,windows registry,windows registry key deletion,4657,A registry value was modified.,Security,Registry,Microsoft-Windows-Security-Auditing
T1562,,Impair Defenses,defense-evasion,windows registry,windows registry key deletion,4660,An object was deleted.,Security,Registry,Microsoft-Windows-Security-Auditing
T1562,,Impair Defenses,defense-evasion,windows registry,windows registry key modification,13,RegistryEvent (Value Set).,Microsoft-Windows-Sysmon/Operational,,Microsoft-Windows-Sysmon
T1562,,Impair Defenses,defense-evasion,windows registry,windows registry key modification,14,RegistryEvent (Key and Value Rename).,Microsoft-Windows-Sysmon/Operational,,Microsoft-Windows-Sysmon
T1562,,Impair Defenses,defense-evasion,windows registry,windows registry key modification,4657,A registry value was modified.,Security,Registry,Microsoft-Windows-Security-Auditing
T1562,,Impair Defenses,defense-evasion,windows registry,windows registry key modification,4670,Permissions on an object were changed.,Security,Registry,Microsoft-Windows-Security-Auditing
T1562,,Impair Defenses,defense-evasion,windows registry,windows registry key modification,DeviceRegistryEvents,DeviceRegistryEvents,,,Microsoft Defender for Endpoint
T1562,,Impair Defenses,defense-evasion,firewall,firewall rule modification,4947,A change has been made to Windows Firewall exception list. A rule was modified.,Security,MPSSVC Rule-Level Policy Change,Microsoft-Windows-Security-Auditing
T1562,,Impair Defenses,defense-evasion,firewall,firewall rule modification,2006,A rule has been deleted in the Windows Defender Firewall exception list,Microsoft-Windows-Windows Firewall With Advanced Security/Firewall,,Microsoft-Windows-Windows Firewall With Advanced Security
T1562,,Impair Defenses,defense-evasion,firewall,firewall rule modification,4948,A change has been made to Windows Firewall exception list. A rule was deleted.,Security,MPSSVC Rule-Level Policy Change,Microsoft-Windows-Security-Auditing
T1562,,Impair Defenses,defense-evasion,firewall,firewall rule modification,4946,A change has been made to Windows Firewall exception list. A rule was added.,Security,MPSSVC Rule-Level Policy Change,Microsoft-Windows-Security-Auditing
T1562,,Impair Defenses,defense-evasion,firewall,firewall rule modification,2004,A rule has been added to the Windows Defender Firewall exception list,Microsoft-Windows-Windows Firewall With Advanced Security/Firewall,,Microsoft-Windows-Windows Firewall With Advanced Security
T1562,,Impair Defenses,defense-evasion,firewall,firewall rule modification,2005,A rule has been modified in the Windows Defender Firewall exception list.,Microsoft-Windows-Windows Firewall With Advanced Security/Firewall,,Microsoft-Windows-Windows Firewall With Advanced Security
T1562,,Impair Defenses,defense-evasion,firewall,firewall rule modification,2033,All rules have been deleted from the Windows Firewall configuration on this computer.,Microsoft-Windows-Windows Firewall With Advanced Security/Firewall,,Microsoft-Windows-Windows Firewall With Advanced Security
T1562,,Impair Defenses,defense-evasion,firewall,firewall disable,5025,The Windows Firewall Service has been stopped.,Security,Other System Events,Microsoft-Windows-Security-Auditing
T1562,,Impair Defenses,defense-evasion,firewall,firewall disable,5034,The Windows Firewall Driver was stopped.,Security,Other System Events,Microsoft-Windows-Security-Auditing
T1562,,Impair Defenses,defense-evasion,process,process termination,4689,A process has exited.,Security,Process Termination,Microsoft-Windows-Security-Auditing
T1562,,Impair Defenses,defense-evasion,process,process termination,5,Process terminated.,Microsoft-Windows-Sysmon/Operational,,Microsoft-Windows-Sysmon
T1562,,Impair Defenses,defense-evasion,process,process creation,4688,A new process has been created.,Security,Process Creation,Microsoft-Windows-Security-Auditing
T1562,,Impair Defenses,defense-evasion,process,process creation,1,Process Creation.,Microsoft-Windows-Sysmon/Operational,,Microsoft-Windows-Sysmon
T1562,,Impair Defenses,defense-evasion,process,process creation,DeviceProcessEvents,DeviceProcessEvents,,,Microsoft Defender for Endpoint
T1562,,Impair Defenses,defense-evasion,process,process creation,8,CreateRemoteThread.,Microsoft-Windows-Sysmon/Operational,,Microsoft-Windows-Sysmon
T1562,,Impair Defenses,defense-evasion,process,process creation,DeviceEvents,DeviceEvents,,,Microsoft Defender for Endpoint
T1562,,Impair Defenses,defense-evasion,service,service metadata,4,Sysmon service state changed.,Microsoft-Windows-Sysmon/Operational,,Microsoft-Windows-Sysmon
T1562,,Impair Defenses,defense-evasion,service,service metadata,6006,The Event log service was stopped.,System,,EventLog
T1562,,Impair Defenses,defense-evasion,service,service metadata,6005,The Event log service was started.,System,,EventLog
T1562,,Impair Defenses,defense-evasion,sensor health,host status,4,Sysmon service state changed.,Microsoft-Windows-Sysmon/Operational,,Microsoft-Windows-Sysmon
T1562,,Impair Defenses,defense-evasion,sensor health,host status,1100,The event logging service has shut down.,,,Microsoft-Windows-Eventlog
T1562,,Impair Defenses,defense-evasion,sensor health,host status,1101,Audit events have been dropped by the transport.,,,Microsoft-Windows-Eventlog
T1562,,Impair Defenses,defense-evasion,sensor health,host status,1102,The audit log was cleared.,,,Microsoft-Windows-Eventlog
T1562,,Impair Defenses,defense-evasion,sensor health,host status,1104,The security Log is now full.,,,Microsoft-Windows-Eventlog
T1562,,Impair Defenses,defense-evasion,sensor health,host status,6005,The Event log service was started.,System,,EventLog
T1562,,Impair Defenses,defense-evasion,sensor health,host status,6006,The Event log service was stopped.,System,,EventLog
T1562,,Impair Defenses,defense-evasion,sensor health,host status,4616,The system time was changed.,Security,Security State Change,Microsoft-Windows-Security-Auditing
T1562,,Impair Defenses,defense-evasion,script,script execution,4103,Module logging.,Microsoft-Windows-PowerShell/Operational,,Microsoft-Windows-PowerShell
T1562,,Impair Defenses,defense-evasion,script,script execution,4104,Script Block Logging.,Microsoft-Windows-PowerShell/Operational,,Microsoft-Windows-PowerShell
T1562,,Impair Defenses,defense-evasion,script,script execution,DeviceEvents,DeviceEvents,,,Microsoft Defender for Endpoint
T1003.004,True,LSA Secrets,credential-access,command,command execution,4688,A new process has been created.,Security,Process Creation,Microsoft-Windows-Security-Auditing
T1003.004,True,LSA Secrets,credential-access,command,command execution,1,Process Creation.,Microsoft-Windows-Sysmon/Operational,,Microsoft-Windows-Sysmon
T1003.004,True,LSA Secrets,credential-access,command,command execution,4103,Module logging.,Microsoft-Windows-PowerShell/Operational,,Microsoft-Windows-PowerShell
T1003.004,True,LSA Secrets,credential-access,command,command execution,DeviceProcessEvents,DeviceProcessEvents,,,Microsoft Defender for Endpoint
T1003.004,True,LSA Secrets,credential-access,windows registry,windows registry key access,4663,An attempt was made to access an object.,Security,Registry,Microsoft-Windows-Security-Auditing
T1003.004,True,LSA Secrets,credential-access,windows registry,windows registry key access,4656,A handle to an object was requested.,Security,Registry,Microsoft-Windows-Security-Auditing
T1003.005,True,Cached Domain Credentials,credential-access,command,command execution,4688,A new process has been created.,Security,Process Creation,Microsoft-Windows-Security-Auditing
T1003.005,True,Cached Domain Credentials,credential-access,command,command execution,1,Process Creation.,Microsoft-Windows-Sysmon/Operational,,Microsoft-Windows-Sysmon
T1003.005,True,Cached Domain Credentials,credential-access,command,command execution,4103,Module logging.,Microsoft-Windows-PowerShell/Operational,,Microsoft-Windows-PowerShell
T1003.005,True,Cached Domain Credentials,credential-access,command,command execution,DeviceProcessEvents,DeviceProcessEvents,,,Microsoft Defender for Endpoint
T1561.002,True,Disk Structure Wipe,impact,drive,drive modification,6422,A device was enabled.,Security,PNP Activity,Microsoft-Windows-Security-Auditing
T1561.002,True,Disk Structure Wipe,impact,drive,drive modification,6419,A request was made to disable a device.,Security,PNP Activity,Microsoft-Windows-Security-Auditing
T1561.002,True,Disk Structure Wipe,impact,drive,drive modification,6420,A device was disabled.,Security,PNP Activity,Microsoft-Windows-Security-Auditing
T1561.002,True,Disk Structure Wipe,impact,drive,drive modification,6421,A request was made to enable a device.,Security,PNP Activity,Microsoft-Windows-Security-Auditing
T1561.002,True,Disk Structure Wipe,impact,command,command execution,4688,A new process has been created.,Security,Process Creation,Microsoft-Windows-Security-Auditing
T1561.002,True,Disk Structure Wipe,impact,command,command execution,1,Process Creation.,Microsoft-Windows-Sysmon/Operational,,Microsoft-Windows-Sysmon
T1561.002,True,Disk Structure Wipe,impact,command,command execution,4103,Module logging.,Microsoft-Windows-PowerShell/Operational,,Microsoft-Windows-PowerShell
T1561.002,True,Disk Structure Wipe,impact,command,command execution,DeviceProcessEvents,DeviceProcessEvents,,,Microsoft Defender for Endpoint
T1561.002,True,Disk Structure Wipe,impact,process,process creation,4688,A new process has been created.,Security,Process Creation,Microsoft-Windows-Security-Auditing
T1561.002,True,Disk Structure Wipe,impact,process,process creation,1,Process Creation.,Microsoft-Windows-Sysmon/Operational,,Microsoft-Windows-Sysmon
T1561.002,True,Disk Structure Wipe,impact,process,process creation,DeviceProcessEvents,DeviceProcessEvents,,,Microsoft Defender for Endpoint
T1561.002,True,Disk Structure Wipe,impact,process,process creation,8,CreateRemoteThread.,Microsoft-Windows-Sysmon/Operational,,Microsoft-Windows-Sysmon
T1561.002,True,Disk Structure Wipe,impact,process,process creation,DeviceEvents,DeviceEvents,,,Microsoft Defender for Endpoint
T1561.002,True,Disk Structure Wipe,impact,driver,driver load,6,Driver loaded.,Microsoft-Windows-Sysmon/Operational,,Microsoft-Windows-Sysmon
T1561.002,True,Disk Structure Wipe,impact,driver,driver load,DeviceEvents,DeviceEvents,,,Microsoft Defender for Endpoint
T1561.001,True,Disk Content Wipe,impact,driver,driver load,6,Driver loaded.,Microsoft-Windows-Sysmon/Operational,,Microsoft-Windows-Sysmon
T1561.001,True,Disk Content Wipe,impact,driver,driver load,DeviceEvents,DeviceEvents,,,Microsoft Defender for Endpoint
T1561.001,True,Disk Content Wipe,impact,drive,drive modification,6422,A device was enabled.,Security,PNP Activity,Microsoft-Windows-Security-Auditing
T1561.001,True,Disk Content Wipe,impact,drive,drive modification,6419,A request was made to disable a device.,Security,PNP Activity,Microsoft-Windows-Security-Auditing
T1561.001,True,Disk Content Wipe,impact,drive,drive modification,6420,A device was disabled.,Security,PNP Activity,Microsoft-Windows-Security-Auditing
T1561.001,True,Disk Content Wipe,impact,drive,drive modification,6421,A request was made to enable a device.,Security,PNP Activity,Microsoft-Windows-Security-Auditing
T1561.001,True,Disk Content Wipe,impact,process,process creation,4688,A new process has been created.,Security,Process Creation,Microsoft-Windows-Security-Auditing
T1561.001,True,Disk Content Wipe,impact,process,process creation,1,Process Creation.,Microsoft-Windows-Sysmon/Operational,,Microsoft-Windows-Sysmon
T1561.001,True,Disk Content Wipe,impact,process,process creation,DeviceProcessEvents,DeviceProcessEvents,,,Microsoft Defender for Endpoint
T1561.001,True,Disk Content Wipe,impact,process,process creation,8,CreateRemoteThread.,Microsoft-Windows-Sysmon/Operational,,Microsoft-Windows-Sysmon
T1561.001,True,Disk Content Wipe,impact,process,process creation,DeviceEvents,DeviceEvents,,,Microsoft Defender for Endpoint
T1561.001,True,Disk Content Wipe,impact,command,command execution,4688,A new process has been created.,Security,Process Creation,Microsoft-Windows-Security-Auditing
T1561.001,True,Disk Content Wipe,impact,command,command execution,1,Process Creation.,Microsoft-Windows-Sysmon/Operational,,Microsoft-Windows-Sysmon
T1561.001,True,Disk Content Wipe,impact,command,command execution,4103,Module logging.,Microsoft-Windows-PowerShell/Operational,,Microsoft-Windows-PowerShell
T1561.001,True,Disk Content Wipe,impact,command,command execution,DeviceProcessEvents,DeviceProcessEvents,,,Microsoft Defender for Endpoint
T1561,,Disk Wipe,impact,command,command execution,4688,A new process has been created.,Security,Process Creation,Microsoft-Windows-Security-Auditing
T1561,,Disk Wipe,impact,command,command execution,1,Process Creation.,Microsoft-Windows-Sysmon/Operational,,Microsoft-Windows-Sysmon
T1561,,Disk Wipe,impact,command,command execution,4103,Module logging.,Microsoft-Windows-PowerShell/Operational,,Microsoft-Windows-PowerShell
T1561,,Disk Wipe,impact,command,command execution,DeviceProcessEvents,DeviceProcessEvents,,,Microsoft Defender for Endpoint
T1561,,Disk Wipe,impact,drive,drive modification,6422,A device was enabled.,Security,PNP Activity,Microsoft-Windows-Security-Auditing
T1561,,Disk Wipe,impact,drive,drive modification,6419,A request was made to disable a device.,Security,PNP Activity,Microsoft-Windows-Security-Auditing
T1561,,Disk Wipe,impact,drive,drive modification,6420,A device was disabled.,Security,PNP Activity,Microsoft-Windows-Security-Auditing
T1561,,Disk Wipe,impact,drive,drive modification,6421,A request was made to enable a device.,Security,PNP Activity,Microsoft-Windows-Security-Auditing
T1561,,Disk Wipe,impact,driver,driver load,6,Driver loaded.,Microsoft-Windows-Sysmon/Operational,,Microsoft-Windows-Sysmon
T1561,,Disk Wipe,impact,driver,driver load,DeviceEvents,DeviceEvents,,,Microsoft Defender for Endpoint
T1561,,Disk Wipe,impact,process,process creation,4688,A new process has been created.,Security,Process Creation,Microsoft-Windows-Security-Auditing
T1561,,Disk Wipe,impact,process,process creation,1,Process Creation.,Microsoft-Windows-Sysmon/Operational,,Microsoft-Windows-Sysmon
T1561,,Disk Wipe,impact,process,process creation,DeviceProcessEvents,DeviceProcessEvents,,,Microsoft Defender for Endpoint
T1561,,Disk Wipe,impact,process,process creation,8,CreateRemoteThread.,Microsoft-Windows-Sysmon/Operational,,Microsoft-Windows-Sysmon
T1561,,Disk Wipe,impact,process,process creation,DeviceEvents,DeviceEvents,,,Microsoft Defender for Endpoint
T1560.003,True,Archive via Custom Method,collection,script,script execution,4103,Module logging.,Microsoft-Windows-PowerShell/Operational,,Microsoft-Windows-PowerShell
T1560.003,True,Archive via Custom Method,collection,script,script execution,4104,Script Block Logging.,Microsoft-Windows-PowerShell/Operational,,Microsoft-Windows-PowerShell
T1560.003,True,Archive via Custom Method,collection,script,script execution,DeviceEvents,DeviceEvents,,,Microsoft Defender for Endpoint
T1560.003,True,Archive via Custom Method,collection,file,file creation,DeviceFileEvents,DeviceFileEvents,,,Microsoft Defender for Endpoint
T1560.003,True,Archive via Custom Method,collection,file,file creation,4663,An attempt was made to access an object.,Security,File System,Microsoft-Windows-Security-Auditing
T1560.003,True,Archive via Custom Method,collection,file,file creation,11,FileCreate,Microsoft-Windows-Sysmon/Operational,,Microsoft-Windows-Sysmon
T1560.002,True,Archive via Library,collection,file,file creation,DeviceFileEvents,DeviceFileEvents,,,Microsoft Defender for Endpoint
T1560.002,True,Archive via Library,collection,file,file creation,4663,An attempt was made to access an object.,Security,File System,Microsoft-Windows-Security-Auditing
T1560.002,True,Archive via Library,collection,file,file creation,11,FileCreate,Microsoft-Windows-Sysmon/Operational,,Microsoft-Windows-Sysmon
T1560.002,True,Archive via Library,collection,script,script execution,4103,Module logging.,Microsoft-Windows-PowerShell/Operational,,Microsoft-Windows-PowerShell
T1560.002,True,Archive via Library,collection,script,script execution,4104,Script Block Logging.,Microsoft-Windows-PowerShell/Operational,,Microsoft-Windows-PowerShell
T1560.002,True,Archive via Library,collection,script,script execution,DeviceEvents,DeviceEvents,,,Microsoft Defender for Endpoint
T1560.001,True,Archive via Utility,collection,file,file creation,DeviceFileEvents,DeviceFileEvents,,,Microsoft Defender for Endpoint
T1560.001,True,Archive via Utility,collection,file,file creation,4663,An attempt was made to access an object.,Security,File System,Microsoft-Windows-Security-Auditing
T1560.001,True,Archive via Utility,collection,file,file creation,11,FileCreate,Microsoft-Windows-Sysmon/Operational,,Microsoft-Windows-Sysmon
T1560.001,True,Archive via Utility,collection,process,process creation,4688,A new process has been created.,Security,Process Creation,Microsoft-Windows-Security-Auditing
T1560.001,True,Archive via Utility,collection,process,process creation,1,Process Creation.,Microsoft-Windows-Sysmon/Operational,,Microsoft-Windows-Sysmon
T1560.001,True,Archive via Utility,collection,process,process creation,DeviceProcessEvents,DeviceProcessEvents,,,Microsoft Defender for Endpoint
T1560.001,True,Archive via Utility,collection,process,process creation,8,CreateRemoteThread.,Microsoft-Windows-Sysmon/Operational,,Microsoft-Windows-Sysmon
T1560.001,True,Archive via Utility,collection,process,process creation,DeviceEvents,DeviceEvents,,,Microsoft Defender for Endpoint
T1560.001,True,Archive via Utility,collection,command,command execution,4688,A new process has been created.,Security,Process Creation,Microsoft-Windows-Security-Auditing
T1560.001,True,Archive via Utility,collection,command,command execution,1,Process Creation.,Microsoft-Windows-Sysmon/Operational,,Microsoft-Windows-Sysmon
T1560.001,True,Archive via Utility,collection,command,command execution,4103,Module logging.,Microsoft-Windows-PowerShell/Operational,,Microsoft-Windows-PowerShell
T1560.001,True,Archive via Utility,collection,command,command execution,DeviceProcessEvents,DeviceProcessEvents,,,Microsoft Defender for Endpoint
T1560,,Archive Collected Data,collection,process,process creation,4688,A new process has been created.,Security,Process Creation,Microsoft-Windows-Security-Auditing
T1560,,Archive Collected Data,collection,process,process creation,1,Process Creation.,Microsoft-Windows-Sysmon/Operational,,Microsoft-Windows-Sysmon
T1560,,Archive Collected Data,collection,process,process creation,DeviceProcessEvents,DeviceProcessEvents,,,Microsoft Defender for Endpoint
T1560,,Archive Collected Data,collection,process,process creation,8,CreateRemoteThread.,Microsoft-Windows-Sysmon/Operational,,Microsoft-Windows-Sysmon
T1560,,Archive Collected Data,collection,process,process creation,DeviceEvents,DeviceEvents,,,Microsoft Defender for Endpoint
T1560,,Archive Collected Data,collection,script,script execution,4103,Module logging.,Microsoft-Windows-PowerShell/Operational,,Microsoft-Windows-PowerShell
T1560,,Archive Collected Data,collection,script,script execution,4104,Script Block Logging.,Microsoft-Windows-PowerShell/Operational,,Microsoft-Windows-PowerShell
T1560,,Archive Collected Data,collection,script,script execution,DeviceEvents,DeviceEvents,,,Microsoft Defender for Endpoint
T1560,,Archive Collected Data,collection,command,command execution,4688,A new process has been created.,Security,Process Creation,Microsoft-Windows-Security-Auditing
T1560,,Archive Collected Data,collection,command,command execution,1,Process Creation.,Microsoft-Windows-Sysmon/Operational,,Microsoft-Windows-Sysmon
T1560,,Archive Collected Data,collection,command,command execution,4103,Module logging.,Microsoft-Windows-PowerShell/Operational,,Microsoft-Windows-PowerShell
T1560,,Archive Collected Data,collection,command,command execution,DeviceProcessEvents,DeviceProcessEvents,,,Microsoft Defender for Endpoint
T1560,,Archive Collected Data,collection,file,file creation,DeviceFileEvents,DeviceFileEvents,,,Microsoft Defender for Endpoint
T1560,,Archive Collected Data,collection,file,file creation,4663,An attempt was made to access an object.,Security,File System,Microsoft-Windows-Security-Auditing
T1560,,Archive Collected Data,collection,file,file creation,11,FileCreate,Microsoft-Windows-Sysmon/Operational,,Microsoft-Windows-Sysmon
T1499.004,True,Application or System Exploitation,impact,sensor health,host status,4,Sysmon service state changed.,Microsoft-Windows-Sysmon/Operational,,Microsoft-Windows-Sysmon
T1499.004,True,Application or System Exploitation,impact,sensor health,host status,1100,The event logging service has shut down.,,,Microsoft-Windows-Eventlog
T1499.004,True,Application or System Exploitation,impact,sensor health,host status,1101,Audit events have been dropped by the transport.,,,Microsoft-Windows-Eventlog
T1499.004,True,Application or System Exploitation,impact,sensor health,host status,1102,The audit log was cleared.,,,Microsoft-Windows-Eventlog
T1499.004,True,Application or System Exploitation,impact,sensor health,host status,1104,The security Log is now full.,,,Microsoft-Windows-Eventlog
T1499.004,True,Application or System Exploitation,impact,sensor health,host status,6005,The Event log service was started.,System,,EventLog
T1499.004,True,Application or System Exploitation,impact,sensor health,host status,6006,The Event log service was stopped.,System,,EventLog
T1499.004,True,Application or System Exploitation,impact,sensor health,host status,4616,The system time was changed.,Security,Security State Change,Microsoft-Windows-Security-Auditing
T1499.003,True,Application Exhaustion Flood,impact,sensor health,host status,4,Sysmon service state changed.,Microsoft-Windows-Sysmon/Operational,,Microsoft-Windows-Sysmon
T1499.003,True,Application Exhaustion Flood,impact,sensor health,host status,1100,The event logging service has shut down.,,,Microsoft-Windows-Eventlog
T1499.003,True,Application Exhaustion Flood,impact,sensor health,host status,1101,Audit events have been dropped by the transport.,,,Microsoft-Windows-Eventlog
T1499.003,True,Application Exhaustion Flood,impact,sensor health,host status,1102,The audit log was cleared.,,,Microsoft-Windows-Eventlog
T1499.003,True,Application Exhaustion Flood,impact,sensor health,host status,1104,The security Log is now full.,,,Microsoft-Windows-Eventlog
T1499.003,True,Application Exhaustion Flood,impact,sensor health,host status,6005,The Event log service was started.,System,,EventLog
T1499.003,True,Application Exhaustion Flood,impact,sensor health,host status,6006,The Event log service was stopped.,System,,EventLog
T1499.003,True,Application Exhaustion Flood,impact,sensor health,host status,4616,The system time was changed.,Security,Security State Change,Microsoft-Windows-Security-Auditing
T1499.002,True,Service Exhaustion Flood,impact,sensor health,host status,4,Sysmon service state changed.,Microsoft-Windows-Sysmon/Operational,,Microsoft-Windows-Sysmon
T1499.002,True,Service Exhaustion Flood,impact,sensor health,host status,1100,The event logging service has shut down.,,,Microsoft-Windows-Eventlog
T1499.002,True,Service Exhaustion Flood,impact,sensor health,host status,1101,Audit events have been dropped by the transport.,,,Microsoft-Windows-Eventlog
T1499.002,True,Service Exhaustion Flood,impact,sensor health,host status,1102,The audit log was cleared.,,,Microsoft-Windows-Eventlog
T1499.002,True,Service Exhaustion Flood,impact,sensor health,host status,1104,The security Log is now full.,,,Microsoft-Windows-Eventlog
T1499.002,True,Service Exhaustion Flood,impact,sensor health,host status,6005,The Event log service was started.,System,,EventLog
T1499.002,True,Service Exhaustion Flood,impact,sensor health,host status,6006,The Event log service was stopped.,System,,EventLog
T1499.002,True,Service Exhaustion Flood,impact,sensor health,host status,4616,The system time was changed.,Security,Security State Change,Microsoft-Windows-Security-Auditing
T1499.001,True,OS Exhaustion Flood,impact,sensor health,host status,4,Sysmon service state changed.,Microsoft-Windows-Sysmon/Operational,,Microsoft-Windows-Sysmon
T1499.001,True,OS Exhaustion Flood,impact,sensor health,host status,1100,The event logging service has shut down.,,,Microsoft-Windows-Eventlog
T1499.001,True,OS Exhaustion Flood,impact,sensor health,host status,1101,Audit events have been dropped by the transport.,,,Microsoft-Windows-Eventlog
T1499.001,True,OS Exhaustion Flood,impact,sensor health,host status,1102,The audit log was cleared.,,,Microsoft-Windows-Eventlog
T1499.001,True,OS Exhaustion Flood,impact,sensor health,host status,1104,The security Log is now full.,,,Microsoft-Windows-Eventlog
T1499.001,True,OS Exhaustion Flood,impact,sensor health,host status,6005,The Event log service was started.,System,,EventLog
T1499.001,True,OS Exhaustion Flood,impact,sensor health,host status,6006,The Event log service was stopped.,System,,EventLog
T1499.001,True,OS Exhaustion Flood,impact,sensor health,host status,4616,The system time was changed.,Security,Security State Change,Microsoft-Windows-Security-Auditing
T1491.002,True,External Defacement,impact,file,file modification,4670,Permissions on an object were changed.,Security,File System,Microsoft-Windows-Security-Auditing
T1491.002,True,External Defacement,impact,file,file modification,DeviceFileEvents,DeviceFileEvents,,,Microsoft Defender for Endpoint
T1491.002,True,External Defacement,impact,file,file modification,2,A process changed a file creation time.,Microsoft-Windows-Sysmon/Operational,,Microsoft-Windows-Sysmon
T1491.002,True,External Defacement,impact,file,file modification,11,FileCreate.,Microsoft-Windows-Sysmon/Operational,,Microsoft-Windows-Sysmon
T1491.002,True,External Defacement,impact,file,file creation,DeviceFileEvents,DeviceFileEvents,,,Microsoft Defender for Endpoint
T1491.002,True,External Defacement,impact,file,file creation,4663,An attempt was made to access an object.,Security,File System,Microsoft-Windows-Security-Auditing
T1491.002,True,External Defacement,impact,file,file creation,11,FileCreate,Microsoft-Windows-Sysmon/Operational,,Microsoft-Windows-Sysmon
T1491.001,True,Internal Defacement,impact,file,file creation,DeviceFileEvents,DeviceFileEvents,,,Microsoft Defender for Endpoint
T1491.001,True,Internal Defacement,impact,file,file creation,4663,An attempt was made to access an object.,Security,File System,Microsoft-Windows-Security-Auditing
T1491.001,True,Internal Defacement,impact,file,file creation,11,FileCreate,Microsoft-Windows-Sysmon/Operational,,Microsoft-Windows-Sysmon
T1491.001,True,Internal Defacement,impact,file,file modification,4670,Permissions on an object were changed.,Security,File System,Microsoft-Windows-Security-Auditing
T1491.001,True,Internal Defacement,impact,file,file modification,DeviceFileEvents,DeviceFileEvents,,,Microsoft Defender for Endpoint
T1491.001,True,Internal Defacement,impact,file,file modification,2,A process changed a file creation time.,Microsoft-Windows-Sysmon/Operational,,Microsoft-Windows-Sysmon
T1491.001,True,Internal Defacement,impact,file,file modification,11,FileCreate.,Microsoft-Windows-Sysmon/Operational,,Microsoft-Windows-Sysmon
T1114.002,True,Remote Email Collection,collection,command,command execution,4688,A new process has been created.,Security,Process Creation,Microsoft-Windows-Security-Auditing
T1114.002,True,Remote Email Collection,collection,command,command execution,1,Process Creation.,Microsoft-Windows-Sysmon/Operational,,Microsoft-Windows-Sysmon
T1114.002,True,Remote Email Collection,collection,command,command execution,4103,Module logging.,Microsoft-Windows-PowerShell/Operational,,Microsoft-Windows-PowerShell
T1114.002,True,Remote Email Collection,collection,command,command execution,DeviceProcessEvents,DeviceProcessEvents,,,Microsoft Defender for Endpoint
T1114.002,True,Remote Email Collection,collection,network traffic,network connection creation,5156,The Windows Filtering Platform has permitted a connection.,Security,Filtering Platform Connection,Microsoft-Windows-Security-Auditing
T1114.002,True,Remote Email Collection,collection,network traffic,network connection creation,3,Network connection.,Microsoft-Windows-Sysmon/Operational,,Microsoft-Windows-Sysmon
T1114.002,True,Remote Email Collection,collection,network traffic,network connection creation,DeviceNetworkEvents,DeviceNetworkEvents,,,Microsoft Defender for Endpoint
T1114.002,True,Remote Email Collection,collection,network traffic,network connection creation,5157,The Windows Filtering Platform has blocked a connection.,Security,Filtering Platform Connection,Microsoft-Windows-Security-Auditing
T1114.002,True,Remote Email Collection,collection,network traffic,network connection creation,5154,The Windows Filtering Platform has permitted an application or service to listen on a port for incoming connections.,Security,Filtering Platform Connection,Microsoft-Windows-Security-Auditing
T1114.002,True,Remote Email Collection,collection,network traffic,network connection creation,5159,The Windows Filtering Platform has blocked a bind to a local port.,Security,Filtering Platform Connection,Microsoft-Windows-Security-Auditing
T1114.002,True,Remote Email Collection,collection,network traffic,network connection creation,5155,The Windows Filtering Platform has blocked an application or service from listening on a port for incoming connections.,Security,Filtering Platform Connection,Microsoft-Windows-Security-Auditing
T1114.002,True,Remote Email Collection,collection,network traffic,network connection creation,5031,The Windows Firewall Service blocked an application from accepting incoming connections on the network.,Security,Filtering Platform Connection,Microsoft-Windows-Security-Auditing
T1114.002,True,Remote Email Collection,collection,network traffic,network connection creation,DeviceEvents,DeviceEvents,,,Microsoft Defender for Endpoint
T1114.002,True,Remote Email Collection,collection,network traffic,network connection creation,5158,The Windows Filtering Platform has permitted a bind to a local port.,Security,Filtering Platform Connection,Microsoft-Windows-Security-Auditing
T1114.002,True,Remote Email Collection,collection,logon session,logon session creation,4624,An account was successfully logged on.,Security,Logon,Microsoft-Windows-Security-Auditing
T1114.002,True,Remote Email Collection,collection,logon session,logon session creation,4778,A session was reconnected to a Window Station.,Security,Other Logon/Logoff Events,Microsoft-Windows-Security-Auditing
T1114.002,True,Remote Email Collection,collection,logon session,logon session creation,DeviceLogonEvents,DeviceLogonEvents,,,Microsoft Defender for Endpoint
T1114.002,True,Remote Email Collection,collection,logon session,logon session creation,4964,Special groups have been assigned to a new logon.,Security,Special Logon,Microsoft-Windows-Security-Auditing
T1114.001,True,Local Email Collection,collection,command,command execution,4688,A new process has been created.,Security,Process Creation,Microsoft-Windows-Security-Auditing
T1114.001,True,Local Email Collection,collection,command,command execution,1,Process Creation.,Microsoft-Windows-Sysmon/Operational,,Microsoft-Windows-Sysmon
T1114.001,True,Local Email Collection,collection,command,command execution,4103,Module logging.,Microsoft-Windows-PowerShell/Operational,,Microsoft-Windows-PowerShell
T1114.001,True,Local Email Collection,collection,command,command execution,DeviceProcessEvents,DeviceProcessEvents,,,Microsoft Defender for Endpoint
T1114.001,True,Local Email Collection,collection,file,file access,4656,A handle to an object was requested.,Security,File System,Microsoft-Windows-Security-Auditing
T1114.001,True,Local Email Collection,collection,file,file access,4663,An attempt was made to access an object.,Security,File System,Microsoft-Windows-Security-Auditing
T1114.001,True,Local Email Collection,collection,file,file access,4661,A handle to an object was requested.,Security,SAM,Microsoft-Windows-Security-Auditing
T1134.005,True,SID-History Injection,defense-evasion;privilege-escalation,active directory,active directory object modification,5136,A directory service object was modified.,Security,Directory Service Changes,Microsoft-Windows-Security-Auditing
T1134.005,True,SID-History Injection,defense-evasion;privilege-escalation,active directory,active directory object modification,5139,A directory service object was moved.,Security,Directory Service Changes,Microsoft-Windows-Security-Auditing
T1134.005,True,SID-History Injection,defense-evasion;privilege-escalation,active directory,active directory object modification,4719,System audit policy was changed.,Security,Policy Change,Microsoft-Windows-Security-Auditing
T1134.005,True,SID-History Injection,defense-evasion;privilege-escalation,process,os api execution,8,CreateRemoteThread.,Microsoft-Windows-Sysmon/Operational,,Microsoft-Windows-Sysmon
T1134.005,True,SID-History Injection,defense-evasion;privilege-escalation,process,os api execution,DeviceEvents,DeviceEvents,,,Microsoft Defender for Endpoint
T1134.004,True,Parent PID Spoofing,defense-evasion;privilege-escalation,process,os api execution,8,CreateRemoteThread.,Microsoft-Windows-Sysmon/Operational,,Microsoft-Windows-Sysmon
T1134.004,True,Parent PID Spoofing,defense-evasion;privilege-escalation,process,os api execution,DeviceEvents,DeviceEvents,,,Microsoft Defender for Endpoint
T1134.004,True,Parent PID Spoofing,defense-evasion;privilege-escalation,process,process metadata,5,Process terminated.,Microsoft-Windows-Sysmon/Operational,,Microsoft-Windows-Sysmon
T1134.004,True,Parent PID Spoofing,defense-evasion;privilege-escalation,process,process metadata,30,EventID(30),,,Microsoft-Windows-LDAP-Client/Debug
T1134.004,True,Parent PID Spoofing,defense-evasion;privilege-escalation,process,process metadata,DeviceEvents,DeviceEvents,,,Microsoft Defender for Endpoint
T1134.004,True,Parent PID Spoofing,defense-evasion;privilege-escalation,process,process creation,4688,A new process has been created.,Security,Process Creation,Microsoft-Windows-Security-Auditing
T1134.004,True,Parent PID Spoofing,defense-evasion;privilege-escalation,process,process creation,1,Process Creation.,Microsoft-Windows-Sysmon/Operational,,Microsoft-Windows-Sysmon
T1134.004,True,Parent PID Spoofing,defense-evasion;privilege-escalation,process,process creation,DeviceProcessEvents,DeviceProcessEvents,,,Microsoft Defender for Endpoint
T1134.004,True,Parent PID Spoofing,defense-evasion;privilege-escalation,process,process creation,8,CreateRemoteThread.,Microsoft-Windows-Sysmon/Operational,,Microsoft-Windows-Sysmon
T1134.004,True,Parent PID Spoofing,defense-evasion;privilege-escalation,process,process creation,DeviceEvents,DeviceEvents,,,Microsoft Defender for Endpoint
T1134.003,True,Make and Impersonate Token,defense-evasion;privilege-escalation,process,os api execution,8,CreateRemoteThread.,Microsoft-Windows-Sysmon/Operational,,Microsoft-Windows-Sysmon
T1134.003,True,Make and Impersonate Token,defense-evasion;privilege-escalation,process,os api execution,DeviceEvents,DeviceEvents,,,Microsoft Defender for Endpoint
T1134.003,True,Make and Impersonate Token,defense-evasion;privilege-escalation,command,command execution,4688,A new process has been created.,Security,Process Creation,Microsoft-Windows-Security-Auditing
T1134.003,True,Make and Impersonate Token,defense-evasion;privilege-escalation,command,command execution,1,Process Creation.,Microsoft-Windows-Sysmon/Operational,,Microsoft-Windows-Sysmon
T1134.003,True,Make and Impersonate Token,defense-evasion;privilege-escalation,command,command execution,4103,Module logging.,Microsoft-Windows-PowerShell/Operational,,Microsoft-Windows-PowerShell
T1134.003,True,Make and Impersonate Token,defense-evasion;privilege-escalation,command,command execution,DeviceProcessEvents,DeviceProcessEvents,,,Microsoft Defender for Endpoint
T1134.002,True,Create Process with Token,defense-evasion;privilege-escalation,command,command execution,4688,A new process has been created.,Security,Process Creation,Microsoft-Windows-Security-Auditing
T1134.002,True,Create Process with Token,defense-evasion;privilege-escalation,command,command execution,1,Process Creation.,Microsoft-Windows-Sysmon/Operational,,Microsoft-Windows-Sysmon
T1134.002,True,Create Process with Token,defense-evasion;privilege-escalation,command,command execution,4103,Module logging.,Microsoft-Windows-PowerShell/Operational,,Microsoft-Windows-PowerShell
T1134.002,True,Create Process with Token,defense-evasion;privilege-escalation,command,command execution,DeviceProcessEvents,DeviceProcessEvents,,,Microsoft Defender for Endpoint
T1134.002,True,Create Process with Token,defense-evasion;privilege-escalation,process,os api execution,8,CreateRemoteThread.,Microsoft-Windows-Sysmon/Operational,,Microsoft-Windows-Sysmon
T1134.002,True,Create Process with Token,defense-evasion;privilege-escalation,process,os api execution,DeviceEvents,DeviceEvents,,,Microsoft Defender for Endpoint
T1134.001,True,Token Impersonation/Theft,defense-evasion;privilege-escalation,command,command execution,4688,A new process has been created.,Security,Process Creation,Microsoft-Windows-Security-Auditing
T1134.001,True,Token Impersonation/Theft,defense-evasion;privilege-escalation,command,command execution,1,Process Creation.,Microsoft-Windows-Sysmon/Operational,,Microsoft-Windows-Sysmon
T1134.001,True,Token Impersonation/Theft,defense-evasion;privilege-escalation,command,command execution,4103,Module logging.,Microsoft-Windows-PowerShell/Operational,,Microsoft-Windows-PowerShell
T1134.001,True,Token Impersonation/Theft,defense-evasion;privilege-escalation,command,command execution,DeviceProcessEvents,DeviceProcessEvents,,,Microsoft Defender for Endpoint
T1134.001,True,Token Impersonation/Theft,defense-evasion;privilege-escalation,process,os api execution,8,CreateRemoteThread.,Microsoft-Windows-Sysmon/Operational,,Microsoft-Windows-Sysmon
T1134.001,True,Token Impersonation/Theft,defense-evasion;privilege-escalation,process,os api execution,DeviceEvents,DeviceEvents,,,Microsoft Defender for Endpoint
T1213.002,True,Sharepoint,collection,logon session,logon session creation,4624,An account was successfully logged on.,Security,Logon,Microsoft-Windows-Security-Auditing
T1213.002,True,Sharepoint,collection,logon session,logon session creation,4778,A session was reconnected to a Window Station.,Security,Other Logon/Logoff Events,Microsoft-Windows-Security-Auditing
T1213.002,True,Sharepoint,collection,logon session,logon session creation,DeviceLogonEvents,DeviceLogonEvents,,,Microsoft Defender for Endpoint
T1213.002,True,Sharepoint,collection,logon session,logon session creation,4964,Special groups have been assigned to a new logon.,Security,Special Logon,Microsoft-Windows-Security-Auditing
T1555.003,True,Credentials from Web Browsers,credential-access,file,file access,4656,A handle to an object was requested.,Security,File System,Microsoft-Windows-Security-Auditing
T1555.003,True,Credentials from Web Browsers,credential-access,file,file access,4663,An attempt was made to access an object.,Security,File System,Microsoft-Windows-Security-Auditing
T1555.003,True,Credentials from Web Browsers,credential-access,file,file access,4661,A handle to an object was requested.,Security,SAM,Microsoft-Windows-Security-Auditing
T1555.003,True,Credentials from Web Browsers,credential-access,process,os api execution,8,CreateRemoteThread.,Microsoft-Windows-Sysmon/Operational,,Microsoft-Windows-Sysmon
T1555.003,True,Credentials from Web Browsers,credential-access,process,os api execution,DeviceEvents,DeviceEvents,,,Microsoft Defender for Endpoint
T1555.003,True,Credentials from Web Browsers,credential-access,process,process access,4663,An attempt was made to access an object.,Security,Kernel Object,Microsoft-Windows-Security-Auditing
T1555.003,True,Credentials from Web Browsers,credential-access,process,process access,DeviceEvents,DeviceEvents,,,Microsoft Defender for Endpoint
T1555.003,True,Credentials from Web Browsers,credential-access,process,process access,4656,A handle to an object was requested.,Security,Kernel Object,Microsoft-Windows-Security-Auditing
T1555.003,True,Credentials from Web Browsers,credential-access,process,process access,10,Process Access.,Microsoft-Windows-Sysmon/Operational,,Microsoft-Windows-Sysmon
T1555.003,True,Credentials from Web Browsers,credential-access,process,process access,10,ProcessAccess,Microsoft-Windows-Sysmon/Operational,,Microsoft-Windows-Sysmon
T1555.003,True,Credentials from Web Browsers,credential-access,command,command execution,4688,A new process has been created.,Security,Process Creation,Microsoft-Windows-Security-Auditing
T1555.003,True,Credentials from Web Browsers,credential-access,command,command execution,1,Process Creation.,Microsoft-Windows-Sysmon/Operational,,Microsoft-Windows-Sysmon
T1555.003,True,Credentials from Web Browsers,credential-access,command,command execution,4103,Module logging.,Microsoft-Windows-PowerShell/Operational,,Microsoft-Windows-PowerShell
T1555.003,True,Credentials from Web Browsers,credential-access,command,command execution,DeviceProcessEvents,DeviceProcessEvents,,,Microsoft Defender for Endpoint
T1559.002,True,Dynamic Data Exchange,execution,module,module load,7,Image loaded.,Microsoft-Windows-Sysmon/Operational,,Microsoft-Windows-Sysmon
T1559.002,True,Dynamic Data Exchange,execution,module,module load,DeviceImageLoadEvents,DeviceImageLoadEvents,,,Microsoft Defender for Endpoint
T1559.002,True,Dynamic Data Exchange,execution,script,script execution,4103,Module logging.,Microsoft-Windows-PowerShell/Operational,,Microsoft-Windows-PowerShell
T1559.002,True,Dynamic Data Exchange,execution,script,script execution,4104,Script Block Logging.,Microsoft-Windows-PowerShell/Operational,,Microsoft-Windows-PowerShell
T1559.002,True,Dynamic Data Exchange,execution,script,script execution,DeviceEvents,DeviceEvents,,,Microsoft Defender for Endpoint
T1559.002,True,Dynamic Data Exchange,execution,process,process creation,4688,A new process has been created.,Security,Process Creation,Microsoft-Windows-Security-Auditing
T1559.002,True,Dynamic Data Exchange,execution,process,process creation,1,Process Creation.,Microsoft-Windows-Sysmon/Operational,,Microsoft-Windows-Sysmon
T1559.002,True,Dynamic Data Exchange,execution,process,process creation,DeviceProcessEvents,DeviceProcessEvents,,,Microsoft Defender for Endpoint
T1559.002,True,Dynamic Data Exchange,execution,process,process creation,8,CreateRemoteThread.,Microsoft-Windows-Sysmon/Operational,,Microsoft-Windows-Sysmon
T1559.002,True,Dynamic Data Exchange,execution,process,process creation,DeviceEvents,DeviceEvents,,,Microsoft Defender for Endpoint
T1559.001,True,Component Object Model,execution,process,process creation,4688,A new process has been created.,Security,Process Creation,Microsoft-Windows-Security-Auditing
T1559.001,True,Component Object Model,execution,process,process creation,1,Process Creation.,Microsoft-Windows-Sysmon/Operational,,Microsoft-Windows-Sysmon
T1559.001,True,Component Object Model,execution,process,process creation,DeviceProcessEvents,DeviceProcessEvents,,,Microsoft Defender for Endpoint
T1559.001,True,Component Object Model,execution,process,process creation,8,CreateRemoteThread.,Microsoft-Windows-Sysmon/Operational,,Microsoft-Windows-Sysmon
T1559.001,True,Component Object Model,execution,process,process creation,DeviceEvents,DeviceEvents,,,Microsoft Defender for Endpoint
T1559.001,True,Component Object Model,execution,script,script execution,4103,Module logging.,Microsoft-Windows-PowerShell/Operational,,Microsoft-Windows-PowerShell
T1559.001,True,Component Object Model,execution,script,script execution,4104,Script Block Logging.,Microsoft-Windows-PowerShell/Operational,,Microsoft-Windows-PowerShell
T1559.001,True,Component Object Model,execution,script,script execution,DeviceEvents,DeviceEvents,,,Microsoft Defender for Endpoint
T1559.001,True,Component Object Model,execution,module,module load,7,Image loaded.,Microsoft-Windows-Sysmon/Operational,,Microsoft-Windows-Sysmon
T1559.001,True,Component Object Model,execution,module,module load,DeviceImageLoadEvents,DeviceImageLoadEvents,,,Microsoft Defender for Endpoint
T1559,,Inter-Process Communication,execution,process,process access,4663,An attempt was made to access an object.,Security,Kernel Object,Microsoft-Windows-Security-Auditing
T1559,,Inter-Process Communication,execution,process,process access,DeviceEvents,DeviceEvents,,,Microsoft Defender for Endpoint
T1559,,Inter-Process Communication,execution,process,process access,4656,A handle to an object was requested.,Security,Kernel Object,Microsoft-Windows-Security-Auditing
T1559,,Inter-Process Communication,execution,process,process access,10,Process Access.,Microsoft-Windows-Sysmon/Operational,,Microsoft-Windows-Sysmon
T1559,,Inter-Process Communication,execution,process,process access,10,ProcessAccess,Microsoft-Windows-Sysmon/Operational,,Microsoft-Windows-Sysmon
T1559,,Inter-Process Communication,execution,process,process creation,4688,A new process has been created.,Security,Process Creation,Microsoft-Windows-Security-Auditing
T1559,,Inter-Process Communication,execution,process,process creation,1,Process Creation.,Microsoft-Windows-Sysmon/Operational,,Microsoft-Windows-Sysmon
T1559,,Inter-Process Communication,execution,process,process creation,DeviceProcessEvents,DeviceProcessEvents,,,Microsoft Defender for Endpoint
T1559,,Inter-Process Communication,execution,process,process creation,8,CreateRemoteThread.,Microsoft-Windows-Sysmon/Operational,,Microsoft-Windows-Sysmon
T1559,,Inter-Process Communication,execution,process,process creation,DeviceEvents,DeviceEvents,,,Microsoft Defender for Endpoint
T1559,,Inter-Process Communication,execution,module,module load,7,Image loaded.,Microsoft-Windows-Sysmon/Operational,,Microsoft-Windows-Sysmon
T1559,,Inter-Process Communication,execution,module,module load,DeviceImageLoadEvents,DeviceImageLoadEvents,,,Microsoft Defender for Endpoint
T1559,,Inter-Process Communication,execution,script,script execution,4103,Module logging.,Microsoft-Windows-PowerShell/Operational,,Microsoft-Windows-PowerShell
T1559,,Inter-Process Communication,execution,script,script execution,4104,Script Block Logging.,Microsoft-Windows-PowerShell/Operational,,Microsoft-Windows-PowerShell
T1559,,Inter-Process Communication,execution,script,script execution,DeviceEvents,DeviceEvents,,,Microsoft Defender for Endpoint
T1558.002,True,Silver Ticket,credential-access,logon session,logon session metadata,4703,A token right was adjusted.,Security,Authorization Policy Change,Microsoft-Windows-Security-Auditing
T1558.002,True,Silver Ticket,credential-access,logon session,logon session metadata,4673,A privileged service was called.,Security,Sensitive Privilege Use,Microsoft-Windows-Security-Auditing
T1558.002,True,Silver Ticket,credential-access,logon session,logon session metadata,4674,An operation was attempted on a privileged object.,Security,Sensitive Privilege Use,Microsoft-Windows-Security-Auditing
T1558.002,True,Silver Ticket,credential-access,logon session,logon session metadata,4610,An authentication package has been loaded by the Local Security Authority.,Security,Security System Extension,Microsoft-Windows-Security-Auditing
T1558.002,True,Silver Ticket,credential-access,logon session,logon session metadata,4611,A trusted logon process has been registered with the Local Security Authority.,Security,Security System Extension,Microsoft-Windows-Security-Auditing
T1558.002,True,Silver Ticket,credential-access,logon session,logon session metadata,4614,A notification package has been loaded by the Security Account Manager.,Security,Security System Extension,Microsoft-Windows-Security-Auditing
T1558.002,True,Silver Ticket,credential-access,logon session,logon session metadata,4622,A security package has been loaded by the Local Security Authority.,Security,Security System Extension,Microsoft-Windows-Security-Auditing
T1558.001,True,Golden Ticket,credential-access,active directory,active directory credential request,4768,A Kerberos authentication ticket (TGT) was requested.,Security,Kerberos Authentication Service,Microsoft-Windows-Security-Auditing
T1558.001,True,Golden Ticket,credential-access,active directory,active directory credential request,4769,A Kerberos service ticket was requested.,Security,Kerberos Service Ticket Operations,Microsoft-Windows-Security-Auditing
T1558.001,True,Golden Ticket,credential-access,logon session,logon session metadata,4703,A token right was adjusted.,Security,Authorization Policy Change,Microsoft-Windows-Security-Auditing
T1558.001,True,Golden Ticket,credential-access,logon session,logon session metadata,4673,A privileged service was called.,Security,Sensitive Privilege Use,Microsoft-Windows-Security-Auditing
T1558.001,True,Golden Ticket,credential-access,logon session,logon session metadata,4674,An operation was attempted on a privileged object.,Security,Sensitive Privilege Use,Microsoft-Windows-Security-Auditing
T1558.001,True,Golden Ticket,credential-access,logon session,logon session metadata,4610,An authentication package has been loaded by the Local Security Authority.,Security,Security System Extension,Microsoft-Windows-Security-Auditing
T1558.001,True,Golden Ticket,credential-access,logon session,logon session metadata,4611,A trusted logon process has been registered with the Local Security Authority.,Security,Security System Extension,Microsoft-Windows-Security-Auditing
T1558.001,True,Golden Ticket,credential-access,logon session,logon session metadata,4614,A notification package has been loaded by the Security Account Manager.,Security,Security System Extension,Microsoft-Windows-Security-Auditing
T1558.001,True,Golden Ticket,credential-access,logon session,logon session metadata,4622,A security package has been loaded by the Local Security Authority.,Security,Security System Extension,Microsoft-Windows-Security-Auditing
T1558,,Steal or Forge Kerberos Tickets,credential-access,logon session,logon session metadata,4703,A token right was adjusted.,Security,Authorization Policy Change,Microsoft-Windows-Security-Auditing
T1558,,Steal or Forge Kerberos Tickets,credential-access,logon session,logon session metadata,4673,A privileged service was called.,Security,Sensitive Privilege Use,Microsoft-Windows-Security-Auditing
T1558,,Steal or Forge Kerberos Tickets,credential-access,logon session,logon session metadata,4674,An operation was attempted on a privileged object.,Security,Sensitive Privilege Use,Microsoft-Windows-Security-Auditing
T1558,,Steal or Forge Kerberos Tickets,credential-access,logon session,logon session metadata,4610,An authentication package has been loaded by the Local Security Authority.,Security,Security System Extension,Microsoft-Windows-Security-Auditing
T1558,,Steal or Forge Kerberos Tickets,credential-access,logon session,logon session metadata,4611,A trusted logon process has been registered with the Local Security Authority.,Security,Security System Extension,Microsoft-Windows-Security-Auditing
T1558,,Steal or Forge Kerberos Tickets,credential-access,logon session,logon session metadata,4614,A notification package has been loaded by the Security Account Manager.,Security,Security System Extension,Microsoft-Windows-Security-Auditing
T1558,,Steal or Forge Kerberos Tickets,credential-access,logon session,logon session metadata,4622,A security package has been loaded by the Local Security Authority.,Security,Security System Extension,Microsoft-Windows-Security-Auditing
T1558,,Steal or Forge Kerberos Tickets,credential-access,active directory,active directory credential request,4768,A Kerberos authentication ticket (TGT) was requested.,Security,Kerberos Authentication Service,Microsoft-Windows-Security-Auditing
T1558,,Steal or Forge Kerberos Tickets,credential-access,active directory,active directory credential request,4769,A Kerberos service ticket was requested.,Security,Kerberos Service Ticket Operations,Microsoft-Windows-Security-Auditing
T1558,,Steal or Forge Kerberos Tickets,credential-access,file,file access,4656,A handle to an object was requested.,Security,File System,Microsoft-Windows-Security-Auditing
T1558,,Steal or Forge Kerberos Tickets,credential-access,file,file access,4663,An attempt was made to access an object.,Security,File System,Microsoft-Windows-Security-Auditing
T1558,,Steal or Forge Kerberos Tickets,credential-access,file,file access,4661,A handle to an object was requested.,Security,SAM,Microsoft-Windows-Security-Auditing
T1558,,Steal or Forge Kerberos Tickets,credential-access,command,command execution,4688,A new process has been created.,Security,Process Creation,Microsoft-Windows-Security-Auditing
T1558,,Steal or Forge Kerberos Tickets,credential-access,command,command execution,1,Process Creation.,Microsoft-Windows-Sysmon/Operational,,Microsoft-Windows-Sysmon
T1558,,Steal or Forge Kerberos Tickets,credential-access,command,command execution,4103,Module logging.,Microsoft-Windows-PowerShell/Operational,,Microsoft-Windows-PowerShell
T1558,,Steal or Forge Kerberos Tickets,credential-access,command,command execution,DeviceProcessEvents,DeviceProcessEvents,,,Microsoft Defender for Endpoint
T1557.001,True,LLMNR/NBT-NS Poisoning and SMB Relay,credential-access;collection,windows registry,windows registry key modification,13,RegistryEvent (Value Set).,Microsoft-Windows-Sysmon/Operational,,Microsoft-Windows-Sysmon
T1557.001,True,LLMNR/NBT-NS Poisoning and SMB Relay,credential-access;collection,windows registry,windows registry key modification,14,RegistryEvent (Key and Value Rename).,Microsoft-Windows-Sysmon/Operational,,Microsoft-Windows-Sysmon
T1557.001,True,LLMNR/NBT-NS Poisoning and SMB Relay,credential-access;collection,windows registry,windows registry key modification,4657,A registry value was modified.,Security,Registry,Microsoft-Windows-Security-Auditing
T1557.001,True,LLMNR/NBT-NS Poisoning and SMB Relay,credential-access;collection,windows registry,windows registry key modification,4670,Permissions on an object were changed.,Security,Registry,Microsoft-Windows-Security-Auditing
T1557.001,True,LLMNR/NBT-NS Poisoning and SMB Relay,credential-access;collection,windows registry,windows registry key modification,DeviceRegistryEvents,DeviceRegistryEvents,,,Microsoft Defender for Endpoint
T1557.001,True,LLMNR/NBT-NS Poisoning and SMB Relay,credential-access;collection,service,service creation,4697,A service was installed in the system.,Security,Security System Extension,Microsoft-Windows-Security-Auditing
T1557.001,True,LLMNR/NBT-NS Poisoning and SMB Relay,credential-access;collection,service,service creation,7045,A new service was installed in the system.,System,,Service Control Manager
T1557.001,True,LLMNR/NBT-NS Poisoning and SMB Relay,credential-access;collection,service,service creation,DeviceEvents,DeviceEvents,,,Microsoft Defender for Endpoint
T1557,False,Adversary-in-the-Middle,credential-access;collection,service,service creation,4697,A service was installed in the system.,Security,Security System Extension,Microsoft-Windows-Security-Auditing
T1557,False,Adversary-in-the-Middle,credential-access;collection,service,service creation,7045,A new service was installed in the system.,System,,Service Control Manager
T1557,False,Adversary-in-the-Middle,credential-access;collection,service,service creation,DeviceEvents,DeviceEvents,,,Microsoft Defender for Endpoint
T1557,False,Adversary-in-the-Middle,credential-access;collection,windows registry,windows registry key modification,13,RegistryEvent (Value Set).,Microsoft-Windows-Sysmon/Operational,,Microsoft-Windows-Sysmon
T1557,False,Adversary-in-the-Middle,credential-access;collection,windows registry,windows registry key modification,14,RegistryEvent (Key and Value Rename).,Microsoft-Windows-Sysmon/Operational,,Microsoft-Windows-Sysmon
T1557,False,Adversary-in-the-Middle,credential-access;collection,windows registry,windows registry key modification,4657,A registry value was modified.,Security,Registry,Microsoft-Windows-Security-Auditing
T1557,False,Adversary-in-the-Middle,credential-access;collection,windows registry,windows registry key modification,4670,Permissions on an object were changed.,Security,Registry,Microsoft-Windows-Security-Auditing
T1557,False,Adversary-in-the-Middle,credential-access;collection,windows registry,windows registry key modification,DeviceRegistryEvents,DeviceRegistryEvents,,,Microsoft Defender for Endpoint
T1556.002,True,Password Filter DLL,credential-access;defense-evasion;persistence,module,module load,7,Image loaded.,Microsoft-Windows-Sysmon/Operational,,Microsoft-Windows-Sysmon
T1556.002,True,Password Filter DLL,credential-access;defense-evasion;persistence,module,module load,DeviceImageLoadEvents,DeviceImageLoadEvents,,,Microsoft Defender for Endpoint
T1556.002,True,Password Filter DLL,credential-access;defense-evasion;persistence,windows registry,windows registry key modification,13,RegistryEvent (Value Set).,Microsoft-Windows-Sysmon/Operational,,Microsoft-Windows-Sysmon
T1556.002,True,Password Filter DLL,credential-access;defense-evasion;persistence,windows registry,windows registry key modification,14,RegistryEvent (Key and Value Rename).,Microsoft-Windows-Sysmon/Operational,,Microsoft-Windows-Sysmon
T1556.002,True,Password Filter DLL,credential-access;defense-evasion;persistence,windows registry,windows registry key modification,4657,A registry value was modified.,Security,Registry,Microsoft-Windows-Security-Auditing
T1556.002,True,Password Filter DLL,credential-access;defense-evasion;persistence,windows registry,windows registry key modification,4670,Permissions on an object were changed.,Security,Registry,Microsoft-Windows-Security-Auditing
T1556.002,True,Password Filter DLL,credential-access;defense-evasion;persistence,windows registry,windows registry key modification,DeviceRegistryEvents,DeviceRegistryEvents,,,Microsoft Defender for Endpoint
T1556.002,True,Password Filter DLL,credential-access;defense-evasion;persistence,file,file creation,DeviceFileEvents,DeviceFileEvents,,,Microsoft Defender for Endpoint
T1556.002,True,Password Filter DLL,credential-access;defense-evasion;persistence,file,file creation,4663,An attempt was made to access an object.,Security,File System,Microsoft-Windows-Security-Auditing
T1556.002,True,Password Filter DLL,credential-access;defense-evasion;persistence,file,file creation,11,FileCreate,Microsoft-Windows-Sysmon/Operational,,Microsoft-Windows-Sysmon
T1556.001,True,Domain Controller Authentication,credential-access;defense-evasion;persistence,file,file modification,4670,Permissions on an object were changed.,Security,File System,Microsoft-Windows-Security-Auditing
T1556.001,True,Domain Controller Authentication,credential-access;defense-evasion;persistence,file,file modification,DeviceFileEvents,DeviceFileEvents,,,Microsoft Defender for Endpoint
T1556.001,True,Domain Controller Authentication,credential-access;defense-evasion;persistence,file,file modification,2,A process changed a file creation time.,Microsoft-Windows-Sysmon/Operational,,Microsoft-Windows-Sysmon
T1556.001,True,Domain Controller Authentication,credential-access;defense-evasion;persistence,file,file modification,11,FileCreate.,Microsoft-Windows-Sysmon/Operational,,Microsoft-Windows-Sysmon
T1556.001,True,Domain Controller Authentication,credential-access;defense-evasion;persistence,process,process access,4663,An attempt was made to access an object.,Security,Kernel Object,Microsoft-Windows-Security-Auditing
T1556.001,True,Domain Controller Authentication,credential-access;defense-evasion;persistence,process,process access,DeviceEvents,DeviceEvents,,,Microsoft Defender for Endpoint
T1556.001,True,Domain Controller Authentication,credential-access;defense-evasion;persistence,process,process access,4656,A handle to an object was requested.,Security,Kernel Object,Microsoft-Windows-Security-Auditing
T1556.001,True,Domain Controller Authentication,credential-access;defense-evasion;persistence,process,process access,10,Process Access.,Microsoft-Windows-Sysmon/Operational,,Microsoft-Windows-Sysmon
T1556.001,True,Domain Controller Authentication,credential-access;defense-evasion;persistence,process,process access,10,ProcessAccess,Microsoft-Windows-Sysmon/Operational,,Microsoft-Windows-Sysmon
T1556.001,True,Domain Controller Authentication,credential-access;defense-evasion;persistence,process,os api execution,8,CreateRemoteThread.,Microsoft-Windows-Sysmon/Operational,,Microsoft-Windows-Sysmon
T1556.001,True,Domain Controller Authentication,credential-access;defense-evasion;persistence,process,os api execution,DeviceEvents,DeviceEvents,,,Microsoft Defender for Endpoint
T1556.001,True,Domain Controller Authentication,credential-access;defense-evasion;persistence,logon session,logon session creation,4624,An account was successfully logged on.,Security,Logon,Microsoft-Windows-Security-Auditing
T1556.001,True,Domain Controller Authentication,credential-access;defense-evasion;persistence,logon session,logon session creation,4778,A session was reconnected to a Window Station.,Security,Other Logon/Logoff Events,Microsoft-Windows-Security-Auditing
T1556.001,True,Domain Controller Authentication,credential-access;defense-evasion;persistence,logon session,logon session creation,DeviceLogonEvents,DeviceLogonEvents,,,Microsoft Defender for Endpoint
T1556.001,True,Domain Controller Authentication,credential-access;defense-evasion;persistence,logon session,logon session creation,4964,Special groups have been assigned to a new logon.,Security,Special Logon,Microsoft-Windows-Security-Auditing
T1556,,Modify Authentication Process,credential-access;defense-evasion;persistence,file,file modification,4670,Permissions on an object were changed.,Security,File System,Microsoft-Windows-Security-Auditing
T1556,,Modify Authentication Process,credential-access;defense-evasion;persistence,file,file modification,DeviceFileEvents,DeviceFileEvents,,,Microsoft Defender for Endpoint
T1556,,Modify Authentication Process,credential-access;defense-evasion;persistence,file,file modification,2,A process changed a file creation time.,Microsoft-Windows-Sysmon/Operational,,Microsoft-Windows-Sysmon
T1556,,Modify Authentication Process,credential-access;defense-evasion;persistence,file,file modification,11,FileCreate.,Microsoft-Windows-Sysmon/Operational,,Microsoft-Windows-Sysmon
T1556,,Modify Authentication Process,credential-access;defense-evasion;persistence,file,file creation,DeviceFileEvents,DeviceFileEvents,,,Microsoft Defender for Endpoint
T1556,,Modify Authentication Process,credential-access;defense-evasion;persistence,file,file creation,4663,An attempt was made to access an object.,Security,File System,Microsoft-Windows-Security-Auditing
T1556,,Modify Authentication Process,credential-access;defense-evasion;persistence,file,file creation,11,FileCreate,Microsoft-Windows-Sysmon/Operational,,Microsoft-Windows-Sysmon
T1556,,Modify Authentication Process,credential-access;defense-evasion;persistence,logon session,logon session creation,4624,An account was successfully logged on.,Security,Logon,Microsoft-Windows-Security-Auditing
T1556,,Modify Authentication Process,credential-access;defense-evasion;persistence,logon session,logon session creation,4778,A session was reconnected to a Window Station.,Security,Other Logon/Logoff Events,Microsoft-Windows-Security-Auditing
T1556,,Modify Authentication Process,credential-access;defense-evasion;persistence,logon session,logon session creation,DeviceLogonEvents,DeviceLogonEvents,,,Microsoft Defender for Endpoint
T1556,,Modify Authentication Process,credential-access;defense-evasion;persistence,logon session,logon session creation,4964,Special groups have been assigned to a new logon.,Security,Special Logon,Microsoft-Windows-Security-Auditing
T1556,,Modify Authentication Process,credential-access;defense-evasion;persistence,process,os api execution,8,CreateRemoteThread.,Microsoft-Windows-Sysmon/Operational,,Microsoft-Windows-Sysmon
T1556,,Modify Authentication Process,credential-access;defense-evasion;persistence,process,os api execution,DeviceEvents,DeviceEvents,,,Microsoft Defender for Endpoint
T1556,,Modify Authentication Process,credential-access;defense-evasion;persistence,process,process access,4663,An attempt was made to access an object.,Security,Kernel Object,Microsoft-Windows-Security-Auditing
T1556,,Modify Authentication Process,credential-access;defense-evasion;persistence,process,process access,DeviceEvents,DeviceEvents,,,Microsoft Defender for Endpoint
T1556,,Modify Authentication Process,credential-access;defense-evasion;persistence,process,process access,4656,A handle to an object was requested.,Security,Kernel Object,Microsoft-Windows-Security-Auditing
T1556,,Modify Authentication Process,credential-access;defense-evasion;persistence,process,process access,10,Process Access.,Microsoft-Windows-Sysmon/Operational,,Microsoft-Windows-Sysmon
T1556,,Modify Authentication Process,credential-access;defense-evasion;persistence,process,process access,10,ProcessAccess,Microsoft-Windows-Sysmon/Operational,,Microsoft-Windows-Sysmon
T1556,,Modify Authentication Process,credential-access;defense-evasion;persistence,windows registry,windows registry key modification,13,RegistryEvent (Value Set).,Microsoft-Windows-Sysmon/Operational,,Microsoft-Windows-Sysmon
T1556,,Modify Authentication Process,credential-access;defense-evasion;persistence,windows registry,windows registry key modification,14,RegistryEvent (Key and Value Rename).,Microsoft-Windows-Sysmon/Operational,,Microsoft-Windows-Sysmon
T1556,,Modify Authentication Process,credential-access;defense-evasion;persistence,windows registry,windows registry key modification,4657,A registry value was modified.,Security,Registry,Microsoft-Windows-Security-Auditing
T1556,,Modify Authentication Process,credential-access;defense-evasion;persistence,windows registry,windows registry key modification,4670,Permissions on an object were changed.,Security,Registry,Microsoft-Windows-Security-Auditing
T1556,,Modify Authentication Process,credential-access;defense-evasion;persistence,windows registry,windows registry key modification,DeviceRegistryEvents,DeviceRegistryEvents,,,Microsoft Defender for Endpoint
T1556,,Modify Authentication Process,credential-access;defense-evasion;persistence,module,module load,7,Image loaded.,Microsoft-Windows-Sysmon/Operational,,Microsoft-Windows-Sysmon
T1556,,Modify Authentication Process,credential-access;defense-evasion;persistence,module,module load,DeviceImageLoadEvents,DeviceImageLoadEvents,,,Microsoft Defender for Endpoint
T1056.004,True,Credential API Hooking,collection;credential-access,process,process metadata,5,Process terminated.,Microsoft-Windows-Sysmon/Operational,,Microsoft-Windows-Sysmon
T1056.004,True,Credential API Hooking,collection;credential-access,process,process metadata,30,EventID(30),,,Microsoft-Windows-LDAP-Client/Debug
T1056.004,True,Credential API Hooking,collection;credential-access,process,process metadata,DeviceEvents,DeviceEvents,,,Microsoft Defender for Endpoint
T1056.004,True,Credential API Hooking,collection;credential-access,process,os api execution,8,CreateRemoteThread.,Microsoft-Windows-Sysmon/Operational,,Microsoft-Windows-Sysmon
T1056.004,True,Credential API Hooking,collection;credential-access,process,os api execution,DeviceEvents,DeviceEvents,,,Microsoft Defender for Endpoint
T1056.003,True,Web Portal Capture,collection;credential-access,file,file modification,4670,Permissions on an object were changed.,Security,File System,Microsoft-Windows-Security-Auditing
T1056.003,True,Web Portal Capture,collection;credential-access,file,file modification,DeviceFileEvents,DeviceFileEvents,,,Microsoft Defender for Endpoint
T1056.003,True,Web Portal Capture,collection;credential-access,file,file modification,2,A process changed a file creation time.,Microsoft-Windows-Sysmon/Operational,,Microsoft-Windows-Sysmon
T1056.003,True,Web Portal Capture,collection;credential-access,file,file modification,11,FileCreate.,Microsoft-Windows-Sysmon/Operational,,Microsoft-Windows-Sysmon
T1056.002,True,GUI Input Capture,collection;credential-access,script,script execution,4103,Module logging.,Microsoft-Windows-PowerShell/Operational,,Microsoft-Windows-PowerShell
T1056.002,True,GUI Input Capture,collection;credential-access,script,script execution,4104,Script Block Logging.,Microsoft-Windows-PowerShell/Operational,,Microsoft-Windows-PowerShell
T1056.002,True,GUI Input Capture,collection;credential-access,script,script execution,DeviceEvents,DeviceEvents,,,Microsoft Defender for Endpoint
T1056.002,True,GUI Input Capture,collection;credential-access,process,process creation,4688,A new process has been created.,Security,Process Creation,Microsoft-Windows-Security-Auditing
T1056.002,True,GUI Input Capture,collection;credential-access,process,process creation,1,Process Creation.,Microsoft-Windows-Sysmon/Operational,,Microsoft-Windows-Sysmon
T1056.002,True,GUI Input Capture,collection;credential-access,process,process creation,DeviceProcessEvents,DeviceProcessEvents,,,Microsoft Defender for Endpoint
T1056.002,True,GUI Input Capture,collection;credential-access,process,process creation,8,CreateRemoteThread.,Microsoft-Windows-Sysmon/Operational,,Microsoft-Windows-Sysmon
T1056.002,True,GUI Input Capture,collection;credential-access,process,process creation,DeviceEvents,DeviceEvents,,,Microsoft Defender for Endpoint
T1056.002,True,GUI Input Capture,collection;credential-access,command,command execution,4688,A new process has been created.,Security,Process Creation,Microsoft-Windows-Security-Auditing
T1056.002,True,GUI Input Capture,collection;credential-access,command,command execution,1,Process Creation.,Microsoft-Windows-Sysmon/Operational,,Microsoft-Windows-Sysmon
T1056.002,True,GUI Input Capture,collection;credential-access,command,command execution,4103,Module logging.,Microsoft-Windows-PowerShell/Operational,,Microsoft-Windows-PowerShell
T1056.002,True,GUI Input Capture,collection;credential-access,command,command execution,DeviceProcessEvents,DeviceProcessEvents,,,Microsoft Defender for Endpoint
T1056.001,True,Keylogging,collection;credential-access,process,os api execution,8,CreateRemoteThread.,Microsoft-Windows-Sysmon/Operational,,Microsoft-Windows-Sysmon
T1056.001,True,Keylogging,collection;credential-access,process,os api execution,DeviceEvents,DeviceEvents,,,Microsoft Defender for Endpoint
T1056.001,True,Keylogging,collection;credential-access,windows registry,windows registry key modification,13,RegistryEvent (Value Set).,Microsoft-Windows-Sysmon/Operational,,Microsoft-Windows-Sysmon
T1056.001,True,Keylogging,collection;credential-access,windows registry,windows registry key modification,14,RegistryEvent (Key and Value Rename).,Microsoft-Windows-Sysmon/Operational,,Microsoft-Windows-Sysmon
T1056.001,True,Keylogging,collection;credential-access,windows registry,windows registry key modification,4657,A registry value was modified.,Security,Registry,Microsoft-Windows-Security-Auditing
T1056.001,True,Keylogging,collection;credential-access,windows registry,windows registry key modification,4670,Permissions on an object were changed.,Security,Registry,Microsoft-Windows-Security-Auditing
T1056.001,True,Keylogging,collection;credential-access,windows registry,windows registry key modification,DeviceRegistryEvents,DeviceRegistryEvents,,,Microsoft Defender for Endpoint
T1056.001,True,Keylogging,collection;credential-access,driver,driver load,6,Driver loaded.,Microsoft-Windows-Sysmon/Operational,,Microsoft-Windows-Sysmon
T1056.001,True,Keylogging,collection;credential-access,driver,driver load,DeviceEvents,DeviceEvents,,,Microsoft Defender for Endpoint
T1555,,Credentials from Password Stores,credential-access,file,file access,4656,A handle to an object was requested.,Security,File System,Microsoft-Windows-Security-Auditing
T1555,,Credentials from Password Stores,credential-access,file,file access,4663,An attempt was made to access an object.,Security,File System,Microsoft-Windows-Security-Auditing
T1555,,Credentials from Password Stores,credential-access,file,file access,4661,A handle to an object was requested.,Security,SAM,Microsoft-Windows-Security-Auditing
T1555,,Credentials from Password Stores,credential-access,process,process access,4663,An attempt was made to access an object.,Security,Kernel Object,Microsoft-Windows-Security-Auditing
T1555,,Credentials from Password Stores,credential-access,process,process access,DeviceEvents,DeviceEvents,,,Microsoft Defender for Endpoint
T1555,,Credentials from Password Stores,credential-access,process,process access,4656,A handle to an object was requested.,Security,Kernel Object,Microsoft-Windows-Security-Auditing
T1555,,Credentials from Password Stores,credential-access,process,process access,10,Process Access.,Microsoft-Windows-Sysmon/Operational,,Microsoft-Windows-Sysmon
T1555,,Credentials from Password Stores,credential-access,process,process access,10,ProcessAccess,Microsoft-Windows-Sysmon/Operational,,Microsoft-Windows-Sysmon
T1555,,Credentials from Password Stores,credential-access,process,process creation,4688,A new process has been created.,Security,Process Creation,Microsoft-Windows-Security-Auditing
T1555,,Credentials from Password Stores,credential-access,process,process creation,1,Process Creation.,Microsoft-Windows-Sysmon/Operational,,Microsoft-Windows-Sysmon
T1555,,Credentials from Password Stores,credential-access,process,process creation,DeviceProcessEvents,DeviceProcessEvents,,,Microsoft Defender for Endpoint
T1555,,Credentials from Password Stores,credential-access,process,process creation,8,CreateRemoteThread.,Microsoft-Windows-Sysmon/Operational,,Microsoft-Windows-Sysmon
T1555,,Credentials from Password Stores,credential-access,process,process creation,DeviceEvents,DeviceEvents,,,Microsoft Defender for Endpoint
T1555,,Credentials from Password Stores,credential-access,process,os api execution,8,CreateRemoteThread.,Microsoft-Windows-Sysmon/Operational,,Microsoft-Windows-Sysmon
T1555,,Credentials from Password Stores,credential-access,process,os api execution,DeviceEvents,DeviceEvents,,,Microsoft Defender for Endpoint
T1555,,Credentials from Password Stores,credential-access,command,command execution,4688,A new process has been created.,Security,Process Creation,Microsoft-Windows-Security-Auditing
T1555,,Credentials from Password Stores,credential-access,command,command execution,1,Process Creation.,Microsoft-Windows-Sysmon/Operational,,Microsoft-Windows-Sysmon
T1555,,Credentials from Password Stores,credential-access,command,command execution,4103,Module logging.,Microsoft-Windows-PowerShell/Operational,,Microsoft-Windows-PowerShell
T1555,,Credentials from Password Stores,credential-access,command,command execution,DeviceProcessEvents,DeviceProcessEvents,,,Microsoft Defender for Endpoint
T1003.006,True,DCSync,credential-access,active directory,active directory object access,4661,A handle to an object was requested.,Security,Directory Service Access,Microsoft-Windows-Security-Auditing
T1003.006,True,DCSync,credential-access,active directory,active directory object access,4662,An operation was performed on an object.,Security,Directory Service Access,Microsoft-Windows-Security-Auditing
T1003.006,True,DCSync,credential-access,active directory,active directory object access,4932,Synchronization of a replica of an Active Directory naming context has begun.,Security,Directory Service Replication,Microsoft-Windows-Security-Auditing
T1558.003,True,Kerberoasting,credential-access,active directory,active directory credential request,4768,A Kerberos authentication ticket (TGT) was requested.,Security,Kerberos Authentication Service,Microsoft-Windows-Security-Auditing
T1558.003,True,Kerberoasting,credential-access,active directory,active directory credential request,4769,A Kerberos service ticket was requested.,Security,Kerberos Service Ticket Operations,Microsoft-Windows-Security-Auditing
T1552.006,True,Group Policy Preferences,credential-access,file,file access,4656,A handle to an object was requested.,Security,File System,Microsoft-Windows-Security-Auditing
T1552.006,True,Group Policy Preferences,credential-access,file,file access,4663,An attempt was made to access an object.,Security,File System,Microsoft-Windows-Security-Auditing
T1552.006,True,Group Policy Preferences,credential-access,file,file access,4661,A handle to an object was requested.,Security,SAM,Microsoft-Windows-Security-Auditing
T1552.006,True,Group Policy Preferences,credential-access,command,command execution,4688,A new process has been created.,Security,Process Creation,Microsoft-Windows-Security-Auditing
T1552.006,True,Group Policy Preferences,credential-access,command,command execution,1,Process Creation.,Microsoft-Windows-Sysmon/Operational,,Microsoft-Windows-Sysmon
T1552.006,True,Group Policy Preferences,credential-access,command,command execution,4103,Module logging.,Microsoft-Windows-PowerShell/Operational,,Microsoft-Windows-PowerShell
T1552.006,True,Group Policy Preferences,credential-access,command,command execution,DeviceProcessEvents,DeviceProcessEvents,,,Microsoft Defender for Endpoint
T1003.003,True,NTDS,credential-access,command,command execution,4688,A new process has been created.,Security,Process Creation,Microsoft-Windows-Security-Auditing
T1003.003,True,NTDS,credential-access,command,command execution,1,Process Creation.,Microsoft-Windows-Sysmon/Operational,,Microsoft-Windows-Sysmon
T1003.003,True,NTDS,credential-access,command,command execution,4103,Module logging.,Microsoft-Windows-PowerShell/Operational,,Microsoft-Windows-PowerShell
T1003.003,True,NTDS,credential-access,command,command execution,DeviceProcessEvents,DeviceProcessEvents,,,Microsoft Defender for Endpoint
T1003.003,True,NTDS,credential-access,file,file access,4656,A handle to an object was requested.,Security,File System,Microsoft-Windows-Security-Auditing
T1003.003,True,NTDS,credential-access,file,file access,4663,An attempt was made to access an object.,Security,File System,Microsoft-Windows-Security-Auditing
T1003.003,True,NTDS,credential-access,file,file access,4661,A handle to an object was requested.,Security,SAM,Microsoft-Windows-Security-Auditing
T1003.002,True,Security Account Manager,credential-access,command,command execution,4688,A new process has been created.,Security,Process Creation,Microsoft-Windows-Security-Auditing
T1003.002,True,Security Account Manager,credential-access,command,command execution,1,Process Creation.,Microsoft-Windows-Sysmon/Operational,,Microsoft-Windows-Sysmon
T1003.002,True,Security Account Manager,credential-access,command,command execution,4103,Module logging.,Microsoft-Windows-PowerShell/Operational,,Microsoft-Windows-PowerShell
T1003.002,True,Security Account Manager,credential-access,command,command execution,DeviceProcessEvents,DeviceProcessEvents,,,Microsoft Defender for Endpoint
T1003.002,True,Security Account Manager,credential-access,windows registry,windows registry key access,4663,An attempt was made to access an object.,Security,Registry,Microsoft-Windows-Security-Auditing
T1003.002,True,Security Account Manager,credential-access,windows registry,windows registry key access,4656,A handle to an object was requested.,Security,Registry,Microsoft-Windows-Security-Auditing
T1003.002,True,Security Account Manager,credential-access,file,file access,4656,A handle to an object was requested.,Security,File System,Microsoft-Windows-Security-Auditing
T1003.002,True,Security Account Manager,credential-access,file,file access,4663,An attempt was made to access an object.,Security,File System,Microsoft-Windows-Security-Auditing
T1003.002,True,Security Account Manager,credential-access,file,file access,4661,A handle to an object was requested.,Security,SAM,Microsoft-Windows-Security-Auditing
T1003.001,True,LSASS Memory,credential-access,command,command execution,4688,A new process has been created.,Security,Process Creation,Microsoft-Windows-Security-Auditing
T1003.001,True,LSASS Memory,credential-access,command,command execution,1,Process Creation.,Microsoft-Windows-Sysmon/Operational,,Microsoft-Windows-Sysmon
T1003.001,True,LSASS Memory,credential-access,command,command execution,4103,Module logging.,Microsoft-Windows-PowerShell/Operational,,Microsoft-Windows-PowerShell
T1003.001,True,LSASS Memory,credential-access,command,command execution,DeviceProcessEvents,DeviceProcessEvents,,,Microsoft Defender for Endpoint
T1003.001,True,LSASS Memory,credential-access,process,os api execution,8,CreateRemoteThread.,Microsoft-Windows-Sysmon/Operational,,Microsoft-Windows-Sysmon
T1003.001,True,LSASS Memory,credential-access,process,os api execution,DeviceEvents,DeviceEvents,,,Microsoft Defender for Endpoint
T1003.001,True,LSASS Memory,credential-access,process,process access,4663,An attempt was made to access an object.,Security,Kernel Object,Microsoft-Windows-Security-Auditing
T1003.001,True,LSASS Memory,credential-access,process,process access,DeviceEvents,DeviceEvents,,,Microsoft Defender for Endpoint
T1003.001,True,LSASS Memory,credential-access,process,process access,4656,A handle to an object was requested.,Security,Kernel Object,Microsoft-Windows-Security-Auditing
T1003.001,True,LSASS Memory,credential-access,process,process access,10,Process Access.,Microsoft-Windows-Sysmon/Operational,,Microsoft-Windows-Sysmon
T1003.001,True,LSASS Memory,credential-access,process,process access,10,ProcessAccess,Microsoft-Windows-Sysmon/Operational,,Microsoft-Windows-Sysmon
T1003.001,True,LSASS Memory,credential-access,process,process creation,4688,A new process has been created.,Security,Process Creation,Microsoft-Windows-Security-Auditing
T1003.001,True,LSASS Memory,credential-access,process,process creation,1,Process Creation.,Microsoft-Windows-Sysmon/Operational,,Microsoft-Windows-Sysmon
T1003.001,True,LSASS Memory,credential-access,process,process creation,DeviceProcessEvents,DeviceProcessEvents,,,Microsoft Defender for Endpoint
T1003.001,True,LSASS Memory,credential-access,process,process creation,8,CreateRemoteThread.,Microsoft-Windows-Sysmon/Operational,,Microsoft-Windows-Sysmon
T1003.001,True,LSASS Memory,credential-access,process,process creation,DeviceEvents,DeviceEvents,,,Microsoft Defender for Endpoint
T1110.004,True,Credential Stuffing,credential-access,user account,user account authentication,4624,An account was successfully logged on.,Security,Logon,Microsoft-Windows-Security-Auditing
T1110.004,True,Credential Stuffing,credential-access,user account,user account authentication,4625,An account failed to log on.,Security,Account Lockout,Microsoft-Windows-Security-Auditing
T1110.004,True,Credential Stuffing,credential-access,user account,user account authentication,4648,A logon was attempted using explicit credentials.,Security,Logon,Microsoft-Windows-Security-Auditing
T1110.004,True,Credential Stuffing,credential-access,user account,user account authentication,DeviceLogonEvents,DeviceLogonEvents,,,Microsoft Defender for Endpoint
T1110.004,True,Credential Stuffing,credential-access,user account,user account authentication,4776,The domain controller or local computer attempted to validate the credentials for an account.,Security,Credential Validation,Microsoft-Windows-Security-Auditing
T1110.003,True,Password Spraying,credential-access,user account,user account authentication,4624,An account was successfully logged on.,Security,Logon,Microsoft-Windows-Security-Auditing
T1110.003,True,Password Spraying,credential-access,user account,user account authentication,4625,An account failed to log on.,Security,Account Lockout,Microsoft-Windows-Security-Auditing
T1110.003,True,Password Spraying,credential-access,user account,user account authentication,4648,A logon was attempted using explicit credentials.,Security,Logon,Microsoft-Windows-Security-Auditing
T1110.003,True,Password Spraying,credential-access,user account,user account authentication,DeviceLogonEvents,DeviceLogonEvents,,,Microsoft Defender for Endpoint
T1110.003,True,Password Spraying,credential-access,user account,user account authentication,4776,The domain controller or local computer attempted to validate the credentials for an account.,Security,Credential Validation,Microsoft-Windows-Security-Auditing
T1110.002,True,Password Cracking,credential-access,user account,user account authentication,4624,An account was successfully logged on.,Security,Logon,Microsoft-Windows-Security-Auditing
T1110.002,True,Password Cracking,credential-access,user account,user account authentication,4625,An account failed to log on.,Security,Account Lockout,Microsoft-Windows-Security-Auditing
T1110.002,True,Password Cracking,credential-access,user account,user account authentication,4648,A logon was attempted using explicit credentials.,Security,Logon,Microsoft-Windows-Security-Auditing
T1110.002,True,Password Cracking,credential-access,user account,user account authentication,DeviceLogonEvents,DeviceLogonEvents,,,Microsoft Defender for Endpoint
T1110.002,True,Password Cracking,credential-access,user account,user account authentication,4776,The domain controller or local computer attempted to validate the credentials for an account.,Security,Credential Validation,Microsoft-Windows-Security-Auditing
T1110.001,True,Password Guessing,credential-access,user account,user account authentication,4624,An account was successfully logged on.,Security,Logon,Microsoft-Windows-Security-Auditing
T1110.001,True,Password Guessing,credential-access,user account,user account authentication,4625,An account failed to log on.,Security,Account Lockout,Microsoft-Windows-Security-Auditing
T1110.001,True,Password Guessing,credential-access,user account,user account authentication,4648,A logon was attempted using explicit credentials.,Security,Logon,Microsoft-Windows-Security-Auditing
T1110.001,True,Password Guessing,credential-access,user account,user account authentication,DeviceLogonEvents,DeviceLogonEvents,,,Microsoft Defender for Endpoint
T1110.001,True,Password Guessing,credential-access,user account,user account authentication,4776,The domain controller or local computer attempted to validate the credentials for an account.,Security,Credential Validation,Microsoft-Windows-Security-Auditing
T1021.006,True,Windows Remote Management,lateral-movement,command,command execution,4688,A new process has been created.,Security,Process Creation,Microsoft-Windows-Security-Auditing
T1021.006,True,Windows Remote Management,lateral-movement,command,command execution,1,Process Creation.,Microsoft-Windows-Sysmon/Operational,,Microsoft-Windows-Sysmon
T1021.006,True,Windows Remote Management,lateral-movement,command,command execution,4103,Module logging.,Microsoft-Windows-PowerShell/Operational,,Microsoft-Windows-PowerShell
T1021.006,True,Windows Remote Management,lateral-movement,command,command execution,DeviceProcessEvents,DeviceProcessEvents,,,Microsoft Defender for Endpoint
T1021.006,True,Windows Remote Management,lateral-movement,network traffic,network connection creation,5156,The Windows Filtering Platform has permitted a connection.,Security,Filtering Platform Connection,Microsoft-Windows-Security-Auditing
T1021.006,True,Windows Remote Management,lateral-movement,network traffic,network connection creation,3,Network connection.,Microsoft-Windows-Sysmon/Operational,,Microsoft-Windows-Sysmon
T1021.006,True,Windows Remote Management,lateral-movement,network traffic,network connection creation,DeviceNetworkEvents,DeviceNetworkEvents,,,Microsoft Defender for Endpoint
T1021.006,True,Windows Remote Management,lateral-movement,network traffic,network connection creation,5157,The Windows Filtering Platform has blocked a connection.,Security,Filtering Platform Connection,Microsoft-Windows-Security-Auditing
T1021.006,True,Windows Remote Management,lateral-movement,network traffic,network connection creation,5154,The Windows Filtering Platform has permitted an application or service to listen on a port for incoming connections.,Security,Filtering Platform Connection,Microsoft-Windows-Security-Auditing
T1021.006,True,Windows Remote Management,lateral-movement,network traffic,network connection creation,5159,The Windows Filtering Platform has blocked a bind to a local port.,Security,Filtering Platform Connection,Microsoft-Windows-Security-Auditing
T1021.006,True,Windows Remote Management,lateral-movement,network traffic,network connection creation,5155,The Windows Filtering Platform has blocked an application or service from listening on a port for incoming connections.,Security,Filtering Platform Connection,Microsoft-Windows-Security-Auditing
T1021.006,True,Windows Remote Management,lateral-movement,network traffic,network connection creation,5031,The Windows Firewall Service blocked an application from accepting incoming connections on the network.,Security,Filtering Platform Connection,Microsoft-Windows-Security-Auditing
T1021.006,True,Windows Remote Management,lateral-movement,network traffic,network connection creation,DeviceEvents,DeviceEvents,,,Microsoft Defender for Endpoint
T1021.006,True,Windows Remote Management,lateral-movement,network traffic,network connection creation,5158,The Windows Filtering Platform has permitted a bind to a local port.,Security,Filtering Platform Connection,Microsoft-Windows-Security-Auditing
T1021.006,True,Windows Remote Management,lateral-movement,process,process creation,4688,A new process has been created.,Security,Process Creation,Microsoft-Windows-Security-Auditing
T1021.006,True,Windows Remote Management,lateral-movement,process,process creation,1,Process Creation.,Microsoft-Windows-Sysmon/Operational,,Microsoft-Windows-Sysmon
T1021.006,True,Windows Remote Management,lateral-movement,process,process creation,DeviceProcessEvents,DeviceProcessEvents,,,Microsoft Defender for Endpoint
T1021.006,True,Windows Remote Management,lateral-movement,process,process creation,8,CreateRemoteThread.,Microsoft-Windows-Sysmon/Operational,,Microsoft-Windows-Sysmon
T1021.006,True,Windows Remote Management,lateral-movement,process,process creation,DeviceEvents,DeviceEvents,,,Microsoft Defender for Endpoint
T1021.006,True,Windows Remote Management,lateral-movement,service,service metadata,4,Sysmon service state changed.,Microsoft-Windows-Sysmon/Operational,,Microsoft-Windows-Sysmon
T1021.006,True,Windows Remote Management,lateral-movement,service,service metadata,6006,The Event log service was stopped.,System,,EventLog
T1021.006,True,Windows Remote Management,lateral-movement,service,service metadata,6005,The Event log service was started.,System,,EventLog
T1021.006,True,Windows Remote Management,lateral-movement,logon session,logon session creation,4624,An account was successfully logged on.,Security,Logon,Microsoft-Windows-Security-Auditing
T1021.006,True,Windows Remote Management,lateral-movement,logon session,logon session creation,4778,A session was reconnected to a Window Station.,Security,Other Logon/Logoff Events,Microsoft-Windows-Security-Auditing
T1021.006,True,Windows Remote Management,lateral-movement,logon session,logon session creation,DeviceLogonEvents,DeviceLogonEvents,,,Microsoft Defender for Endpoint
T1021.006,True,Windows Remote Management,lateral-movement,logon session,logon session creation,4964,Special groups have been assigned to a new logon.,Security,Special Logon,Microsoft-Windows-Security-Auditing
T1021.005,True,VNC,lateral-movement,process,process creation,4688,A new process has been created.,Security,Process Creation,Microsoft-Windows-Security-Auditing
T1021.005,True,VNC,lateral-movement,process,process creation,1,Process Creation.,Microsoft-Windows-Sysmon/Operational,,Microsoft-Windows-Sysmon
T1021.005,True,VNC,lateral-movement,process,process creation,DeviceProcessEvents,DeviceProcessEvents,,,Microsoft Defender for Endpoint
T1021.005,True,VNC,lateral-movement,process,process creation,8,CreateRemoteThread.,Microsoft-Windows-Sysmon/Operational,,Microsoft-Windows-Sysmon
T1021.005,True,VNC,lateral-movement,process,process creation,DeviceEvents,DeviceEvents,,,Microsoft Defender for Endpoint
T1021.005,True,VNC,lateral-movement,network traffic,network connection creation,5156,The Windows Filtering Platform has permitted a connection.,Security,Filtering Platform Connection,Microsoft-Windows-Security-Auditing
T1021.005,True,VNC,lateral-movement,network traffic,network connection creation,3,Network connection.,Microsoft-Windows-Sysmon/Operational,,Microsoft-Windows-Sysmon
T1021.005,True,VNC,lateral-movement,network traffic,network connection creation,DeviceNetworkEvents,DeviceNetworkEvents,,,Microsoft Defender for Endpoint
T1021.005,True,VNC,lateral-movement,network traffic,network connection creation,5157,The Windows Filtering Platform has blocked a connection.,Security,Filtering Platform Connection,Microsoft-Windows-Security-Auditing
T1021.005,True,VNC,lateral-movement,network traffic,network connection creation,5154,The Windows Filtering Platform has permitted an application or service to listen on a port for incoming connections.,Security,Filtering Platform Connection,Microsoft-Windows-Security-Auditing
T1021.005,True,VNC,lateral-movement,network traffic,network connection creation,5159,The Windows Filtering Platform has blocked a bind to a local port.,Security,Filtering Platform Connection,Microsoft-Windows-Security-Auditing
T1021.005,True,VNC,lateral-movement,network traffic,network connection creation,5155,The Windows Filtering Platform has blocked an application or service from listening on a port for incoming connections.,Security,Filtering Platform Connection,Microsoft-Windows-Security-Auditing
T1021.005,True,VNC,lateral-movement,network traffic,network connection creation,5031,The Windows Firewall Service blocked an application from accepting incoming connections on the network.,Security,Filtering Platform Connection,Microsoft-Windows-Security-Auditing
T1021.005,True,VNC,lateral-movement,network traffic,network connection creation,DeviceEvents,DeviceEvents,,,Microsoft Defender for Endpoint
T1021.005,True,VNC,lateral-movement,network traffic,network connection creation,5158,The Windows Filtering Platform has permitted a bind to a local port.,Security,Filtering Platform Connection,Microsoft-Windows-Security-Auditing
T1021.005,True,VNC,lateral-movement,logon session,logon session creation,4624,An account was successfully logged on.,Security,Logon,Microsoft-Windows-Security-Auditing
T1021.005,True,VNC,lateral-movement,logon session,logon session creation,4778,A session was reconnected to a Window Station.,Security,Other Logon/Logoff Events,Microsoft-Windows-Security-Auditing
T1021.005,True,VNC,lateral-movement,logon session,logon session creation,DeviceLogonEvents,DeviceLogonEvents,,,Microsoft Defender for Endpoint
T1021.005,True,VNC,lateral-movement,logon session,logon session creation,4964,Special groups have been assigned to a new logon.,Security,Special Logon,Microsoft-Windows-Security-Auditing
T1021.003,True,Distributed Component Object Model,lateral-movement,network traffic,network connection creation,5156,The Windows Filtering Platform has permitted a connection.,Security,Filtering Platform Connection,Microsoft-Windows-Security-Auditing
T1021.003,True,Distributed Component Object Model,lateral-movement,network traffic,network connection creation,3,Network connection.,Microsoft-Windows-Sysmon/Operational,,Microsoft-Windows-Sysmon
T1021.003,True,Distributed Component Object Model,lateral-movement,network traffic,network connection creation,DeviceNetworkEvents,DeviceNetworkEvents,,,Microsoft Defender for Endpoint
T1021.003,True,Distributed Component Object Model,lateral-movement,network traffic,network connection creation,5157,The Windows Filtering Platform has blocked a connection.,Security,Filtering Platform Connection,Microsoft-Windows-Security-Auditing
T1021.003,True,Distributed Component Object Model,lateral-movement,network traffic,network connection creation,5154,The Windows Filtering Platform has permitted an application or service to listen on a port for incoming connections.,Security,Filtering Platform Connection,Microsoft-Windows-Security-Auditing
T1021.003,True,Distributed Component Object Model,lateral-movement,network traffic,network connection creation,5159,The Windows Filtering Platform has blocked a bind to a local port.,Security,Filtering Platform Connection,Microsoft-Windows-Security-Auditing
T1021.003,True,Distributed Component Object Model,lateral-movement,network traffic,network connection creation,5155,The Windows Filtering Platform has blocked an application or service from listening on a port for incoming connections.,Security,Filtering Platform Connection,Microsoft-Windows-Security-Auditing
T1021.003,True,Distributed Component Object Model,lateral-movement,network traffic,network connection creation,5031,The Windows Firewall Service blocked an application from accepting incoming connections on the network.,Security,Filtering Platform Connection,Microsoft-Windows-Security-Auditing
T1021.003,True,Distributed Component Object Model,lateral-movement,network traffic,network connection creation,DeviceEvents,DeviceEvents,,,Microsoft Defender for Endpoint
T1021.003,True,Distributed Component Object Model,lateral-movement,network traffic,network connection creation,5158,The Windows Filtering Platform has permitted a bind to a local port.,Security,Filtering Platform Connection,Microsoft-Windows-Security-Auditing
T1021.003,True,Distributed Component Object Model,lateral-movement,process,process creation,4688,A new process has been created.,Security,Process Creation,Microsoft-Windows-Security-Auditing
T1021.003,True,Distributed Component Object Model,lateral-movement,process,process creation,1,Process Creation.,Microsoft-Windows-Sysmon/Operational,,Microsoft-Windows-Sysmon
T1021.003,True,Distributed Component Object Model,lateral-movement,process,process creation,DeviceProcessEvents,DeviceProcessEvents,,,Microsoft Defender for Endpoint
T1021.003,True,Distributed Component Object Model,lateral-movement,process,process creation,8,CreateRemoteThread.,Microsoft-Windows-Sysmon/Operational,,Microsoft-Windows-Sysmon
T1021.003,True,Distributed Component Object Model,lateral-movement,process,process creation,DeviceEvents,DeviceEvents,,,Microsoft Defender for Endpoint
T1021.003,True,Distributed Component Object Model,lateral-movement,module,module load,7,Image loaded.,Microsoft-Windows-Sysmon/Operational,,Microsoft-Windows-Sysmon
T1021.003,True,Distributed Component Object Model,lateral-movement,module,module load,DeviceImageLoadEvents,DeviceImageLoadEvents,,,Microsoft Defender for Endpoint
T1021.002,True,SMB/Windows Admin Shares,lateral-movement,logon session,logon session creation,4624,An account was successfully logged on.,Security,Logon,Microsoft-Windows-Security-Auditing
T1021.002,True,SMB/Windows Admin Shares,lateral-movement,logon session,logon session creation,4778,A session was reconnected to a Window Station.,Security,Other Logon/Logoff Events,Microsoft-Windows-Security-Auditing
T1021.002,True,SMB/Windows Admin Shares,lateral-movement,logon session,logon session creation,DeviceLogonEvents,DeviceLogonEvents,,,Microsoft Defender for Endpoint
T1021.002,True,SMB/Windows Admin Shares,lateral-movement,logon session,logon session creation,4964,Special groups have been assigned to a new logon.,Security,Special Logon,Microsoft-Windows-Security-Auditing
T1021.002,True,SMB/Windows Admin Shares,lateral-movement,network traffic,network connection creation,5156,The Windows Filtering Platform has permitted a connection.,Security,Filtering Platform Connection,Microsoft-Windows-Security-Auditing
T1021.002,True,SMB/Windows Admin Shares,lateral-movement,network traffic,network connection creation,3,Network connection.,Microsoft-Windows-Sysmon/Operational,,Microsoft-Windows-Sysmon
T1021.002,True,SMB/Windows Admin Shares,lateral-movement,network traffic,network connection creation,DeviceNetworkEvents,DeviceNetworkEvents,,,Microsoft Defender for Endpoint
T1021.002,True,SMB/Windows Admin Shares,lateral-movement,network traffic,network connection creation,5157,The Windows Filtering Platform has blocked a connection.,Security,Filtering Platform Connection,Microsoft-Windows-Security-Auditing
T1021.002,True,SMB/Windows Admin Shares,lateral-movement,network traffic,network connection creation,5154,The Windows Filtering Platform has permitted an application or service to listen on a port for incoming connections.,Security,Filtering Platform Connection,Microsoft-Windows-Security-Auditing
T1021.002,True,SMB/Windows Admin Shares,lateral-movement,network traffic,network connection creation,5159,The Windows Filtering Platform has blocked a bind to a local port.,Security,Filtering Platform Connection,Microsoft-Windows-Security-Auditing
T1021.002,True,SMB/Windows Admin Shares,lateral-movement,network traffic,network connection creation,5155,The Windows Filtering Platform has blocked an application or service from listening on a port for incoming connections.,Security,Filtering Platform Connection,Microsoft-Windows-Security-Auditing
T1021.002,True,SMB/Windows Admin Shares,lateral-movement,network traffic,network connection creation,5031,The Windows Firewall Service blocked an application from accepting incoming connections on the network.,Security,Filtering Platform Connection,Microsoft-Windows-Security-Auditing
T1021.002,True,SMB/Windows Admin Shares,lateral-movement,network traffic,network connection creation,DeviceEvents,DeviceEvents,,,Microsoft Defender for Endpoint
T1021.002,True,SMB/Windows Admin Shares,lateral-movement,network traffic,network connection creation,5158,The Windows Filtering Platform has permitted a bind to a local port.,Security,Filtering Platform Connection,Microsoft-Windows-Security-Auditing
T1021.002,True,SMB/Windows Admin Shares,lateral-movement,network share,network share access,5140,A network share object was accessed.,Security,File Share,Microsoft-Windows-Security-Auditing
T1021.002,True,SMB/Windows Admin Shares,lateral-movement,network share,network share access,5145,A network share object was checked to see whether client can be granted desired access.,Security,Detailed File Share,Microsoft-Windows-Security-Auditing
T1021.002,True,SMB/Windows Admin Shares,lateral-movement,network share,network share access,DeviceLogonEvents,DeviceLogonEvents,,,Microsoft Defender for Endpoint
T1021.002,True,SMB/Windows Admin Shares,lateral-movement,command,command execution,4688,A new process has been created.,Security,Process Creation,Microsoft-Windows-Security-Auditing
T1021.002,True,SMB/Windows Admin Shares,lateral-movement,command,command execution,1,Process Creation.,Microsoft-Windows-Sysmon/Operational,,Microsoft-Windows-Sysmon
T1021.002,True,SMB/Windows Admin Shares,lateral-movement,command,command execution,4103,Module logging.,Microsoft-Windows-PowerShell/Operational,,Microsoft-Windows-PowerShell
T1021.002,True,SMB/Windows Admin Shares,lateral-movement,command,command execution,DeviceProcessEvents,DeviceProcessEvents,,,Microsoft Defender for Endpoint
T1021.001,True,Remote Desktop Protocol,lateral-movement,logon session,logon session creation,4624,An account was successfully logged on.,Security,Logon,Microsoft-Windows-Security-Auditing
T1021.001,True,Remote Desktop Protocol,lateral-movement,logon session,logon session creation,4778,A session was reconnected to a Window Station.,Security,Other Logon/Logoff Events,Microsoft-Windows-Security-Auditing
T1021.001,True,Remote Desktop Protocol,lateral-movement,logon session,logon session creation,DeviceLogonEvents,DeviceLogonEvents,,,Microsoft Defender for Endpoint
T1021.001,True,Remote Desktop Protocol,lateral-movement,logon session,logon session creation,4964,Special groups have been assigned to a new logon.,Security,Special Logon,Microsoft-Windows-Security-Auditing
T1021.001,True,Remote Desktop Protocol,lateral-movement,network traffic,network connection creation,5156,The Windows Filtering Platform has permitted a connection.,Security,Filtering Platform Connection,Microsoft-Windows-Security-Auditing
T1021.001,True,Remote Desktop Protocol,lateral-movement,network traffic,network connection creation,3,Network connection.,Microsoft-Windows-Sysmon/Operational,,Microsoft-Windows-Sysmon
T1021.001,True,Remote Desktop Protocol,lateral-movement,network traffic,network connection creation,DeviceNetworkEvents,DeviceNetworkEvents,,,Microsoft Defender for Endpoint
T1021.001,True,Remote Desktop Protocol,lateral-movement,network traffic,network connection creation,5157,The Windows Filtering Platform has blocked a connection.,Security,Filtering Platform Connection,Microsoft-Windows-Security-Auditing
T1021.001,True,Remote Desktop Protocol,lateral-movement,network traffic,network connection creation,5154,The Windows Filtering Platform has permitted an application or service to listen on a port for incoming connections.,Security,Filtering Platform Connection,Microsoft-Windows-Security-Auditing
T1021.001,True,Remote Desktop Protocol,lateral-movement,network traffic,network connection creation,5159,The Windows Filtering Platform has blocked a bind to a local port.,Security,Filtering Platform Connection,Microsoft-Windows-Security-Auditing
T1021.001,True,Remote Desktop Protocol,lateral-movement,network traffic,network connection creation,5155,The Windows Filtering Platform has blocked an application or service from listening on a port for incoming connections.,Security,Filtering Platform Connection,Microsoft-Windows-Security-Auditing
T1021.001,True,Remote Desktop Protocol,lateral-movement,network traffic,network connection creation,5031,The Windows Firewall Service blocked an application from accepting incoming connections on the network.,Security,Filtering Platform Connection,Microsoft-Windows-Security-Auditing
T1021.001,True,Remote Desktop Protocol,lateral-movement,network traffic,network connection creation,DeviceEvents,DeviceEvents,,,Microsoft Defender for Endpoint
T1021.001,True,Remote Desktop Protocol,lateral-movement,network traffic,network connection creation,5158,The Windows Filtering Platform has permitted a bind to a local port.,Security,Filtering Platform Connection,Microsoft-Windows-Security-Auditing
T1021.001,True,Remote Desktop Protocol,lateral-movement,process,process creation,4688,A new process has been created.,Security,Process Creation,Microsoft-Windows-Security-Auditing
T1021.001,True,Remote Desktop Protocol,lateral-movement,process,process creation,1,Process Creation.,Microsoft-Windows-Sysmon/Operational,,Microsoft-Windows-Sysmon
T1021.001,True,Remote Desktop Protocol,lateral-movement,process,process creation,DeviceProcessEvents,DeviceProcessEvents,,,Microsoft Defender for Endpoint
T1021.001,True,Remote Desktop Protocol,lateral-movement,process,process creation,8,CreateRemoteThread.,Microsoft-Windows-Sysmon/Operational,,Microsoft-Windows-Sysmon
T1021.001,True,Remote Desktop Protocol,lateral-movement,process,process creation,DeviceEvents,DeviceEvents,,,Microsoft Defender for Endpoint
T1554,,Compromise Client Software Binary,persistence,file,file deletion,23,File Delete archived.,Microsoft-Windows-Sysmon/Operational,,Microsoft-Windows-Sysmon
T1554,,Compromise Client Software Binary,persistence,file,file deletion,26,File Delete logged.,Microsoft-Windows-Sysmon/Operational,,Microsoft-Windows-Sysmon
T1554,,Compromise Client Software Binary,persistence,file,file deletion,4660,An object was deleted.,Security,File System,Microsoft-Windows-Security-Auditing
T1554,,Compromise Client Software Binary,persistence,file,file deletion,4663,An attempt was made to access an object.,Security,File System,Microsoft-Windows-Security-Auditing
T1554,,Compromise Client Software Binary,persistence,file,file deletion,DeviceFileEvents,DeviceFileEvents,,,Microsoft Defender for Endpoint
T1554,,Compromise Client Software Binary,persistence,file,file modification,4670,Permissions on an object were changed.,Security,File System,Microsoft-Windows-Security-Auditing
T1554,,Compromise Client Software Binary,persistence,file,file modification,DeviceFileEvents,DeviceFileEvents,,,Microsoft Defender for Endpoint
T1554,,Compromise Client Software Binary,persistence,file,file modification,2,A process changed a file creation time.,Microsoft-Windows-Sysmon/Operational,,Microsoft-Windows-Sysmon
T1554,,Compromise Client Software Binary,persistence,file,file modification,11,FileCreate.,Microsoft-Windows-Sysmon/Operational,,Microsoft-Windows-Sysmon
T1554,,Compromise Client Software Binary,persistence,file,file creation,DeviceFileEvents,DeviceFileEvents,,,Microsoft Defender for Endpoint
T1554,,Compromise Client Software Binary,persistence,file,file creation,4663,An attempt was made to access an object.,Security,File System,Microsoft-Windows-Security-Auditing
T1554,,Compromise Client Software Binary,persistence,file,file creation,11,FileCreate,Microsoft-Windows-Sysmon/Operational,,Microsoft-Windows-Sysmon
T1036.005,True,Match Legitimate Name or Location,defense-evasion,process,process metadata,5,Process terminated.,Microsoft-Windows-Sysmon/Operational,,Microsoft-Windows-Sysmon
T1036.005,True,Match Legitimate Name or Location,defense-evasion,process,process metadata,30,EventID(30),,,Microsoft-Windows-LDAP-Client/Debug
T1036.005,True,Match Legitimate Name or Location,defense-evasion,process,process metadata,DeviceEvents,DeviceEvents,,,Microsoft Defender for Endpoint
T1036.004,True,Masquerade Task or Service,defense-evasion,scheduled job,scheduled job modification,4702,A scheduled task was updated.,Security,Other Object Access Events,Microsoft-Windows-Security-Auditing
T1036.004,True,Masquerade Task or Service,defense-evasion,scheduled job,scheduled job modification,DeviceEvents,DeviceEvents,,,Microsoft Defender for Endpoint
T1036.004,True,Masquerade Task or Service,defense-evasion,scheduled job,scheduled job modification,4700,A scheduled task was enabled.,Security,Other Object Access Events,Microsoft-Windows-Security-Auditing
T1036.004,True,Masquerade Task or Service,defense-evasion,scheduled job,scheduled job modification,4701,A scheduled task was disabled.,Security,Other Object Access Events,Microsoft-Windows-Security-Auditing
T1036.004,True,Masquerade Task or Service,defense-evasion,service,service creation,4697,A service was installed in the system.,Security,Security System Extension,Microsoft-Windows-Security-Auditing
T1036.004,True,Masquerade Task or Service,defense-evasion,service,service creation,7045,A new service was installed in the system.,System,,Service Control Manager
T1036.004,True,Masquerade Task or Service,defense-evasion,service,service creation,DeviceEvents,DeviceEvents,,,Microsoft Defender for Endpoint
T1036.004,True,Masquerade Task or Service,defense-evasion,service,service metadata,4,Sysmon service state changed.,Microsoft-Windows-Sysmon/Operational,,Microsoft-Windows-Sysmon
T1036.004,True,Masquerade Task or Service,defense-evasion,service,service metadata,6006,The Event log service was stopped.,System,,EventLog
T1036.004,True,Masquerade Task or Service,defense-evasion,service,service metadata,6005,The Event log service was started.,System,,EventLog
T1036.004,True,Masquerade Task or Service,defense-evasion,command,command execution,4688,A new process has been created.,Security,Process Creation,Microsoft-Windows-Security-Auditing
T1036.004,True,Masquerade Task or Service,defense-evasion,command,command execution,1,Process Creation.,Microsoft-Windows-Sysmon/Operational,,Microsoft-Windows-Sysmon
T1036.004,True,Masquerade Task or Service,defense-evasion,command,command execution,4103,Module logging.,Microsoft-Windows-PowerShell/Operational,,Microsoft-Windows-PowerShell
T1036.004,True,Masquerade Task or Service,defense-evasion,command,command execution,DeviceProcessEvents,DeviceProcessEvents,,,Microsoft Defender for Endpoint
T1036.003,True,Rename System Utilities,defense-evasion,file,file modification,4670,Permissions on an object were changed.,Security,File System,Microsoft-Windows-Security-Auditing
T1036.003,True,Rename System Utilities,defense-evasion,file,file modification,DeviceFileEvents,DeviceFileEvents,,,Microsoft Defender for Endpoint
T1036.003,True,Rename System Utilities,defense-evasion,file,file modification,2,A process changed a file creation time.,Microsoft-Windows-Sysmon/Operational,,Microsoft-Windows-Sysmon
T1036.003,True,Rename System Utilities,defense-evasion,file,file modification,11,FileCreate.,Microsoft-Windows-Sysmon/Operational,,Microsoft-Windows-Sysmon
T1036.003,True,Rename System Utilities,defense-evasion,command,command execution,4688,A new process has been created.,Security,Process Creation,Microsoft-Windows-Security-Auditing
T1036.003,True,Rename System Utilities,defense-evasion,command,command execution,1,Process Creation.,Microsoft-Windows-Sysmon/Operational,,Microsoft-Windows-Sysmon
T1036.003,True,Rename System Utilities,defense-evasion,command,command execution,4103,Module logging.,Microsoft-Windows-PowerShell/Operational,,Microsoft-Windows-PowerShell
T1036.003,True,Rename System Utilities,defense-evasion,command,command execution,DeviceProcessEvents,DeviceProcessEvents,,,Microsoft Defender for Endpoint
T1036.003,True,Rename System Utilities,defense-evasion,process,process metadata,5,Process terminated.,Microsoft-Windows-Sysmon/Operational,,Microsoft-Windows-Sysmon
T1036.003,True,Rename System Utilities,defense-evasion,process,process metadata,30,EventID(30),,,Microsoft-Windows-LDAP-Client/Debug
T1036.003,True,Rename System Utilities,defense-evasion,process,process metadata,DeviceEvents,DeviceEvents,,,Microsoft Defender for Endpoint
T1553.003,True,SIP and Trust Provider Hijacking,defense-evasion,module,module load,7,Image loaded.,Microsoft-Windows-Sysmon/Operational,,Microsoft-Windows-Sysmon
T1553.003,True,SIP and Trust Provider Hijacking,defense-evasion,module,module load,DeviceImageLoadEvents,DeviceImageLoadEvents,,,Microsoft Defender for Endpoint
T1553.003,True,SIP and Trust Provider Hijacking,defense-evasion,file,file modification,4670,Permissions on an object were changed.,Security,File System,Microsoft-Windows-Security-Auditing
T1553.003,True,SIP and Trust Provider Hijacking,defense-evasion,file,file modification,DeviceFileEvents,DeviceFileEvents,,,Microsoft Defender for Endpoint
T1553.003,True,SIP and Trust Provider Hijacking,defense-evasion,file,file modification,2,A process changed a file creation time.,Microsoft-Windows-Sysmon/Operational,,Microsoft-Windows-Sysmon
T1553.003,True,SIP and Trust Provider Hijacking,defense-evasion,file,file modification,11,FileCreate.,Microsoft-Windows-Sysmon/Operational,,Microsoft-Windows-Sysmon
T1553.003,True,SIP and Trust Provider Hijacking,defense-evasion,windows registry,windows registry key modification,13,RegistryEvent (Value Set).,Microsoft-Windows-Sysmon/Operational,,Microsoft-Windows-Sysmon
T1553.003,True,SIP and Trust Provider Hijacking,defense-evasion,windows registry,windows registry key modification,14,RegistryEvent (Key and Value Rename).,Microsoft-Windows-Sysmon/Operational,,Microsoft-Windows-Sysmon
T1553.003,True,SIP and Trust Provider Hijacking,defense-evasion,windows registry,windows registry key modification,4657,A registry value was modified.,Security,Registry,Microsoft-Windows-Security-Auditing
T1553.003,True,SIP and Trust Provider Hijacking,defense-evasion,windows registry,windows registry key modification,4670,Permissions on an object were changed.,Security,Registry,Microsoft-Windows-Security-Auditing
T1553.003,True,SIP and Trust Provider Hijacking,defense-evasion,windows registry,windows registry key modification,DeviceRegistryEvents,DeviceRegistryEvents,,,Microsoft Defender for Endpoint
T1553,False,Subvert Trust Controls,defense-evasion,file,file modification,4670,Permissions on an object were changed.,Security,File System,Microsoft-Windows-Security-Auditing
T1553,False,Subvert Trust Controls,defense-evasion,file,file modification,DeviceFileEvents,DeviceFileEvents,,,Microsoft Defender for Endpoint
T1553,False,Subvert Trust Controls,defense-evasion,file,file modification,2,A process changed a file creation time.,Microsoft-Windows-Sysmon/Operational,,Microsoft-Windows-Sysmon
T1553,False,Subvert Trust Controls,defense-evasion,file,file modification,11,FileCreate.,Microsoft-Windows-Sysmon/Operational,,Microsoft-Windows-Sysmon
T1553,False,Subvert Trust Controls,defense-evasion,module,module load,7,Image loaded.,Microsoft-Windows-Sysmon/Operational,,Microsoft-Windows-Sysmon
T1553,False,Subvert Trust Controls,defense-evasion,module,module load,DeviceImageLoadEvents,DeviceImageLoadEvents,,,Microsoft Defender for Endpoint
T1553,False,Subvert Trust Controls,defense-evasion,command,command execution,4688,A new process has been created.,Security,Process Creation,Microsoft-Windows-Security-Auditing
T1553,False,Subvert Trust Controls,defense-evasion,command,command execution,1,Process Creation.,Microsoft-Windows-Sysmon/Operational,,Microsoft-Windows-Sysmon
T1553,False,Subvert Trust Controls,defense-evasion,command,command execution,4103,Module logging.,Microsoft-Windows-PowerShell/Operational,,Microsoft-Windows-PowerShell
T1553,False,Subvert Trust Controls,defense-evasion,command,command execution,DeviceProcessEvents,DeviceProcessEvents,,,Microsoft Defender for Endpoint
T1553,False,Subvert Trust Controls,defense-evasion,windows registry,windows registry key modification,13,RegistryEvent (Value Set).,Microsoft-Windows-Sysmon/Operational,,Microsoft-Windows-Sysmon
T1553,False,Subvert Trust Controls,defense-evasion,windows registry,windows registry key modification,14,RegistryEvent (Key and Value Rename).,Microsoft-Windows-Sysmon/Operational,,Microsoft-Windows-Sysmon
T1553,False,Subvert Trust Controls,defense-evasion,windows registry,windows registry key modification,4657,A registry value was modified.,Security,Registry,Microsoft-Windows-Security-Auditing
T1553,False,Subvert Trust Controls,defense-evasion,windows registry,windows registry key modification,4670,Permissions on an object were changed.,Security,Registry,Microsoft-Windows-Security-Auditing
T1553,False,Subvert Trust Controls,defense-evasion,windows registry,windows registry key modification,DeviceRegistryEvents,DeviceRegistryEvents,,,Microsoft Defender for Endpoint
T1553,False,Subvert Trust Controls,defense-evasion,windows registry,windows registry key creation,12,RegistryEvent (Object create and delete).,Microsoft-Windows-Sysmon/Operational,,Microsoft-Windows-Sysmon
T1553,False,Subvert Trust Controls,defense-evasion,windows registry,windows registry key creation,DeviceRegistryEvents,DeviceRegistryEvents,,,Microsoft Defender for Endpoint
T1553,False,Subvert Trust Controls,defense-evasion,windows registry,windows registry key creation,4657,A registry value was modified.,Security,Registry,Microsoft-Windows-Security-Auditing
T1553,False,Subvert Trust Controls,defense-evasion,process,process creation,4688,A new process has been created.,Security,Process Creation,Microsoft-Windows-Security-Auditing
T1553,False,Subvert Trust Controls,defense-evasion,process,process creation,1,Process Creation.,Microsoft-Windows-Sysmon/Operational,,Microsoft-Windows-Sysmon
T1553,False,Subvert Trust Controls,defense-evasion,process,process creation,DeviceProcessEvents,DeviceProcessEvents,,,Microsoft Defender for Endpoint
T1553,False,Subvert Trust Controls,defense-evasion,process,process creation,8,CreateRemoteThread.,Microsoft-Windows-Sysmon/Operational,,Microsoft-Windows-Sysmon
T1553,False,Subvert Trust Controls,defense-evasion,process,process creation,DeviceEvents,DeviceEvents,,,Microsoft Defender for Endpoint
T1222.001,True,Windows File and Directory Permissions Modification,defense-evasion,process,process creation,4688,A new process has been created.,Security,Process Creation,Microsoft-Windows-Security-Auditing
T1222.001,True,Windows File and Directory Permissions Modification,defense-evasion,process,process creation,1,Process Creation.,Microsoft-Windows-Sysmon/Operational,,Microsoft-Windows-Sysmon
T1222.001,True,Windows File and Directory Permissions Modification,defense-evasion,process,process creation,DeviceProcessEvents,DeviceProcessEvents,,,Microsoft Defender for Endpoint
T1222.001,True,Windows File and Directory Permissions Modification,defense-evasion,process,process creation,8,CreateRemoteThread.,Microsoft-Windows-Sysmon/Operational,,Microsoft-Windows-Sysmon
T1222.001,True,Windows File and Directory Permissions Modification,defense-evasion,process,process creation,DeviceEvents,DeviceEvents,,,Microsoft Defender for Endpoint
T1222.001,True,Windows File and Directory Permissions Modification,defense-evasion,command,command execution,4688,A new process has been created.,Security,Process Creation,Microsoft-Windows-Security-Auditing
T1222.001,True,Windows File and Directory Permissions Modification,defense-evasion,command,command execution,1,Process Creation.,Microsoft-Windows-Sysmon/Operational,,Microsoft-Windows-Sysmon
T1222.001,True,Windows File and Directory Permissions Modification,defense-evasion,command,command execution,4103,Module logging.,Microsoft-Windows-PowerShell/Operational,,Microsoft-Windows-PowerShell
T1222.001,True,Windows File and Directory Permissions Modification,defense-evasion,command,command execution,DeviceProcessEvents,DeviceProcessEvents,,,Microsoft Defender for Endpoint
T1222.001,True,Windows File and Directory Permissions Modification,defense-evasion,active directory,active directory object modification,5136,A directory service object was modified.,Security,Directory Service Changes,Microsoft-Windows-Security-Auditing
T1222.001,True,Windows File and Directory Permissions Modification,defense-evasion,active directory,active directory object modification,5139,A directory service object was moved.,Security,Directory Service Changes,Microsoft-Windows-Security-Auditing
T1222.001,True,Windows File and Directory Permissions Modification,defense-evasion,active directory,active directory object modification,4719,System audit policy was changed.,Security,Policy Change,Microsoft-Windows-Security-Auditing
T1552.004,True,Private Keys,credential-access,file,file access,4656,A handle to an object was requested.,Security,File System,Microsoft-Windows-Security-Auditing
T1552.004,True,Private Keys,credential-access,file,file access,4663,An attempt was made to access an object.,Security,File System,Microsoft-Windows-Security-Auditing
T1552.004,True,Private Keys,credential-access,file,file access,4661,A handle to an object was requested.,Security,SAM,Microsoft-Windows-Security-Auditing
T1552.004,True,Private Keys,credential-access,command,command execution,4688,A new process has been created.,Security,Process Creation,Microsoft-Windows-Security-Auditing
T1552.004,True,Private Keys,credential-access,command,command execution,1,Process Creation.,Microsoft-Windows-Sysmon/Operational,,Microsoft-Windows-Sysmon
T1552.004,True,Private Keys,credential-access,command,command execution,4103,Module logging.,Microsoft-Windows-PowerShell/Operational,,Microsoft-Windows-PowerShell
T1552.004,True,Private Keys,credential-access,command,command execution,DeviceProcessEvents,DeviceProcessEvents,,,Microsoft Defender for Endpoint
T1552.002,True,Credentials in Registry,credential-access,command,command execution,4688,A new process has been created.,Security,Process Creation,Microsoft-Windows-Security-Auditing
T1552.002,True,Credentials in Registry,credential-access,command,command execution,1,Process Creation.,Microsoft-Windows-Sysmon/Operational,,Microsoft-Windows-Sysmon
T1552.002,True,Credentials in Registry,credential-access,command,command execution,4103,Module logging.,Microsoft-Windows-PowerShell/Operational,,Microsoft-Windows-PowerShell
T1552.002,True,Credentials in Registry,credential-access,command,command execution,DeviceProcessEvents,DeviceProcessEvents,,,Microsoft Defender for Endpoint
T1552.002,True,Credentials in Registry,credential-access,process,process creation,4688,A new process has been created.,Security,Process Creation,Microsoft-Windows-Security-Auditing
T1552.002,True,Credentials in Registry,credential-access,process,process creation,1,Process Creation.,Microsoft-Windows-Sysmon/Operational,,Microsoft-Windows-Sysmon
T1552.002,True,Credentials in Registry,credential-access,process,process creation,DeviceProcessEvents,DeviceProcessEvents,,,Microsoft Defender for Endpoint
T1552.002,True,Credentials in Registry,credential-access,process,process creation,8,CreateRemoteThread.,Microsoft-Windows-Sysmon/Operational,,Microsoft-Windows-Sysmon
T1552.002,True,Credentials in Registry,credential-access,process,process creation,DeviceEvents,DeviceEvents,,,Microsoft Defender for Endpoint
T1552.002,True,Credentials in Registry,credential-access,windows registry,windows registry key access,4663,An attempt was made to access an object.,Security,Registry,Microsoft-Windows-Security-Auditing
T1552.002,True,Credentials in Registry,credential-access,windows registry,windows registry key access,4656,A handle to an object was requested.,Security,Registry,Microsoft-Windows-Security-Auditing
T1552.001,True,Credentials In Files,credential-access,command,command execution,4688,A new process has been created.,Security,Process Creation,Microsoft-Windows-Security-Auditing
T1552.001,True,Credentials In Files,credential-access,command,command execution,1,Process Creation.,Microsoft-Windows-Sysmon/Operational,,Microsoft-Windows-Sysmon
T1552.001,True,Credentials In Files,credential-access,command,command execution,4103,Module logging.,Microsoft-Windows-PowerShell/Operational,,Microsoft-Windows-PowerShell
T1552.001,True,Credentials In Files,credential-access,command,command execution,DeviceProcessEvents,DeviceProcessEvents,,,Microsoft Defender for Endpoint
T1552.001,True,Credentials In Files,credential-access,file,file access,4656,A handle to an object was requested.,Security,File System,Microsoft-Windows-Security-Auditing
T1552.001,True,Credentials In Files,credential-access,file,file access,4663,An attempt was made to access an object.,Security,File System,Microsoft-Windows-Security-Auditing
T1552.001,True,Credentials In Files,credential-access,file,file access,4661,A handle to an object was requested.,Security,SAM,Microsoft-Windows-Security-Auditing
T1552,,Unsecured Credentials,credential-access,windows registry,windows registry key access,4663,An attempt was made to access an object.,Security,Registry,Microsoft-Windows-Security-Auditing
T1552,,Unsecured Credentials,credential-access,windows registry,windows registry key access,4656,A handle to an object was requested.,Security,Registry,Microsoft-Windows-Security-Auditing
T1552,,Unsecured Credentials,credential-access,user account,user account authentication,4624,An account was successfully logged on.,Security,Logon,Microsoft-Windows-Security-Auditing
T1552,,Unsecured Credentials,credential-access,user account,user account authentication,4625,An account failed to log on.,Security,Account Lockout,Microsoft-Windows-Security-Auditing
T1552,,Unsecured Credentials,credential-access,user account,user account authentication,4648,A logon was attempted using explicit credentials.,Security,Logon,Microsoft-Windows-Security-Auditing
T1552,,Unsecured Credentials,credential-access,user account,user account authentication,DeviceLogonEvents,DeviceLogonEvents,,,Microsoft Defender for Endpoint
T1552,,Unsecured Credentials,credential-access,user account,user account authentication,4776,The domain controller or local computer attempted to validate the credentials for an account.,Security,Credential Validation,Microsoft-Windows-Security-Auditing
T1552,,Unsecured Credentials,credential-access,process,process creation,4688,A new process has been created.,Security,Process Creation,Microsoft-Windows-Security-Auditing
T1552,,Unsecured Credentials,credential-access,process,process creation,1,Process Creation.,Microsoft-Windows-Sysmon/Operational,,Microsoft-Windows-Sysmon
T1552,,Unsecured Credentials,credential-access,process,process creation,DeviceProcessEvents,DeviceProcessEvents,,,Microsoft Defender for Endpoint
T1552,,Unsecured Credentials,credential-access,process,process creation,8,CreateRemoteThread.,Microsoft-Windows-Sysmon/Operational,,Microsoft-Windows-Sysmon
T1552,,Unsecured Credentials,credential-access,process,process creation,DeviceEvents,DeviceEvents,,,Microsoft Defender for Endpoint
T1552,,Unsecured Credentials,credential-access,file,file access,4656,A handle to an object was requested.,Security,File System,Microsoft-Windows-Security-Auditing
T1552,,Unsecured Credentials,credential-access,file,file access,4663,An attempt was made to access an object.,Security,File System,Microsoft-Windows-Security-Auditing
T1552,,Unsecured Credentials,credential-access,file,file access,4661,A handle to an object was requested.,Security,SAM,Microsoft-Windows-Security-Auditing
T1552,,Unsecured Credentials,credential-access,command,command execution,4688,A new process has been created.,Security,Process Creation,Microsoft-Windows-Security-Auditing
T1552,,Unsecured Credentials,credential-access,command,command execution,1,Process Creation.,Microsoft-Windows-Sysmon/Operational,,Microsoft-Windows-Sysmon
T1552,,Unsecured Credentials,credential-access,command,command execution,4103,Module logging.,Microsoft-Windows-PowerShell/Operational,,Microsoft-Windows-PowerShell
T1552,,Unsecured Credentials,credential-access,command,command execution,DeviceProcessEvents,DeviceProcessEvents,,,Microsoft Defender for Endpoint
T1216.001,True,PubPrn,defense-evasion,process,process creation,4688,A new process has been created.,Security,Process Creation,Microsoft-Windows-Security-Auditing
T1216.001,True,PubPrn,defense-evasion,process,process creation,1,Process Creation.,Microsoft-Windows-Sysmon/Operational,,Microsoft-Windows-Sysmon
T1216.001,True,PubPrn,defense-evasion,process,process creation,DeviceProcessEvents,DeviceProcessEvents,,,Microsoft Defender for Endpoint
T1216.001,True,PubPrn,defense-evasion,process,process creation,8,CreateRemoteThread.,Microsoft-Windows-Sysmon/Operational,,Microsoft-Windows-Sysmon
T1216.001,True,PubPrn,defense-evasion,process,process creation,DeviceEvents,DeviceEvents,,,Microsoft Defender for Endpoint
T1216.001,True,PubPrn,defense-evasion,command,command execution,4688,A new process has been created.,Security,Process Creation,Microsoft-Windows-Security-Auditing
T1216.001,True,PubPrn,defense-evasion,command,command execution,1,Process Creation.,Microsoft-Windows-Sysmon/Operational,,Microsoft-Windows-Sysmon
T1216.001,True,PubPrn,defense-evasion,command,command execution,4103,Module logging.,Microsoft-Windows-PowerShell/Operational,,Microsoft-Windows-PowerShell
T1216.001,True,PubPrn,defense-evasion,command,command execution,DeviceProcessEvents,DeviceProcessEvents,,,Microsoft Defender for Endpoint
T1216.001,True,PubPrn,defense-evasion,script,script execution,4103,Module logging.,Microsoft-Windows-PowerShell/Operational,,Microsoft-Windows-PowerShell
T1216.001,True,PubPrn,defense-evasion,script,script execution,4104,Script Block Logging.,Microsoft-Windows-PowerShell/Operational,,Microsoft-Windows-PowerShell
T1216.001,True,PubPrn,defense-evasion,script,script execution,DeviceEvents,DeviceEvents,,,Microsoft Defender for Endpoint
T1070.006,True,Timestomp,defense-evasion,file,file modification,4670,Permissions on an object were changed.,Security,File System,Microsoft-Windows-Security-Auditing
T1070.006,True,Timestomp,defense-evasion,file,file modification,DeviceFileEvents,DeviceFileEvents,,,Microsoft Defender for Endpoint
T1070.006,True,Timestomp,defense-evasion,file,file modification,2,A process changed a file creation time.,Microsoft-Windows-Sysmon/Operational,,Microsoft-Windows-Sysmon
T1070.006,True,Timestomp,defense-evasion,file,file modification,11,FileCreate.,Microsoft-Windows-Sysmon/Operational,,Microsoft-Windows-Sysmon
T1070.005,True,Network Share Connection Removal,defense-evasion,user account,user account authentication,4624,An account was successfully logged on.,Security,Logon,Microsoft-Windows-Security-Auditing
T1070.005,True,Network Share Connection Removal,defense-evasion,user account,user account authentication,4625,An account failed to log on.,Security,Account Lockout,Microsoft-Windows-Security-Auditing
T1070.005,True,Network Share Connection Removal,defense-evasion,user account,user account authentication,4648,A logon was attempted using explicit credentials.,Security,Logon,Microsoft-Windows-Security-Auditing
T1070.005,True,Network Share Connection Removal,defense-evasion,user account,user account authentication,DeviceLogonEvents,DeviceLogonEvents,,,Microsoft Defender for Endpoint
T1070.005,True,Network Share Connection Removal,defense-evasion,user account,user account authentication,4776,The domain controller or local computer attempted to validate the credentials for an account.,Security,Credential Validation,Microsoft-Windows-Security-Auditing
T1070.005,True,Network Share Connection Removal,defense-evasion,command,command execution,4688,A new process has been created.,Security,Process Creation,Microsoft-Windows-Security-Auditing
T1070.005,True,Network Share Connection Removal,defense-evasion,command,command execution,1,Process Creation.,Microsoft-Windows-Sysmon/Operational,,Microsoft-Windows-Sysmon
T1070.005,True,Network Share Connection Removal,defense-evasion,command,command execution,4103,Module logging.,Microsoft-Windows-PowerShell/Operational,,Microsoft-Windows-PowerShell
T1070.005,True,Network Share Connection Removal,defense-evasion,command,command execution,DeviceProcessEvents,DeviceProcessEvents,,,Microsoft Defender for Endpoint
T1070.005,True,Network Share Connection Removal,defense-evasion,process,process creation,4688,A new process has been created.,Security,Process Creation,Microsoft-Windows-Security-Auditing
T1070.005,True,Network Share Connection Removal,defense-evasion,process,process creation,1,Process Creation.,Microsoft-Windows-Sysmon/Operational,,Microsoft-Windows-Sysmon
T1070.005,True,Network Share Connection Removal,defense-evasion,process,process creation,DeviceProcessEvents,DeviceProcessEvents,,,Microsoft Defender for Endpoint
T1070.005,True,Network Share Connection Removal,defense-evasion,process,process creation,8,CreateRemoteThread.,Microsoft-Windows-Sysmon/Operational,,Microsoft-Windows-Sysmon
T1070.005,True,Network Share Connection Removal,defense-evasion,process,process creation,DeviceEvents,DeviceEvents,,,Microsoft Defender for Endpoint
T1070.004,True,File Deletion,defense-evasion,command,command execution,4688,A new process has been created.,Security,Process Creation,Microsoft-Windows-Security-Auditing
T1070.004,True,File Deletion,defense-evasion,command,command execution,1,Process Creation.,Microsoft-Windows-Sysmon/Operational,,Microsoft-Windows-Sysmon
T1070.004,True,File Deletion,defense-evasion,command,command execution,4103,Module logging.,Microsoft-Windows-PowerShell/Operational,,Microsoft-Windows-PowerShell
T1070.004,True,File Deletion,defense-evasion,command,command execution,DeviceProcessEvents,DeviceProcessEvents,,,Microsoft Defender for Endpoint
T1070.004,True,File Deletion,defense-evasion,file,file deletion,23,File Delete archived.,Microsoft-Windows-Sysmon/Operational,,Microsoft-Windows-Sysmon
T1070.004,True,File Deletion,defense-evasion,file,file deletion,26,File Delete logged.,Microsoft-Windows-Sysmon/Operational,,Microsoft-Windows-Sysmon
T1070.004,True,File Deletion,defense-evasion,file,file deletion,4660,An object was deleted.,Security,File System,Microsoft-Windows-Security-Auditing
T1070.004,True,File Deletion,defense-evasion,file,file deletion,4663,An attempt was made to access an object.,Security,File System,Microsoft-Windows-Security-Auditing
T1070.004,True,File Deletion,defense-evasion,file,file deletion,DeviceFileEvents,DeviceFileEvents,,,Microsoft Defender for Endpoint
T1070.003,True,Clear Command History,defense-evasion,user account,user account authentication,4624,An account was successfully logged on.,Security,Logon,Microsoft-Windows-Security-Auditing
T1070.003,True,Clear Command History,defense-evasion,user account,user account authentication,4625,An account failed to log on.,Security,Account Lockout,Microsoft-Windows-Security-Auditing
T1070.003,True,Clear Command History,defense-evasion,user account,user account authentication,4648,A logon was attempted using explicit credentials.,Security,Logon,Microsoft-Windows-Security-Auditing
T1070.003,True,Clear Command History,defense-evasion,user account,user account authentication,DeviceLogonEvents,DeviceLogonEvents,,,Microsoft Defender for Endpoint
T1070.003,True,Clear Command History,defense-evasion,user account,user account authentication,4776,The domain controller or local computer attempted to validate the credentials for an account.,Security,Credential Validation,Microsoft-Windows-Security-Auditing
T1070.003,True,Clear Command History,defense-evasion,file,file deletion,23,File Delete archived.,Microsoft-Windows-Sysmon/Operational,,Microsoft-Windows-Sysmon
T1070.003,True,Clear Command History,defense-evasion,file,file deletion,26,File Delete logged.,Microsoft-Windows-Sysmon/Operational,,Microsoft-Windows-Sysmon
T1070.003,True,Clear Command History,defense-evasion,file,file deletion,4660,An object was deleted.,Security,File System,Microsoft-Windows-Security-Auditing
T1070.003,True,Clear Command History,defense-evasion,file,file deletion,4663,An attempt was made to access an object.,Security,File System,Microsoft-Windows-Security-Auditing
T1070.003,True,Clear Command History,defense-evasion,file,file deletion,DeviceFileEvents,DeviceFileEvents,,,Microsoft Defender for Endpoint
T1070.003,True,Clear Command History,defense-evasion,file,file modification,4670,Permissions on an object were changed.,Security,File System,Microsoft-Windows-Security-Auditing
T1070.003,True,Clear Command History,defense-evasion,file,file modification,DeviceFileEvents,DeviceFileEvents,,,Microsoft Defender for Endpoint
T1070.003,True,Clear Command History,defense-evasion,file,file modification,2,A process changed a file creation time.,Microsoft-Windows-Sysmon/Operational,,Microsoft-Windows-Sysmon
T1070.003,True,Clear Command History,defense-evasion,file,file modification,11,FileCreate.,Microsoft-Windows-Sysmon/Operational,,Microsoft-Windows-Sysmon
T1070.003,True,Clear Command History,defense-evasion,command,command execution,4688,A new process has been created.,Security,Process Creation,Microsoft-Windows-Security-Auditing
T1070.003,True,Clear Command History,defense-evasion,command,command execution,1,Process Creation.,Microsoft-Windows-Sysmon/Operational,,Microsoft-Windows-Sysmon
T1070.003,True,Clear Command History,defense-evasion,command,command execution,4103,Module logging.,Microsoft-Windows-PowerShell/Operational,,Microsoft-Windows-PowerShell
T1070.003,True,Clear Command History,defense-evasion,command,command execution,DeviceProcessEvents,DeviceProcessEvents,,,Microsoft Defender for Endpoint
T1550.003,True,Pass the Ticket,defense-evasion;lateral-movement,logon session,logon session creation,4624,An account was successfully logged on.,Security,Logon,Microsoft-Windows-Security-Auditing
T1550.003,True,Pass the Ticket,defense-evasion;lateral-movement,logon session,logon session creation,4778,A session was reconnected to a Window Station.,Security,Other Logon/Logoff Events,Microsoft-Windows-Security-Auditing
T1550.003,True,Pass the Ticket,defense-evasion;lateral-movement,logon session,logon session creation,DeviceLogonEvents,DeviceLogonEvents,,,Microsoft Defender for Endpoint
T1550.003,True,Pass the Ticket,defense-evasion;lateral-movement,logon session,logon session creation,4964,Special groups have been assigned to a new logon.,Security,Special Logon,Microsoft-Windows-Security-Auditing
T1550.003,True,Pass the Ticket,defense-evasion;lateral-movement,user account,user account authentication,4624,An account was successfully logged on.,Security,Logon,Microsoft-Windows-Security-Auditing
T1550.003,True,Pass the Ticket,defense-evasion;lateral-movement,user account,user account authentication,4625,An account failed to log on.,Security,Account Lockout,Microsoft-Windows-Security-Auditing
T1550.003,True,Pass the Ticket,defense-evasion;lateral-movement,user account,user account authentication,4648,A logon was attempted using explicit credentials.,Security,Logon,Microsoft-Windows-Security-Auditing
T1550.003,True,Pass the Ticket,defense-evasion;lateral-movement,user account,user account authentication,DeviceLogonEvents,DeviceLogonEvents,,,Microsoft Defender for Endpoint
T1550.003,True,Pass the Ticket,defense-evasion;lateral-movement,user account,user account authentication,4776,The domain controller or local computer attempted to validate the credentials for an account.,Security,Credential Validation,Microsoft-Windows-Security-Auditing
T1550.003,True,Pass the Ticket,defense-evasion;lateral-movement,active directory,active directory credential request,4768,A Kerberos authentication ticket (TGT) was requested.,Security,Kerberos Authentication Service,Microsoft-Windows-Security-Auditing
T1550.003,True,Pass the Ticket,defense-evasion;lateral-movement,active directory,active directory credential request,4769,A Kerberos service ticket was requested.,Security,Kerberos Service Ticket Operations,Microsoft-Windows-Security-Auditing
T1550.002,True,Pass the Hash,defense-evasion;lateral-movement,active directory,active directory credential request,4768,A Kerberos authentication ticket (TGT) was requested.,Security,Kerberos Authentication Service,Microsoft-Windows-Security-Auditing
T1550.002,True,Pass the Hash,defense-evasion;lateral-movement,active directory,active directory credential request,4769,A Kerberos service ticket was requested.,Security,Kerberos Service Ticket Operations,Microsoft-Windows-Security-Auditing
T1550.002,True,Pass the Hash,defense-evasion;lateral-movement,logon session,logon session creation,4624,An account was successfully logged on.,Security,Logon,Microsoft-Windows-Security-Auditing
T1550.002,True,Pass the Hash,defense-evasion;lateral-movement,logon session,logon session creation,4778,A session was reconnected to a Window Station.,Security,Other Logon/Logoff Events,Microsoft-Windows-Security-Auditing
T1550.002,True,Pass the Hash,defense-evasion;lateral-movement,logon session,logon session creation,DeviceLogonEvents,DeviceLogonEvents,,,Microsoft Defender for Endpoint
T1550.002,True,Pass the Hash,defense-evasion;lateral-movement,logon session,logon session creation,4964,Special groups have been assigned to a new logon.,Security,Special Logon,Microsoft-Windows-Security-Auditing
T1550.002,True,Pass the Hash,defense-evasion;lateral-movement,user account,user account authentication,4624,An account was successfully logged on.,Security,Logon,Microsoft-Windows-Security-Auditing
T1550.002,True,Pass the Hash,defense-evasion;lateral-movement,user account,user account authentication,4625,An account failed to log on.,Security,Account Lockout,Microsoft-Windows-Security-Auditing
T1550.002,True,Pass the Hash,defense-evasion;lateral-movement,user account,user account authentication,4648,A logon was attempted using explicit credentials.,Security,Logon,Microsoft-Windows-Security-Auditing
T1550.002,True,Pass the Hash,defense-evasion;lateral-movement,user account,user account authentication,DeviceLogonEvents,DeviceLogonEvents,,,Microsoft Defender for Endpoint
T1550.002,True,Pass the Hash,defense-evasion;lateral-movement,user account,user account authentication,4776,The domain controller or local computer attempted to validate the credentials for an account.,Security,Credential Validation,Microsoft-Windows-Security-Auditing
T1550,,Use Alternate Authentication Material,defense-evasion;lateral-movement,active directory,active directory credential request,4768,A Kerberos authentication ticket (TGT) was requested.,Security,Kerberos Authentication Service,Microsoft-Windows-Security-Auditing
T1550,,Use Alternate Authentication Material,defense-evasion;lateral-movement,active directory,active directory credential request,4769,A Kerberos service ticket was requested.,Security,Kerberos Service Ticket Operations,Microsoft-Windows-Security-Auditing
T1550,,Use Alternate Authentication Material,defense-evasion;lateral-movement,logon session,logon session creation,4624,An account was successfully logged on.,Security,Logon,Microsoft-Windows-Security-Auditing
T1550,,Use Alternate Authentication Material,defense-evasion;lateral-movement,logon session,logon session creation,4778,A session was reconnected to a Window Station.,Security,Other Logon/Logoff Events,Microsoft-Windows-Security-Auditing
T1550,,Use Alternate Authentication Material,defense-evasion;lateral-movement,logon session,logon session creation,DeviceLogonEvents,DeviceLogonEvents,,,Microsoft Defender for Endpoint
T1550,,Use Alternate Authentication Material,defense-evasion;lateral-movement,logon session,logon session creation,4964,Special groups have been assigned to a new logon.,Security,Special Logon,Microsoft-Windows-Security-Auditing
T1550,,Use Alternate Authentication Material,defense-evasion;lateral-movement,user account,user account authentication,4624,An account was successfully logged on.,Security,Logon,Microsoft-Windows-Security-Auditing
T1550,,Use Alternate Authentication Material,defense-evasion;lateral-movement,user account,user account authentication,4625,An account failed to log on.,Security,Account Lockout,Microsoft-Windows-Security-Auditing
T1550,,Use Alternate Authentication Material,defense-evasion;lateral-movement,user account,user account authentication,4648,A logon was attempted using explicit credentials.,Security,Logon,Microsoft-Windows-Security-Auditing
T1550,,Use Alternate Authentication Material,defense-evasion;lateral-movement,user account,user account authentication,DeviceLogonEvents,DeviceLogonEvents,,,Microsoft Defender for Endpoint
T1550,,Use Alternate Authentication Material,defense-evasion;lateral-movement,user account,user account authentication,4776,The domain controller or local computer attempted to validate the credentials for an account.,Security,Credential Validation,Microsoft-Windows-Security-Auditing
T1548.002,True,Bypass User Account Control,privilege-escalation;defense-evasion,command,command execution,4688,A new process has been created.,Security,Process Creation,Microsoft-Windows-Security-Auditing
T1548.002,True,Bypass User Account Control,privilege-escalation;defense-evasion,command,command execution,1,Process Creation.,Microsoft-Windows-Sysmon/Operational,,Microsoft-Windows-Sysmon
T1548.002,True,Bypass User Account Control,privilege-escalation;defense-evasion,command,command execution,4103,Module logging.,Microsoft-Windows-PowerShell/Operational,,Microsoft-Windows-PowerShell
T1548.002,True,Bypass User Account Control,privilege-escalation;defense-evasion,command,command execution,DeviceProcessEvents,DeviceProcessEvents,,,Microsoft Defender for Endpoint
T1548.002,True,Bypass User Account Control,privilege-escalation;defense-evasion,process,process metadata,5,Process terminated.,Microsoft-Windows-Sysmon/Operational,,Microsoft-Windows-Sysmon
T1548.002,True,Bypass User Account Control,privilege-escalation;defense-evasion,process,process metadata,30,EventID(30),,,Microsoft-Windows-LDAP-Client/Debug
T1548.002,True,Bypass User Account Control,privilege-escalation;defense-evasion,process,process metadata,DeviceEvents,DeviceEvents,,,Microsoft Defender for Endpoint
T1548.002,True,Bypass User Account Control,privilege-escalation;defense-evasion,process,process creation,4688,A new process has been created.,Security,Process Creation,Microsoft-Windows-Security-Auditing
T1548.002,True,Bypass User Account Control,privilege-escalation;defense-evasion,process,process creation,1,Process Creation.,Microsoft-Windows-Sysmon/Operational,,Microsoft-Windows-Sysmon
T1548.002,True,Bypass User Account Control,privilege-escalation;defense-evasion,process,process creation,DeviceProcessEvents,DeviceProcessEvents,,,Microsoft Defender for Endpoint
T1548.002,True,Bypass User Account Control,privilege-escalation;defense-evasion,process,process creation,8,CreateRemoteThread.,Microsoft-Windows-Sysmon/Operational,,Microsoft-Windows-Sysmon
T1548.002,True,Bypass User Account Control,privilege-escalation;defense-evasion,process,process creation,DeviceEvents,DeviceEvents,,,Microsoft Defender for Endpoint
T1548.002,True,Bypass User Account Control,privilege-escalation;defense-evasion,windows registry,windows registry key modification,13,RegistryEvent (Value Set).,Microsoft-Windows-Sysmon/Operational,,Microsoft-Windows-Sysmon
T1548.002,True,Bypass User Account Control,privilege-escalation;defense-evasion,windows registry,windows registry key modification,14,RegistryEvent (Key and Value Rename).,Microsoft-Windows-Sysmon/Operational,,Microsoft-Windows-Sysmon
T1548.002,True,Bypass User Account Control,privilege-escalation;defense-evasion,windows registry,windows registry key modification,4657,A registry value was modified.,Security,Registry,Microsoft-Windows-Security-Auditing
T1548.002,True,Bypass User Account Control,privilege-escalation;defense-evasion,windows registry,windows registry key modification,4670,Permissions on an object were changed.,Security,Registry,Microsoft-Windows-Security-Auditing
T1548.002,True,Bypass User Account Control,privilege-escalation;defense-evasion,windows registry,windows registry key modification,DeviceRegistryEvents,DeviceRegistryEvents,,,Microsoft Defender for Endpoint
T1548,,Abuse Elevation Control Mechanism,privilege-escalation;defense-evasion,file,file modification,4670,Permissions on an object were changed.,Security,File System,Microsoft-Windows-Security-Auditing
T1548,,Abuse Elevation Control Mechanism,privilege-escalation;defense-evasion,file,file modification,DeviceFileEvents,DeviceFileEvents,,,Microsoft Defender for Endpoint
T1548,,Abuse Elevation Control Mechanism,privilege-escalation;defense-evasion,file,file modification,2,A process changed a file creation time.,Microsoft-Windows-Sysmon/Operational,,Microsoft-Windows-Sysmon
T1548,,Abuse Elevation Control Mechanism,privilege-escalation;defense-evasion,file,file modification,11,FileCreate.,Microsoft-Windows-Sysmon/Operational,,Microsoft-Windows-Sysmon
T1548,,Abuse Elevation Control Mechanism,privilege-escalation;defense-evasion,windows registry,windows registry key modification,13,RegistryEvent (Value Set).,Microsoft-Windows-Sysmon/Operational,,Microsoft-Windows-Sysmon
T1548,,Abuse Elevation Control Mechanism,privilege-escalation;defense-evasion,windows registry,windows registry key modification,14,RegistryEvent (Key and Value Rename).,Microsoft-Windows-Sysmon/Operational,,Microsoft-Windows-Sysmon
T1548,,Abuse Elevation Control Mechanism,privilege-escalation;defense-evasion,windows registry,windows registry key modification,4657,A registry value was modified.,Security,Registry,Microsoft-Windows-Security-Auditing
T1548,,Abuse Elevation Control Mechanism,privilege-escalation;defense-evasion,windows registry,windows registry key modification,4670,Permissions on an object were changed.,Security,Registry,Microsoft-Windows-Security-Auditing
T1548,,Abuse Elevation Control Mechanism,privilege-escalation;defense-evasion,windows registry,windows registry key modification,DeviceRegistryEvents,DeviceRegistryEvents,,,Microsoft Defender for Endpoint
T1548,,Abuse Elevation Control Mechanism,privilege-escalation;defense-evasion,command,command execution,4688,A new process has been created.,Security,Process Creation,Microsoft-Windows-Security-Auditing
T1548,,Abuse Elevation Control Mechanism,privilege-escalation;defense-evasion,command,command execution,1,Process Creation.,Microsoft-Windows-Sysmon/Operational,,Microsoft-Windows-Sysmon
T1548,,Abuse Elevation Control Mechanism,privilege-escalation;defense-evasion,command,command execution,4103,Module logging.,Microsoft-Windows-PowerShell/Operational,,Microsoft-Windows-PowerShell
T1548,,Abuse Elevation Control Mechanism,privilege-escalation;defense-evasion,command,command execution,DeviceProcessEvents,DeviceProcessEvents,,,Microsoft Defender for Endpoint
T1548,,Abuse Elevation Control Mechanism,privilege-escalation;defense-evasion,process,process metadata,5,Process terminated.,Microsoft-Windows-Sysmon/Operational,,Microsoft-Windows-Sysmon
T1548,,Abuse Elevation Control Mechanism,privilege-escalation;defense-evasion,process,process metadata,30,EventID(30),,,Microsoft-Windows-LDAP-Client/Debug
T1548,,Abuse Elevation Control Mechanism,privilege-escalation;defense-evasion,process,process metadata,DeviceEvents,DeviceEvents,,,Microsoft Defender for Endpoint
T1548,,Abuse Elevation Control Mechanism,privilege-escalation;defense-evasion,process,process creation,4688,A new process has been created.,Security,Process Creation,Microsoft-Windows-Security-Auditing
T1548,,Abuse Elevation Control Mechanism,privilege-escalation;defense-evasion,process,process creation,1,Process Creation.,Microsoft-Windows-Sysmon/Operational,,Microsoft-Windows-Sysmon
T1548,,Abuse Elevation Control Mechanism,privilege-escalation;defense-evasion,process,process creation,DeviceProcessEvents,DeviceProcessEvents,,,Microsoft Defender for Endpoint
T1548,,Abuse Elevation Control Mechanism,privilege-escalation;defense-evasion,process,process creation,8,CreateRemoteThread.,Microsoft-Windows-Sysmon/Operational,,Microsoft-Windows-Sysmon
T1548,,Abuse Elevation Control Mechanism,privilege-escalation;defense-evasion,process,process creation,DeviceEvents,DeviceEvents,,,Microsoft Defender for Endpoint
T1548,,Abuse Elevation Control Mechanism,privilege-escalation;defense-evasion,process,os api execution,8,CreateRemoteThread.,Microsoft-Windows-Sysmon/Operational,,Microsoft-Windows-Sysmon
T1548,,Abuse Elevation Control Mechanism,privilege-escalation;defense-evasion,process,os api execution,DeviceEvents,DeviceEvents,,,Microsoft Defender for Endpoint
T1070.001,True,Clear Windows Event Logs,defense-evasion,file,file deletion,23,File Delete archived.,Microsoft-Windows-Sysmon/Operational,,Microsoft-Windows-Sysmon
T1070.001,True,Clear Windows Event Logs,defense-evasion,file,file deletion,26,File Delete logged.,Microsoft-Windows-Sysmon/Operational,,Microsoft-Windows-Sysmon
T1070.001,True,Clear Windows Event Logs,defense-evasion,file,file deletion,4660,An object was deleted.,Security,File System,Microsoft-Windows-Security-Auditing
T1070.001,True,Clear Windows Event Logs,defense-evasion,file,file deletion,4663,An attempt was made to access an object.,Security,File System,Microsoft-Windows-Security-Auditing
T1070.001,True,Clear Windows Event Logs,defense-evasion,file,file deletion,DeviceFileEvents,DeviceFileEvents,,,Microsoft Defender for Endpoint
T1070.001,True,Clear Windows Event Logs,defense-evasion,command,command execution,4688,A new process has been created.,Security,Process Creation,Microsoft-Windows-Security-Auditing
T1070.001,True,Clear Windows Event Logs,defense-evasion,command,command execution,1,Process Creation.,Microsoft-Windows-Sysmon/Operational,,Microsoft-Windows-Sysmon
T1070.001,True,Clear Windows Event Logs,defense-evasion,command,command execution,4103,Module logging.,Microsoft-Windows-PowerShell/Operational,,Microsoft-Windows-PowerShell
T1070.001,True,Clear Windows Event Logs,defense-evasion,command,command execution,DeviceProcessEvents,DeviceProcessEvents,,,Microsoft Defender for Endpoint
T1070.001,True,Clear Windows Event Logs,defense-evasion,process,os api execution,8,CreateRemoteThread.,Microsoft-Windows-Sysmon/Operational,,Microsoft-Windows-Sysmon
T1070.001,True,Clear Windows Event Logs,defense-evasion,process,os api execution,DeviceEvents,DeviceEvents,,,Microsoft Defender for Endpoint
T1136.002,True,Domain Account,persistence,command,command execution,4688,A new process has been created.,Security,Process Creation,Microsoft-Windows-Security-Auditing
T1136.002,True,Domain Account,persistence,command,command execution,1,Process Creation.,Microsoft-Windows-Sysmon/Operational,,Microsoft-Windows-Sysmon
T1136.002,True,Domain Account,persistence,command,command execution,4103,Module logging.,Microsoft-Windows-PowerShell/Operational,,Microsoft-Windows-PowerShell
T1136.002,True,Domain Account,persistence,command,command execution,DeviceProcessEvents,DeviceProcessEvents,,,Microsoft Defender for Endpoint
T1136.002,True,Domain Account,persistence,user account,user account creation,4720,A user account was created.,Security,User Account Management,Microsoft-Windows-Security-Auditing
T1136.002,True,Domain Account,persistence,user account,user account creation,4741,A computer account was created.,Security,Computer Account Management,Microsoft-Windows-Security-Auditing
T1136.002,True,Domain Account,persistence,user account,user account creation,DeviceEvents,DeviceEvents,,,Microsoft Defender for Endpoint
T1136.002,True,Domain Account,persistence,process,process creation,4688,A new process has been created.,Security,Process Creation,Microsoft-Windows-Security-Auditing
T1136.002,True,Domain Account,persistence,process,process creation,1,Process Creation.,Microsoft-Windows-Sysmon/Operational,,Microsoft-Windows-Sysmon
T1136.002,True,Domain Account,persistence,process,process creation,DeviceProcessEvents,DeviceProcessEvents,,,Microsoft Defender for Endpoint
T1136.002,True,Domain Account,persistence,process,process creation,8,CreateRemoteThread.,Microsoft-Windows-Sysmon/Operational,,Microsoft-Windows-Sysmon
T1136.002,True,Domain Account,persistence,process,process creation,DeviceEvents,DeviceEvents,,,Microsoft Defender for Endpoint
T1136.001,True,Local Account,persistence,user account,user account creation,4720,A user account was created.,Security,User Account Management,Microsoft-Windows-Security-Auditing
T1136.001,True,Local Account,persistence,user account,user account creation,4741,A computer account was created.,Security,Computer Account Management,Microsoft-Windows-Security-Auditing
T1136.001,True,Local Account,persistence,user account,user account creation,DeviceEvents,DeviceEvents,,,Microsoft Defender for Endpoint
T1136.001,True,Local Account,persistence,command,command execution,4688,A new process has been created.,Security,Process Creation,Microsoft-Windows-Security-Auditing
T1136.001,True,Local Account,persistence,command,command execution,1,Process Creation.,Microsoft-Windows-Sysmon/Operational,,Microsoft-Windows-Sysmon
T1136.001,True,Local Account,persistence,command,command execution,4103,Module logging.,Microsoft-Windows-PowerShell/Operational,,Microsoft-Windows-PowerShell
T1136.001,True,Local Account,persistence,command,command execution,DeviceProcessEvents,DeviceProcessEvents,,,Microsoft Defender for Endpoint
T1136.001,True,Local Account,persistence,process,process creation,4688,A new process has been created.,Security,Process Creation,Microsoft-Windows-Security-Auditing
T1136.001,True,Local Account,persistence,process,process creation,1,Process Creation.,Microsoft-Windows-Sysmon/Operational,,Microsoft-Windows-Sysmon
T1136.001,True,Local Account,persistence,process,process creation,DeviceProcessEvents,DeviceProcessEvents,,,Microsoft Defender for Endpoint
T1136.001,True,Local Account,persistence,process,process creation,8,CreateRemoteThread.,Microsoft-Windows-Sysmon/Operational,,Microsoft-Windows-Sysmon
T1136.001,True,Local Account,persistence,process,process creation,DeviceEvents,DeviceEvents,,,Microsoft Defender for Endpoint
T1547.010,True,Port Monitors,persistence;privilege-escalation,file,file creation,DeviceFileEvents,DeviceFileEvents,,,Microsoft Defender for Endpoint
T1547.010,True,Port Monitors,persistence;privilege-escalation,file,file creation,4663,An attempt was made to access an object.,Security,File System,Microsoft-Windows-Security-Auditing
T1547.010,True,Port Monitors,persistence;privilege-escalation,file,file creation,11,FileCreate,Microsoft-Windows-Sysmon/Operational,,Microsoft-Windows-Sysmon
T1547.010,True,Port Monitors,persistence;privilege-escalation,module,module load,7,Image loaded.,Microsoft-Windows-Sysmon/Operational,,Microsoft-Windows-Sysmon
T1547.010,True,Port Monitors,persistence;privilege-escalation,module,module load,DeviceImageLoadEvents,DeviceImageLoadEvents,,,Microsoft Defender for Endpoint
T1547.010,True,Port Monitors,persistence;privilege-escalation,windows registry,windows registry key modification,13,RegistryEvent (Value Set).,Microsoft-Windows-Sysmon/Operational,,Microsoft-Windows-Sysmon
T1547.010,True,Port Monitors,persistence;privilege-escalation,windows registry,windows registry key modification,14,RegistryEvent (Key and Value Rename).,Microsoft-Windows-Sysmon/Operational,,Microsoft-Windows-Sysmon
T1547.010,True,Port Monitors,persistence;privilege-escalation,windows registry,windows registry key modification,4657,A registry value was modified.,Security,Registry,Microsoft-Windows-Security-Auditing
T1547.010,True,Port Monitors,persistence;privilege-escalation,windows registry,windows registry key modification,4670,Permissions on an object were changed.,Security,Registry,Microsoft-Windows-Security-Auditing
T1547.010,True,Port Monitors,persistence;privilege-escalation,windows registry,windows registry key modification,DeviceRegistryEvents,DeviceRegistryEvents,,,Microsoft Defender for Endpoint
T1547.010,True,Port Monitors,persistence;privilege-escalation,process,os api execution,8,CreateRemoteThread.,Microsoft-Windows-Sysmon/Operational,,Microsoft-Windows-Sysmon
T1547.010,True,Port Monitors,persistence;privilege-escalation,process,os api execution,DeviceEvents,DeviceEvents,,,Microsoft Defender for Endpoint
T1547.009,True,Shortcut Modification,persistence;privilege-escalation,process,process creation,4688,A new process has been created.,Security,Process Creation,Microsoft-Windows-Security-Auditing
T1547.009,True,Shortcut Modification,persistence;privilege-escalation,process,process creation,1,Process Creation.,Microsoft-Windows-Sysmon/Operational,,Microsoft-Windows-Sysmon
T1547.009,True,Shortcut Modification,persistence;privilege-escalation,process,process creation,DeviceProcessEvents,DeviceProcessEvents,,,Microsoft Defender for Endpoint
T1547.009,True,Shortcut Modification,persistence;privilege-escalation,process,process creation,8,CreateRemoteThread.,Microsoft-Windows-Sysmon/Operational,,Microsoft-Windows-Sysmon
T1547.009,True,Shortcut Modification,persistence;privilege-escalation,process,process creation,DeviceEvents,DeviceEvents,,,Microsoft Defender for Endpoint
T1547.009,True,Shortcut Modification,persistence;privilege-escalation,file,file modification,4670,Permissions on an object were changed.,Security,File System,Microsoft-Windows-Security-Auditing
T1547.009,True,Shortcut Modification,persistence;privilege-escalation,file,file modification,DeviceFileEvents,DeviceFileEvents,,,Microsoft Defender for Endpoint
T1547.009,True,Shortcut Modification,persistence;privilege-escalation,file,file modification,2,A process changed a file creation time.,Microsoft-Windows-Sysmon/Operational,,Microsoft-Windows-Sysmon
T1547.009,True,Shortcut Modification,persistence;privilege-escalation,file,file modification,11,FileCreate.,Microsoft-Windows-Sysmon/Operational,,Microsoft-Windows-Sysmon
T1547.009,True,Shortcut Modification,persistence;privilege-escalation,file,file creation,DeviceFileEvents,DeviceFileEvents,,,Microsoft Defender for Endpoint
T1547.009,True,Shortcut Modification,persistence;privilege-escalation,file,file creation,4663,An attempt was made to access an object.,Security,File System,Microsoft-Windows-Security-Auditing
T1547.009,True,Shortcut Modification,persistence;privilege-escalation,file,file creation,11,FileCreate,Microsoft-Windows-Sysmon/Operational,,Microsoft-Windows-Sysmon
T1547.008,True,LSASS Driver,persistence;privilege-escalation,module,module load,7,Image loaded.,Microsoft-Windows-Sysmon/Operational,,Microsoft-Windows-Sysmon
T1547.008,True,LSASS Driver,persistence;privilege-escalation,module,module load,DeviceImageLoadEvents,DeviceImageLoadEvents,,,Microsoft Defender for Endpoint
T1547.008,True,LSASS Driver,persistence;privilege-escalation,file,file modification,4670,Permissions on an object were changed.,Security,File System,Microsoft-Windows-Security-Auditing
T1547.008,True,LSASS Driver,persistence;privilege-escalation,file,file modification,DeviceFileEvents,DeviceFileEvents,,,Microsoft Defender for Endpoint
T1547.008,True,LSASS Driver,persistence;privilege-escalation,file,file modification,2,A process changed a file creation time.,Microsoft-Windows-Sysmon/Operational,,Microsoft-Windows-Sysmon
T1547.008,True,LSASS Driver,persistence;privilege-escalation,file,file modification,11,FileCreate.,Microsoft-Windows-Sysmon/Operational,,Microsoft-Windows-Sysmon
T1547.008,True,LSASS Driver,persistence;privilege-escalation,file,file creation,DeviceFileEvents,DeviceFileEvents,,,Microsoft Defender for Endpoint
T1547.008,True,LSASS Driver,persistence;privilege-escalation,file,file creation,4663,An attempt was made to access an object.,Security,File System,Microsoft-Windows-Security-Auditing
T1547.008,True,LSASS Driver,persistence;privilege-escalation,file,file creation,11,FileCreate,Microsoft-Windows-Sysmon/Operational,,Microsoft-Windows-Sysmon
T1547.008,True,LSASS Driver,persistence;privilege-escalation,driver,driver load,6,Driver loaded.,Microsoft-Windows-Sysmon/Operational,,Microsoft-Windows-Sysmon
T1547.008,True,LSASS Driver,persistence;privilege-escalation,driver,driver load,DeviceEvents,DeviceEvents,,,Microsoft Defender for Endpoint
T1547.005,True,Security Support Provider,persistence;privilege-escalation,module,module load,7,Image loaded.,Microsoft-Windows-Sysmon/Operational,,Microsoft-Windows-Sysmon
T1547.005,True,Security Support Provider,persistence;privilege-escalation,module,module load,DeviceImageLoadEvents,DeviceImageLoadEvents,,,Microsoft Defender for Endpoint
T1547.005,True,Security Support Provider,persistence;privilege-escalation,windows registry,windows registry key modification,13,RegistryEvent (Value Set).,Microsoft-Windows-Sysmon/Operational,,Microsoft-Windows-Sysmon
T1547.005,True,Security Support Provider,persistence;privilege-escalation,windows registry,windows registry key modification,14,RegistryEvent (Key and Value Rename).,Microsoft-Windows-Sysmon/Operational,,Microsoft-Windows-Sysmon
T1547.005,True,Security Support Provider,persistence;privilege-escalation,windows registry,windows registry key modification,4657,A registry value was modified.,Security,Registry,Microsoft-Windows-Security-Auditing
T1547.005,True,Security Support Provider,persistence;privilege-escalation,windows registry,windows registry key modification,4670,Permissions on an object were changed.,Security,Registry,Microsoft-Windows-Security-Auditing
T1547.005,True,Security Support Provider,persistence;privilege-escalation,windows registry,windows registry key modification,DeviceRegistryEvents,DeviceRegistryEvents,,,Microsoft Defender for Endpoint
T1547.005,True,Security Support Provider,persistence;privilege-escalation,command,command execution,4688,A new process has been created.,Security,Process Creation,Microsoft-Windows-Security-Auditing
T1547.005,True,Security Support Provider,persistence;privilege-escalation,command,command execution,1,Process Creation.,Microsoft-Windows-Sysmon/Operational,,Microsoft-Windows-Sysmon
T1547.005,True,Security Support Provider,persistence;privilege-escalation,command,command execution,4103,Module logging.,Microsoft-Windows-PowerShell/Operational,,Microsoft-Windows-PowerShell
T1547.005,True,Security Support Provider,persistence;privilege-escalation,command,command execution,DeviceProcessEvents,DeviceProcessEvents,,,Microsoft Defender for Endpoint
T1547.004,True,Winlogon Helper DLL,persistence;privilege-escalation,command,command execution,4688,A new process has been created.,Security,Process Creation,Microsoft-Windows-Security-Auditing
T1547.004,True,Winlogon Helper DLL,persistence;privilege-escalation,command,command execution,1,Process Creation.,Microsoft-Windows-Sysmon/Operational,,Microsoft-Windows-Sysmon
T1547.004,True,Winlogon Helper DLL,persistence;privilege-escalation,command,command execution,4103,Module logging.,Microsoft-Windows-PowerShell/Operational,,Microsoft-Windows-PowerShell
T1547.004,True,Winlogon Helper DLL,persistence;privilege-escalation,command,command execution,DeviceProcessEvents,DeviceProcessEvents,,,Microsoft Defender for Endpoint
T1547.004,True,Winlogon Helper DLL,persistence;privilege-escalation,windows registry,windows registry key modification,13,RegistryEvent (Value Set).,Microsoft-Windows-Sysmon/Operational,,Microsoft-Windows-Sysmon
T1547.004,True,Winlogon Helper DLL,persistence;privilege-escalation,windows registry,windows registry key modification,14,RegistryEvent (Key and Value Rename).,Microsoft-Windows-Sysmon/Operational,,Microsoft-Windows-Sysmon
T1547.004,True,Winlogon Helper DLL,persistence;privilege-escalation,windows registry,windows registry key modification,4657,A registry value was modified.,Security,Registry,Microsoft-Windows-Security-Auditing
T1547.004,True,Winlogon Helper DLL,persistence;privilege-escalation,windows registry,windows registry key modification,4670,Permissions on an object were changed.,Security,Registry,Microsoft-Windows-Security-Auditing
T1547.004,True,Winlogon Helper DLL,persistence;privilege-escalation,windows registry,windows registry key modification,DeviceRegistryEvents,DeviceRegistryEvents,,,Microsoft Defender for Endpoint
T1547.004,True,Winlogon Helper DLL,persistence;privilege-escalation,module,module load,7,Image loaded.,Microsoft-Windows-Sysmon/Operational,,Microsoft-Windows-Sysmon
T1547.004,True,Winlogon Helper DLL,persistence;privilege-escalation,module,module load,DeviceImageLoadEvents,DeviceImageLoadEvents,,,Microsoft Defender for Endpoint
T1547.003,True,Time Providers,persistence;privilege-escalation,module,module load,7,Image loaded.,Microsoft-Windows-Sysmon/Operational,,Microsoft-Windows-Sysmon
T1547.003,True,Time Providers,persistence;privilege-escalation,module,module load,DeviceImageLoadEvents,DeviceImageLoadEvents,,,Microsoft Defender for Endpoint
T1547.003,True,Time Providers,persistence;privilege-escalation,command,command execution,4688,A new process has been created.,Security,Process Creation,Microsoft-Windows-Security-Auditing
T1547.003,True,Time Providers,persistence;privilege-escalation,command,command execution,1,Process Creation.,Microsoft-Windows-Sysmon/Operational,,Microsoft-Windows-Sysmon
T1547.003,True,Time Providers,persistence;privilege-escalation,command,command execution,4103,Module logging.,Microsoft-Windows-PowerShell/Operational,,Microsoft-Windows-PowerShell
T1547.003,True,Time Providers,persistence;privilege-escalation,command,command execution,DeviceProcessEvents,DeviceProcessEvents,,,Microsoft Defender for Endpoint
T1547.003,True,Time Providers,persistence;privilege-escalation,process,process creation,4688,A new process has been created.,Security,Process Creation,Microsoft-Windows-Security-Auditing
T1547.003,True,Time Providers,persistence;privilege-escalation,process,process creation,1,Process Creation.,Microsoft-Windows-Sysmon/Operational,,Microsoft-Windows-Sysmon
T1547.003,True,Time Providers,persistence;privilege-escalation,process,process creation,DeviceProcessEvents,DeviceProcessEvents,,,Microsoft Defender for Endpoint
T1547.003,True,Time Providers,persistence;privilege-escalation,process,process creation,8,CreateRemoteThread.,Microsoft-Windows-Sysmon/Operational,,Microsoft-Windows-Sysmon
T1547.003,True,Time Providers,persistence;privilege-escalation,process,process creation,DeviceEvents,DeviceEvents,,,Microsoft Defender for Endpoint
T1547.003,True,Time Providers,persistence;privilege-escalation,windows registry,windows registry key modification,13,RegistryEvent (Value Set).,Microsoft-Windows-Sysmon/Operational,,Microsoft-Windows-Sysmon
T1547.003,True,Time Providers,persistence;privilege-escalation,windows registry,windows registry key modification,14,RegistryEvent (Key and Value Rename).,Microsoft-Windows-Sysmon/Operational,,Microsoft-Windows-Sysmon
T1547.003,True,Time Providers,persistence;privilege-escalation,windows registry,windows registry key modification,4657,A registry value was modified.,Security,Registry,Microsoft-Windows-Security-Auditing
T1547.003,True,Time Providers,persistence;privilege-escalation,windows registry,windows registry key modification,4670,Permissions on an object were changed.,Security,Registry,Microsoft-Windows-Security-Auditing
T1547.003,True,Time Providers,persistence;privilege-escalation,windows registry,windows registry key modification,DeviceRegistryEvents,DeviceRegistryEvents,,,Microsoft Defender for Endpoint
T1546.013,True,PowerShell Profile,privilege-escalation;persistence,file,file modification,4670,Permissions on an object were changed.,Security,File System,Microsoft-Windows-Security-Auditing
T1546.013,True,PowerShell Profile,privilege-escalation;persistence,file,file modification,DeviceFileEvents,DeviceFileEvents,,,Microsoft Defender for Endpoint
T1546.013,True,PowerShell Profile,privilege-escalation;persistence,file,file modification,2,A process changed a file creation time.,Microsoft-Windows-Sysmon/Operational,,Microsoft-Windows-Sysmon
T1546.013,True,PowerShell Profile,privilege-escalation;persistence,file,file modification,11,FileCreate.,Microsoft-Windows-Sysmon/Operational,,Microsoft-Windows-Sysmon
T1546.013,True,PowerShell Profile,privilege-escalation;persistence,file,file creation,DeviceFileEvents,DeviceFileEvents,,,Microsoft Defender for Endpoint
T1546.013,True,PowerShell Profile,privilege-escalation;persistence,file,file creation,4663,An attempt was made to access an object.,Security,File System,Microsoft-Windows-Security-Auditing
T1546.013,True,PowerShell Profile,privilege-escalation;persistence,file,file creation,11,FileCreate,Microsoft-Windows-Sysmon/Operational,,Microsoft-Windows-Sysmon
T1546.013,True,PowerShell Profile,privilege-escalation;persistence,command,command execution,4688,A new process has been created.,Security,Process Creation,Microsoft-Windows-Security-Auditing
T1546.013,True,PowerShell Profile,privilege-escalation;persistence,command,command execution,1,Process Creation.,Microsoft-Windows-Sysmon/Operational,,Microsoft-Windows-Sysmon
T1546.013,True,PowerShell Profile,privilege-escalation;persistence,command,command execution,4103,Module logging.,Microsoft-Windows-PowerShell/Operational,,Microsoft-Windows-PowerShell
T1546.013,True,PowerShell Profile,privilege-escalation;persistence,command,command execution,DeviceProcessEvents,DeviceProcessEvents,,,Microsoft Defender for Endpoint
T1546.013,True,PowerShell Profile,privilege-escalation;persistence,process,process creation,4688,A new process has been created.,Security,Process Creation,Microsoft-Windows-Security-Auditing
T1546.013,True,PowerShell Profile,privilege-escalation;persistence,process,process creation,1,Process Creation.,Microsoft-Windows-Sysmon/Operational,,Microsoft-Windows-Sysmon
T1546.013,True,PowerShell Profile,privilege-escalation;persistence,process,process creation,DeviceProcessEvents,DeviceProcessEvents,,,Microsoft Defender for Endpoint
T1546.013,True,PowerShell Profile,privilege-escalation;persistence,process,process creation,8,CreateRemoteThread.,Microsoft-Windows-Sysmon/Operational,,Microsoft-Windows-Sysmon
T1546.013,True,PowerShell Profile,privilege-escalation;persistence,process,process creation,DeviceEvents,DeviceEvents,,,Microsoft Defender for Endpoint
T1546.012,True,Image File Execution Options Injection,privilege-escalation;persistence,windows registry,windows registry key modification,13,RegistryEvent (Value Set).,Microsoft-Windows-Sysmon/Operational,,Microsoft-Windows-Sysmon
T1546.012,True,Image File Execution Options Injection,privilege-escalation;persistence,windows registry,windows registry key modification,14,RegistryEvent (Key and Value Rename).,Microsoft-Windows-Sysmon/Operational,,Microsoft-Windows-Sysmon
T1546.012,True,Image File Execution Options Injection,privilege-escalation;persistence,windows registry,windows registry key modification,4657,A registry value was modified.,Security,Registry,Microsoft-Windows-Security-Auditing
T1546.012,True,Image File Execution Options Injection,privilege-escalation;persistence,windows registry,windows registry key modification,4670,Permissions on an object were changed.,Security,Registry,Microsoft-Windows-Security-Auditing
T1546.012,True,Image File Execution Options Injection,privilege-escalation;persistence,windows registry,windows registry key modification,DeviceRegistryEvents,DeviceRegistryEvents,,,Microsoft Defender for Endpoint
T1546.012,True,Image File Execution Options Injection,privilege-escalation;persistence,command,command execution,4688,A new process has been created.,Security,Process Creation,Microsoft-Windows-Security-Auditing
T1546.012,True,Image File Execution Options Injection,privilege-escalation;persistence,command,command execution,1,Process Creation.,Microsoft-Windows-Sysmon/Operational,,Microsoft-Windows-Sysmon
T1546.012,True,Image File Execution Options Injection,privilege-escalation;persistence,command,command execution,4103,Module logging.,Microsoft-Windows-PowerShell/Operational,,Microsoft-Windows-PowerShell
T1546.012,True,Image File Execution Options Injection,privilege-escalation;persistence,command,command execution,DeviceProcessEvents,DeviceProcessEvents,,,Microsoft Defender for Endpoint
T1546.012,True,Image File Execution Options Injection,privilege-escalation;persistence,process,process creation,4688,A new process has been created.,Security,Process Creation,Microsoft-Windows-Security-Auditing
T1546.012,True,Image File Execution Options Injection,privilege-escalation;persistence,process,process creation,1,Process Creation.,Microsoft-Windows-Sysmon/Operational,,Microsoft-Windows-Sysmon
T1546.012,True,Image File Execution Options Injection,privilege-escalation;persistence,process,process creation,DeviceProcessEvents,DeviceProcessEvents,,,Microsoft Defender for Endpoint
T1546.012,True,Image File Execution Options Injection,privilege-escalation;persistence,process,process creation,8,CreateRemoteThread.,Microsoft-Windows-Sysmon/Operational,,Microsoft-Windows-Sysmon
T1546.012,True,Image File Execution Options Injection,privilege-escalation;persistence,process,process creation,DeviceEvents,DeviceEvents,,,Microsoft Defender for Endpoint
T1218.008,True,Odbcconf,defense-evasion,module,module load,7,Image loaded.,Microsoft-Windows-Sysmon/Operational,,Microsoft-Windows-Sysmon
T1218.008,True,Odbcconf,defense-evasion,module,module load,DeviceImageLoadEvents,DeviceImageLoadEvents,,,Microsoft Defender for Endpoint
T1218.008,True,Odbcconf,defense-evasion,command,command execution,4688,A new process has been created.,Security,Process Creation,Microsoft-Windows-Security-Auditing
T1218.008,True,Odbcconf,defense-evasion,command,command execution,1,Process Creation.,Microsoft-Windows-Sysmon/Operational,,Microsoft-Windows-Sysmon
T1218.008,True,Odbcconf,defense-evasion,command,command execution,4103,Module logging.,Microsoft-Windows-PowerShell/Operational,,Microsoft-Windows-PowerShell
T1218.008,True,Odbcconf,defense-evasion,command,command execution,DeviceProcessEvents,DeviceProcessEvents,,,Microsoft Defender for Endpoint
T1218.008,True,Odbcconf,defense-evasion,process,process creation,4688,A new process has been created.,Security,Process Creation,Microsoft-Windows-Security-Auditing
T1218.008,True,Odbcconf,defense-evasion,process,process creation,1,Process Creation.,Microsoft-Windows-Sysmon/Operational,,Microsoft-Windows-Sysmon
T1218.008,True,Odbcconf,defense-evasion,process,process creation,DeviceProcessEvents,DeviceProcessEvents,,,Microsoft Defender for Endpoint
T1218.008,True,Odbcconf,defense-evasion,process,process creation,8,CreateRemoteThread.,Microsoft-Windows-Sysmon/Operational,,Microsoft-Windows-Sysmon
T1218.008,True,Odbcconf,defense-evasion,process,process creation,DeviceEvents,DeviceEvents,,,Microsoft Defender for Endpoint
T1546.011,True,Application Shimming,privilege-escalation;persistence,command,command execution,4688,A new process has been created.,Security,Process Creation,Microsoft-Windows-Security-Auditing
T1546.011,True,Application Shimming,privilege-escalation;persistence,command,command execution,1,Process Creation.,Microsoft-Windows-Sysmon/Operational,,Microsoft-Windows-Sysmon
T1546.011,True,Application Shimming,privilege-escalation;persistence,command,command execution,4103,Module logging.,Microsoft-Windows-PowerShell/Operational,,Microsoft-Windows-PowerShell
T1546.011,True,Application Shimming,privilege-escalation;persistence,command,command execution,DeviceProcessEvents,DeviceProcessEvents,,,Microsoft Defender for Endpoint
T1546.011,True,Application Shimming,privilege-escalation;persistence,file,file modification,4670,Permissions on an object were changed.,Security,File System,Microsoft-Windows-Security-Auditing
T1546.011,True,Application Shimming,privilege-escalation;persistence,file,file modification,DeviceFileEvents,DeviceFileEvents,,,Microsoft Defender for Endpoint
T1546.011,True,Application Shimming,privilege-escalation;persistence,file,file modification,2,A process changed a file creation time.,Microsoft-Windows-Sysmon/Operational,,Microsoft-Windows-Sysmon
T1546.011,True,Application Shimming,privilege-escalation;persistence,file,file modification,11,FileCreate.,Microsoft-Windows-Sysmon/Operational,,Microsoft-Windows-Sysmon
T1546.011,True,Application Shimming,privilege-escalation;persistence,process,process creation,4688,A new process has been created.,Security,Process Creation,Microsoft-Windows-Security-Auditing
T1546.011,True,Application Shimming,privilege-escalation;persistence,process,process creation,1,Process Creation.,Microsoft-Windows-Sysmon/Operational,,Microsoft-Windows-Sysmon
T1546.011,True,Application Shimming,privilege-escalation;persistence,process,process creation,DeviceProcessEvents,DeviceProcessEvents,,,Microsoft Defender for Endpoint
T1546.011,True,Application Shimming,privilege-escalation;persistence,process,process creation,8,CreateRemoteThread.,Microsoft-Windows-Sysmon/Operational,,Microsoft-Windows-Sysmon
T1546.011,True,Application Shimming,privilege-escalation;persistence,process,process creation,DeviceEvents,DeviceEvents,,,Microsoft Defender for Endpoint
T1546.011,True,Application Shimming,privilege-escalation;persistence,module,module load,7,Image loaded.,Microsoft-Windows-Sysmon/Operational,,Microsoft-Windows-Sysmon
T1546.011,True,Application Shimming,privilege-escalation;persistence,module,module load,DeviceImageLoadEvents,DeviceImageLoadEvents,,,Microsoft Defender for Endpoint
T1546.011,True,Application Shimming,privilege-escalation;persistence,windows registry,windows registry key modification,13,RegistryEvent (Value Set).,Microsoft-Windows-Sysmon/Operational,,Microsoft-Windows-Sysmon
T1546.011,True,Application Shimming,privilege-escalation;persistence,windows registry,windows registry key modification,14,RegistryEvent (Key and Value Rename).,Microsoft-Windows-Sysmon/Operational,,Microsoft-Windows-Sysmon
T1546.011,True,Application Shimming,privilege-escalation;persistence,windows registry,windows registry key modification,4657,A registry value was modified.,Security,Registry,Microsoft-Windows-Security-Auditing
T1546.011,True,Application Shimming,privilege-escalation;persistence,windows registry,windows registry key modification,4670,Permissions on an object were changed.,Security,Registry,Microsoft-Windows-Security-Auditing
T1546.011,True,Application Shimming,privilege-escalation;persistence,windows registry,windows registry key modification,DeviceRegistryEvents,DeviceRegistryEvents,,,Microsoft Defender for Endpoint
T1547.002,True,Authentication Package,persistence;privilege-escalation,module,module load,7,Image loaded.,Microsoft-Windows-Sysmon/Operational,,Microsoft-Windows-Sysmon
T1547.002,True,Authentication Package,persistence;privilege-escalation,module,module load,DeviceImageLoadEvents,DeviceImageLoadEvents,,,Microsoft Defender for Endpoint
T1547.002,True,Authentication Package,persistence;privilege-escalation,windows registry,windows registry key modification,13,RegistryEvent (Value Set).,Microsoft-Windows-Sysmon/Operational,,Microsoft-Windows-Sysmon
T1547.002,True,Authentication Package,persistence;privilege-escalation,windows registry,windows registry key modification,14,RegistryEvent (Key and Value Rename).,Microsoft-Windows-Sysmon/Operational,,Microsoft-Windows-Sysmon
T1547.002,True,Authentication Package,persistence;privilege-escalation,windows registry,windows registry key modification,4657,A registry value was modified.,Security,Registry,Microsoft-Windows-Security-Auditing
T1547.002,True,Authentication Package,persistence;privilege-escalation,windows registry,windows registry key modification,4670,Permissions on an object were changed.,Security,Registry,Microsoft-Windows-Security-Auditing
T1547.002,True,Authentication Package,persistence;privilege-escalation,windows registry,windows registry key modification,DeviceRegistryEvents,DeviceRegistryEvents,,,Microsoft Defender for Endpoint
T1547.002,True,Authentication Package,persistence;privilege-escalation,command,command execution,4688,A new process has been created.,Security,Process Creation,Microsoft-Windows-Security-Auditing
T1547.002,True,Authentication Package,persistence;privilege-escalation,command,command execution,1,Process Creation.,Microsoft-Windows-Sysmon/Operational,,Microsoft-Windows-Sysmon
T1547.002,True,Authentication Package,persistence;privilege-escalation,command,command execution,4103,Module logging.,Microsoft-Windows-PowerShell/Operational,,Microsoft-Windows-PowerShell
T1547.002,True,Authentication Package,persistence;privilege-escalation,command,command execution,DeviceProcessEvents,DeviceProcessEvents,,,Microsoft Defender for Endpoint
T1546.010,True,AppInit DLLs,privilege-escalation;persistence,process,os api execution,8,CreateRemoteThread.,Microsoft-Windows-Sysmon/Operational,,Microsoft-Windows-Sysmon
T1546.010,True,AppInit DLLs,privilege-escalation;persistence,process,os api execution,DeviceEvents,DeviceEvents,,,Microsoft Defender for Endpoint
T1546.010,True,AppInit DLLs,privilege-escalation;persistence,process,process creation,4688,A new process has been created.,Security,Process Creation,Microsoft-Windows-Security-Auditing
T1546.010,True,AppInit DLLs,privilege-escalation;persistence,process,process creation,1,Process Creation.,Microsoft-Windows-Sysmon/Operational,,Microsoft-Windows-Sysmon
T1546.010,True,AppInit DLLs,privilege-escalation;persistence,process,process creation,DeviceProcessEvents,DeviceProcessEvents,,,Microsoft Defender for Endpoint
T1546.010,True,AppInit DLLs,privilege-escalation;persistence,process,process creation,8,CreateRemoteThread.,Microsoft-Windows-Sysmon/Operational,,Microsoft-Windows-Sysmon
T1546.010,True,AppInit DLLs,privilege-escalation;persistence,process,process creation,DeviceEvents,DeviceEvents,,,Microsoft Defender for Endpoint
T1546.010,True,AppInit DLLs,privilege-escalation;persistence,windows registry,windows registry key modification,13,RegistryEvent (Value Set).,Microsoft-Windows-Sysmon/Operational,,Microsoft-Windows-Sysmon
T1546.010,True,AppInit DLLs,privilege-escalation;persistence,windows registry,windows registry key modification,14,RegistryEvent (Key and Value Rename).,Microsoft-Windows-Sysmon/Operational,,Microsoft-Windows-Sysmon
T1546.010,True,AppInit DLLs,privilege-escalation;persistence,windows registry,windows registry key modification,4657,A registry value was modified.,Security,Registry,Microsoft-Windows-Security-Auditing
T1546.010,True,AppInit DLLs,privilege-escalation;persistence,windows registry,windows registry key modification,4670,Permissions on an object were changed.,Security,Registry,Microsoft-Windows-Security-Auditing
T1546.010,True,AppInit DLLs,privilege-escalation;persistence,windows registry,windows registry key modification,DeviceRegistryEvents,DeviceRegistryEvents,,,Microsoft Defender for Endpoint
T1546.010,True,AppInit DLLs,privilege-escalation;persistence,command,command execution,4688,A new process has been created.,Security,Process Creation,Microsoft-Windows-Security-Auditing
T1546.010,True,AppInit DLLs,privilege-escalation;persistence,command,command execution,1,Process Creation.,Microsoft-Windows-Sysmon/Operational,,Microsoft-Windows-Sysmon
T1546.010,True,AppInit DLLs,privilege-escalation;persistence,command,command execution,4103,Module logging.,Microsoft-Windows-PowerShell/Operational,,Microsoft-Windows-PowerShell
T1546.010,True,AppInit DLLs,privilege-escalation;persistence,command,command execution,DeviceProcessEvents,DeviceProcessEvents,,,Microsoft Defender for Endpoint
T1546.010,True,AppInit DLLs,privilege-escalation;persistence,module,module load,7,Image loaded.,Microsoft-Windows-Sysmon/Operational,,Microsoft-Windows-Sysmon
T1546.010,True,AppInit DLLs,privilege-escalation;persistence,module,module load,DeviceImageLoadEvents,DeviceImageLoadEvents,,,Microsoft Defender for Endpoint
T1546.009,True,AppCert DLLs,privilege-escalation;persistence,process,os api execution,8,CreateRemoteThread.,Microsoft-Windows-Sysmon/Operational,,Microsoft-Windows-Sysmon
T1546.009,True,AppCert DLLs,privilege-escalation;persistence,process,os api execution,DeviceEvents,DeviceEvents,,,Microsoft Defender for Endpoint
T1546.009,True,AppCert DLLs,privilege-escalation;persistence,process,process creation,4688,A new process has been created.,Security,Process Creation,Microsoft-Windows-Security-Auditing
T1546.009,True,AppCert DLLs,privilege-escalation;persistence,process,process creation,1,Process Creation.,Microsoft-Windows-Sysmon/Operational,,Microsoft-Windows-Sysmon
T1546.009,True,AppCert DLLs,privilege-escalation;persistence,process,process creation,DeviceProcessEvents,DeviceProcessEvents,,,Microsoft Defender for Endpoint
T1546.009,True,AppCert DLLs,privilege-escalation;persistence,process,process creation,8,CreateRemoteThread.,Microsoft-Windows-Sysmon/Operational,,Microsoft-Windows-Sysmon
T1546.009,True,AppCert DLLs,privilege-escalation;persistence,process,process creation,DeviceEvents,DeviceEvents,,,Microsoft Defender for Endpoint
T1546.009,True,AppCert DLLs,privilege-escalation;persistence,command,command execution,4688,A new process has been created.,Security,Process Creation,Microsoft-Windows-Security-Auditing
T1546.009,True,AppCert DLLs,privilege-escalation;persistence,command,command execution,1,Process Creation.,Microsoft-Windows-Sysmon/Operational,,Microsoft-Windows-Sysmon
T1546.009,True,AppCert DLLs,privilege-escalation;persistence,command,command execution,4103,Module logging.,Microsoft-Windows-PowerShell/Operational,,Microsoft-Windows-PowerShell
T1546.009,True,AppCert DLLs,privilege-escalation;persistence,command,command execution,DeviceProcessEvents,DeviceProcessEvents,,,Microsoft Defender for Endpoint
T1546.009,True,AppCert DLLs,privilege-escalation;persistence,module,module load,7,Image loaded.,Microsoft-Windows-Sysmon/Operational,,Microsoft-Windows-Sysmon
T1546.009,True,AppCert DLLs,privilege-escalation;persistence,module,module load,DeviceImageLoadEvents,DeviceImageLoadEvents,,,Microsoft Defender for Endpoint
T1546.009,True,AppCert DLLs,privilege-escalation;persistence,windows registry,windows registry key modification,13,RegistryEvent (Value Set).,Microsoft-Windows-Sysmon/Operational,,Microsoft-Windows-Sysmon
T1546.009,True,AppCert DLLs,privilege-escalation;persistence,windows registry,windows registry key modification,14,RegistryEvent (Key and Value Rename).,Microsoft-Windows-Sysmon/Operational,,Microsoft-Windows-Sysmon
T1546.009,True,AppCert DLLs,privilege-escalation;persistence,windows registry,windows registry key modification,4657,A registry value was modified.,Security,Registry,Microsoft-Windows-Security-Auditing
T1546.009,True,AppCert DLLs,privilege-escalation;persistence,windows registry,windows registry key modification,4670,Permissions on an object were changed.,Security,Registry,Microsoft-Windows-Security-Auditing
T1546.009,True,AppCert DLLs,privilege-escalation;persistence,windows registry,windows registry key modification,DeviceRegistryEvents,DeviceRegistryEvents,,,Microsoft Defender for Endpoint
T1218.007,True,Msiexec,defense-evasion,process,process creation,4688,A new process has been created.,Security,Process Creation,Microsoft-Windows-Security-Auditing
T1218.007,True,Msiexec,defense-evasion,process,process creation,1,Process Creation.,Microsoft-Windows-Sysmon/Operational,,Microsoft-Windows-Sysmon
T1218.007,True,Msiexec,defense-evasion,process,process creation,DeviceProcessEvents,DeviceProcessEvents,,,Microsoft Defender for Endpoint
T1218.007,True,Msiexec,defense-evasion,process,process creation,8,CreateRemoteThread.,Microsoft-Windows-Sysmon/Operational,,Microsoft-Windows-Sysmon
T1218.007,True,Msiexec,defense-evasion,process,process creation,DeviceEvents,DeviceEvents,,,Microsoft Defender for Endpoint
T1218.007,True,Msiexec,defense-evasion,network traffic,network connection creation,5156,The Windows Filtering Platform has permitted a connection.,Security,Filtering Platform Connection,Microsoft-Windows-Security-Auditing
T1218.007,True,Msiexec,defense-evasion,network traffic,network connection creation,3,Network connection.,Microsoft-Windows-Sysmon/Operational,,Microsoft-Windows-Sysmon
T1218.007,True,Msiexec,defense-evasion,network traffic,network connection creation,DeviceNetworkEvents,DeviceNetworkEvents,,,Microsoft Defender for Endpoint
T1218.007,True,Msiexec,defense-evasion,network traffic,network connection creation,5157,The Windows Filtering Platform has blocked a connection.,Security,Filtering Platform Connection,Microsoft-Windows-Security-Auditing
T1218.007,True,Msiexec,defense-evasion,network traffic,network connection creation,5154,The Windows Filtering Platform has permitted an application or service to listen on a port for incoming connections.,Security,Filtering Platform Connection,Microsoft-Windows-Security-Auditing
T1218.007,True,Msiexec,defense-evasion,network traffic,network connection creation,5159,The Windows Filtering Platform has blocked a bind to a local port.,Security,Filtering Platform Connection,Microsoft-Windows-Security-Auditing
T1218.007,True,Msiexec,defense-evasion,network traffic,network connection creation,5155,The Windows Filtering Platform has blocked an application or service from listening on a port for incoming connections.,Security,Filtering Platform Connection,Microsoft-Windows-Security-Auditing
T1218.007,True,Msiexec,defense-evasion,network traffic,network connection creation,5031,The Windows Firewall Service blocked an application from accepting incoming connections on the network.,Security,Filtering Platform Connection,Microsoft-Windows-Security-Auditing
T1218.007,True,Msiexec,defense-evasion,network traffic,network connection creation,DeviceEvents,DeviceEvents,,,Microsoft Defender for Endpoint
T1218.007,True,Msiexec,defense-evasion,network traffic,network connection creation,5158,The Windows Filtering Platform has permitted a bind to a local port.,Security,Filtering Platform Connection,Microsoft-Windows-Security-Auditing
T1218.007,True,Msiexec,defense-evasion,module,module load,7,Image loaded.,Microsoft-Windows-Sysmon/Operational,,Microsoft-Windows-Sysmon
T1218.007,True,Msiexec,defense-evasion,module,module load,DeviceImageLoadEvents,DeviceImageLoadEvents,,,Microsoft Defender for Endpoint
T1218.007,True,Msiexec,defense-evasion,command,command execution,4688,A new process has been created.,Security,Process Creation,Microsoft-Windows-Security-Auditing
T1218.007,True,Msiexec,defense-evasion,command,command execution,1,Process Creation.,Microsoft-Windows-Sysmon/Operational,,Microsoft-Windows-Sysmon
T1218.007,True,Msiexec,defense-evasion,command,command execution,4103,Module logging.,Microsoft-Windows-PowerShell/Operational,,Microsoft-Windows-PowerShell
T1218.007,True,Msiexec,defense-evasion,command,command execution,DeviceProcessEvents,DeviceProcessEvents,,,Microsoft Defender for Endpoint
T1546.008,True,Accessibility Features,privilege-escalation;persistence,windows registry,windows registry key modification,13,RegistryEvent (Value Set).,Microsoft-Windows-Sysmon/Operational,,Microsoft-Windows-Sysmon
T1546.008,True,Accessibility Features,privilege-escalation;persistence,windows registry,windows registry key modification,14,RegistryEvent (Key and Value Rename).,Microsoft-Windows-Sysmon/Operational,,Microsoft-Windows-Sysmon
T1546.008,True,Accessibility Features,privilege-escalation;persistence,windows registry,windows registry key modification,4657,A registry value was modified.,Security,Registry,Microsoft-Windows-Security-Auditing
T1546.008,True,Accessibility Features,privilege-escalation;persistence,windows registry,windows registry key modification,4670,Permissions on an object were changed.,Security,Registry,Microsoft-Windows-Security-Auditing
T1546.008,True,Accessibility Features,privilege-escalation;persistence,windows registry,windows registry key modification,DeviceRegistryEvents,DeviceRegistryEvents,,,Microsoft Defender for Endpoint
T1546.008,True,Accessibility Features,privilege-escalation;persistence,file,file creation,DeviceFileEvents,DeviceFileEvents,,,Microsoft Defender for Endpoint
T1546.008,True,Accessibility Features,privilege-escalation;persistence,file,file creation,4663,An attempt was made to access an object.,Security,File System,Microsoft-Windows-Security-Auditing
T1546.008,True,Accessibility Features,privilege-escalation;persistence,file,file creation,11,FileCreate,Microsoft-Windows-Sysmon/Operational,,Microsoft-Windows-Sysmon
T1546.008,True,Accessibility Features,privilege-escalation;persistence,file,file modification,4670,Permissions on an object were changed.,Security,File System,Microsoft-Windows-Security-Auditing
T1546.008,True,Accessibility Features,privilege-escalation;persistence,file,file modification,DeviceFileEvents,DeviceFileEvents,,,Microsoft Defender for Endpoint
T1546.008,True,Accessibility Features,privilege-escalation;persistence,file,file modification,2,A process changed a file creation time.,Microsoft-Windows-Sysmon/Operational,,Microsoft-Windows-Sysmon
T1546.008,True,Accessibility Features,privilege-escalation;persistence,file,file modification,11,FileCreate.,Microsoft-Windows-Sysmon/Operational,,Microsoft-Windows-Sysmon
T1546.008,True,Accessibility Features,privilege-escalation;persistence,command,command execution,4688,A new process has been created.,Security,Process Creation,Microsoft-Windows-Security-Auditing
T1546.008,True,Accessibility Features,privilege-escalation;persistence,command,command execution,1,Process Creation.,Microsoft-Windows-Sysmon/Operational,,Microsoft-Windows-Sysmon
T1546.008,True,Accessibility Features,privilege-escalation;persistence,command,command execution,4103,Module logging.,Microsoft-Windows-PowerShell/Operational,,Microsoft-Windows-PowerShell
T1546.008,True,Accessibility Features,privilege-escalation;persistence,command,command execution,DeviceProcessEvents,DeviceProcessEvents,,,Microsoft Defender for Endpoint
T1546.008,True,Accessibility Features,privilege-escalation;persistence,process,process creation,4688,A new process has been created.,Security,Process Creation,Microsoft-Windows-Security-Auditing
T1546.008,True,Accessibility Features,privilege-escalation;persistence,process,process creation,1,Process Creation.,Microsoft-Windows-Sysmon/Operational,,Microsoft-Windows-Sysmon
T1546.008,True,Accessibility Features,privilege-escalation;persistence,process,process creation,DeviceProcessEvents,DeviceProcessEvents,,,Microsoft Defender for Endpoint
T1546.008,True,Accessibility Features,privilege-escalation;persistence,process,process creation,8,CreateRemoteThread.,Microsoft-Windows-Sysmon/Operational,,Microsoft-Windows-Sysmon
T1546.008,True,Accessibility Features,privilege-escalation;persistence,process,process creation,DeviceEvents,DeviceEvents,,,Microsoft Defender for Endpoint
T1546.007,True,Netsh Helper DLL,privilege-escalation;persistence,command,command execution,4688,A new process has been created.,Security,Process Creation,Microsoft-Windows-Security-Auditing
T1546.007,True,Netsh Helper DLL,privilege-escalation;persistence,command,command execution,1,Process Creation.,Microsoft-Windows-Sysmon/Operational,,Microsoft-Windows-Sysmon
T1546.007,True,Netsh Helper DLL,privilege-escalation;persistence,command,command execution,4103,Module logging.,Microsoft-Windows-PowerShell/Operational,,Microsoft-Windows-PowerShell
T1546.007,True,Netsh Helper DLL,privilege-escalation;persistence,command,command execution,DeviceProcessEvents,DeviceProcessEvents,,,Microsoft Defender for Endpoint
T1546.007,True,Netsh Helper DLL,privilege-escalation;persistence,module,module load,7,Image loaded.,Microsoft-Windows-Sysmon/Operational,,Microsoft-Windows-Sysmon
T1546.007,True,Netsh Helper DLL,privilege-escalation;persistence,module,module load,DeviceImageLoadEvents,DeviceImageLoadEvents,,,Microsoft Defender for Endpoint
T1546.007,True,Netsh Helper DLL,privilege-escalation;persistence,process,process creation,4688,A new process has been created.,Security,Process Creation,Microsoft-Windows-Security-Auditing
T1546.007,True,Netsh Helper DLL,privilege-escalation;persistence,process,process creation,1,Process Creation.,Microsoft-Windows-Sysmon/Operational,,Microsoft-Windows-Sysmon
T1546.007,True,Netsh Helper DLL,privilege-escalation;persistence,process,process creation,DeviceProcessEvents,DeviceProcessEvents,,,Microsoft Defender for Endpoint
T1546.007,True,Netsh Helper DLL,privilege-escalation;persistence,process,process creation,8,CreateRemoteThread.,Microsoft-Windows-Sysmon/Operational,,Microsoft-Windows-Sysmon
T1546.007,True,Netsh Helper DLL,privilege-escalation;persistence,process,process creation,DeviceEvents,DeviceEvents,,,Microsoft Defender for Endpoint
T1546.007,True,Netsh Helper DLL,privilege-escalation;persistence,windows registry,windows registry key modification,13,RegistryEvent (Value Set).,Microsoft-Windows-Sysmon/Operational,,Microsoft-Windows-Sysmon
T1546.007,True,Netsh Helper DLL,privilege-escalation;persistence,windows registry,windows registry key modification,14,RegistryEvent (Key and Value Rename).,Microsoft-Windows-Sysmon/Operational,,Microsoft-Windows-Sysmon
T1546.007,True,Netsh Helper DLL,privilege-escalation;persistence,windows registry,windows registry key modification,4657,A registry value was modified.,Security,Registry,Microsoft-Windows-Security-Auditing
T1546.007,True,Netsh Helper DLL,privilege-escalation;persistence,windows registry,windows registry key modification,4670,Permissions on an object were changed.,Security,Registry,Microsoft-Windows-Security-Auditing
T1546.007,True,Netsh Helper DLL,privilege-escalation;persistence,windows registry,windows registry key modification,DeviceRegistryEvents,DeviceRegistryEvents,,,Microsoft Defender for Endpoint
T1546.003,True,Windows Management Instrumentation Event Subscription,privilege-escalation;persistence,process,process creation,4688,A new process has been created.,Security,Process Creation,Microsoft-Windows-Security-Auditing
T1546.003,True,Windows Management Instrumentation Event Subscription,privilege-escalation;persistence,process,process creation,1,Process Creation.,Microsoft-Windows-Sysmon/Operational,,Microsoft-Windows-Sysmon
T1546.003,True,Windows Management Instrumentation Event Subscription,privilege-escalation;persistence,process,process creation,DeviceProcessEvents,DeviceProcessEvents,,,Microsoft Defender for Endpoint
T1546.003,True,Windows Management Instrumentation Event Subscription,privilege-escalation;persistence,process,process creation,8,CreateRemoteThread.,Microsoft-Windows-Sysmon/Operational,,Microsoft-Windows-Sysmon
T1546.003,True,Windows Management Instrumentation Event Subscription,privilege-escalation;persistence,process,process creation,DeviceEvents,DeviceEvents,,,Microsoft Defender for Endpoint
T1546.003,True,Windows Management Instrumentation Event Subscription,privilege-escalation;persistence,wmi,wmi creation,19,WmiEvent (WmiEventFilter activity detected).,Microsoft-Windows-Sysmon/Operational,,Microsoft-Windows-Sysmon
T1546.003,True,Windows Management Instrumentation Event Subscription,privilege-escalation;persistence,wmi,wmi creation,20,WmiEvent (WmiEventConsumer activity detected).,Microsoft-Windows-Sysmon/Operational,,Microsoft-Windows-Sysmon
T1546.003,True,Windows Management Instrumentation Event Subscription,privilege-escalation;persistence,wmi,wmi creation,21,WmiEvent (WmiEventConsumerToFilter activity detected).,Microsoft-Windows-Sysmon/Operational,,Microsoft-Windows-Sysmon
T1546.003,True,Windows Management Instrumentation Event Subscription,privilege-escalation;persistence,wmi,wmi creation,DeviceEvents,DeviceEvents,,,Microsoft Defender for Endpoint
T1546.003,True,Windows Management Instrumentation Event Subscription,privilege-escalation;persistence,wmi,wmi creation,5860,WMI temporary event created.,,,Microsoft-Windows-WMI-Activity
T1546.003,True,Windows Management Instrumentation Event Subscription,privilege-escalation;persistence,wmi,wmi creation,5861,WMI permanent event created.,,,Microsoft-Windows-WMI-Activity
T1546.003,True,Windows Management Instrumentation Event Subscription,privilege-escalation;persistence,wmi,wmi creation,5857,WMIProv provider started.,,,Microsoft-Windows-WMI-Activity
T1546.003,True,Windows Management Instrumentation Event Subscription,privilege-escalation;persistence,wmi,wmi creation,5858,WMI Query Error.,,,Microsoft-Windows-WMI-Activity
T1546.003,True,Windows Management Instrumentation Event Subscription,privilege-escalation;persistence,wmi,wmi creation,5859,WMI Event.,,,Microsoft-Windows-WMI-Activity
T1546.003,True,Windows Management Instrumentation Event Subscription,privilege-escalation;persistence,command,command execution,4688,A new process has been created.,Security,Process Creation,Microsoft-Windows-Security-Auditing
T1546.003,True,Windows Management Instrumentation Event Subscription,privilege-escalation;persistence,command,command execution,1,Process Creation.,Microsoft-Windows-Sysmon/Operational,,Microsoft-Windows-Sysmon
T1546.003,True,Windows Management Instrumentation Event Subscription,privilege-escalation;persistence,command,command execution,4103,Module logging.,Microsoft-Windows-PowerShell/Operational,,Microsoft-Windows-PowerShell
T1546.003,True,Windows Management Instrumentation Event Subscription,privilege-escalation;persistence,command,command execution,DeviceProcessEvents,DeviceProcessEvents,,,Microsoft Defender for Endpoint
T1546.002,True,Screensaver,privilege-escalation;persistence,windows registry,windows registry key modification,13,RegistryEvent (Value Set).,Microsoft-Windows-Sysmon/Operational,,Microsoft-Windows-Sysmon
T1546.002,True,Screensaver,privilege-escalation;persistence,windows registry,windows registry key modification,14,RegistryEvent (Key and Value Rename).,Microsoft-Windows-Sysmon/Operational,,Microsoft-Windows-Sysmon
T1546.002,True,Screensaver,privilege-escalation;persistence,windows registry,windows registry key modification,4657,A registry value was modified.,Security,Registry,Microsoft-Windows-Security-Auditing
T1546.002,True,Screensaver,privilege-escalation;persistence,windows registry,windows registry key modification,4670,Permissions on an object were changed.,Security,Registry,Microsoft-Windows-Security-Auditing
T1546.002,True,Screensaver,privilege-escalation;persistence,windows registry,windows registry key modification,DeviceRegistryEvents,DeviceRegistryEvents,,,Microsoft Defender for Endpoint
T1546.002,True,Screensaver,privilege-escalation;persistence,command,command execution,4688,A new process has been created.,Security,Process Creation,Microsoft-Windows-Security-Auditing
T1546.002,True,Screensaver,privilege-escalation;persistence,command,command execution,1,Process Creation.,Microsoft-Windows-Sysmon/Operational,,Microsoft-Windows-Sysmon
T1546.002,True,Screensaver,privilege-escalation;persistence,command,command execution,4103,Module logging.,Microsoft-Windows-PowerShell/Operational,,Microsoft-Windows-PowerShell
T1546.002,True,Screensaver,privilege-escalation;persistence,command,command execution,DeviceProcessEvents,DeviceProcessEvents,,,Microsoft Defender for Endpoint
T1546.002,True,Screensaver,privilege-escalation;persistence,file,file creation,DeviceFileEvents,DeviceFileEvents,,,Microsoft Defender for Endpoint
T1546.002,True,Screensaver,privilege-escalation;persistence,file,file creation,4663,An attempt was made to access an object.,Security,File System,Microsoft-Windows-Security-Auditing
T1546.002,True,Screensaver,privilege-escalation;persistence,file,file creation,11,FileCreate,Microsoft-Windows-Sysmon/Operational,,Microsoft-Windows-Sysmon
T1546.002,True,Screensaver,privilege-escalation;persistence,file,file modification,4670,Permissions on an object were changed.,Security,File System,Microsoft-Windows-Security-Auditing
T1546.002,True,Screensaver,privilege-escalation;persistence,file,file modification,DeviceFileEvents,DeviceFileEvents,,,Microsoft Defender for Endpoint
T1546.002,True,Screensaver,privilege-escalation;persistence,file,file modification,2,A process changed a file creation time.,Microsoft-Windows-Sysmon/Operational,,Microsoft-Windows-Sysmon
T1546.002,True,Screensaver,privilege-escalation;persistence,file,file modification,11,FileCreate.,Microsoft-Windows-Sysmon/Operational,,Microsoft-Windows-Sysmon
T1546.002,True,Screensaver,privilege-escalation;persistence,process,process creation,4688,A new process has been created.,Security,Process Creation,Microsoft-Windows-Security-Auditing
T1546.002,True,Screensaver,privilege-escalation;persistence,process,process creation,1,Process Creation.,Microsoft-Windows-Sysmon/Operational,,Microsoft-Windows-Sysmon
T1546.002,True,Screensaver,privilege-escalation;persistence,process,process creation,DeviceProcessEvents,DeviceProcessEvents,,,Microsoft Defender for Endpoint
T1546.002,True,Screensaver,privilege-escalation;persistence,process,process creation,8,CreateRemoteThread.,Microsoft-Windows-Sysmon/Operational,,Microsoft-Windows-Sysmon
T1546.002,True,Screensaver,privilege-escalation;persistence,process,process creation,DeviceEvents,DeviceEvents,,,Microsoft Defender for Endpoint
T1546.001,True,Change Default File Association,privilege-escalation;persistence,process,process creation,4688,A new process has been created.,Security,Process Creation,Microsoft-Windows-Security-Auditing
T1546.001,True,Change Default File Association,privilege-escalation;persistence,process,process creation,1,Process Creation.,Microsoft-Windows-Sysmon/Operational,,Microsoft-Windows-Sysmon
T1546.001,True,Change Default File Association,privilege-escalation;persistence,process,process creation,DeviceProcessEvents,DeviceProcessEvents,,,Microsoft Defender for Endpoint
T1546.001,True,Change Default File Association,privilege-escalation;persistence,process,process creation,8,CreateRemoteThread.,Microsoft-Windows-Sysmon/Operational,,Microsoft-Windows-Sysmon
T1546.001,True,Change Default File Association,privilege-escalation;persistence,process,process creation,DeviceEvents,DeviceEvents,,,Microsoft Defender for Endpoint
T1546.001,True,Change Default File Association,privilege-escalation;persistence,windows registry,windows registry key modification,13,RegistryEvent (Value Set).,Microsoft-Windows-Sysmon/Operational,,Microsoft-Windows-Sysmon
T1546.001,True,Change Default File Association,privilege-escalation;persistence,windows registry,windows registry key modification,14,RegistryEvent (Key and Value Rename).,Microsoft-Windows-Sysmon/Operational,,Microsoft-Windows-Sysmon
T1546.001,True,Change Default File Association,privilege-escalation;persistence,windows registry,windows registry key modification,4657,A registry value was modified.,Security,Registry,Microsoft-Windows-Security-Auditing
T1546.001,True,Change Default File Association,privilege-escalation;persistence,windows registry,windows registry key modification,4670,Permissions on an object were changed.,Security,Registry,Microsoft-Windows-Security-Auditing
T1546.001,True,Change Default File Association,privilege-escalation;persistence,windows registry,windows registry key modification,DeviceRegistryEvents,DeviceRegistryEvents,,,Microsoft Defender for Endpoint
T1546.001,True,Change Default File Association,privilege-escalation;persistence,command,command execution,4688,A new process has been created.,Security,Process Creation,Microsoft-Windows-Security-Auditing
T1546.001,True,Change Default File Association,privilege-escalation;persistence,command,command execution,1,Process Creation.,Microsoft-Windows-Sysmon/Operational,,Microsoft-Windows-Sysmon
T1546.001,True,Change Default File Association,privilege-escalation;persistence,command,command execution,4103,Module logging.,Microsoft-Windows-PowerShell/Operational,,Microsoft-Windows-PowerShell
T1546.001,True,Change Default File Association,privilege-escalation;persistence,command,command execution,DeviceProcessEvents,DeviceProcessEvents,,,Microsoft Defender for Endpoint
T1547.001,True,Registry Run Keys / Startup Folder,persistence;privilege-escalation,windows registry,windows registry key modification,13,RegistryEvent (Value Set).,Microsoft-Windows-Sysmon/Operational,,Microsoft-Windows-Sysmon
T1547.001,True,Registry Run Keys / Startup Folder,persistence;privilege-escalation,windows registry,windows registry key modification,14,RegistryEvent (Key and Value Rename).,Microsoft-Windows-Sysmon/Operational,,Microsoft-Windows-Sysmon
T1547.001,True,Registry Run Keys / Startup Folder,persistence;privilege-escalation,windows registry,windows registry key modification,4657,A registry value was modified.,Security,Registry,Microsoft-Windows-Security-Auditing
T1547.001,True,Registry Run Keys / Startup Folder,persistence;privilege-escalation,windows registry,windows registry key modification,4670,Permissions on an object were changed.,Security,Registry,Microsoft-Windows-Security-Auditing
T1547.001,True,Registry Run Keys / Startup Folder,persistence;privilege-escalation,windows registry,windows registry key modification,DeviceRegistryEvents,DeviceRegistryEvents,,,Microsoft Defender for Endpoint
T1547.001,True,Registry Run Keys / Startup Folder,persistence;privilege-escalation,windows registry,windows registry key creation,12,RegistryEvent (Object create and delete).,Microsoft-Windows-Sysmon/Operational,,Microsoft-Windows-Sysmon
T1547.001,True,Registry Run Keys / Startup Folder,persistence;privilege-escalation,windows registry,windows registry key creation,DeviceRegistryEvents,DeviceRegistryEvents,,,Microsoft Defender for Endpoint
T1547.001,True,Registry Run Keys / Startup Folder,persistence;privilege-escalation,windows registry,windows registry key creation,4657,A registry value was modified.,Security,Registry,Microsoft-Windows-Security-Auditing
T1547.001,True,Registry Run Keys / Startup Folder,persistence;privilege-escalation,file,file modification,4670,Permissions on an object were changed.,Security,File System,Microsoft-Windows-Security-Auditing
T1547.001,True,Registry Run Keys / Startup Folder,persistence;privilege-escalation,file,file modification,DeviceFileEvents,DeviceFileEvents,,,Microsoft Defender for Endpoint
T1547.001,True,Registry Run Keys / Startup Folder,persistence;privilege-escalation,file,file modification,2,A process changed a file creation time.,Microsoft-Windows-Sysmon/Operational,,Microsoft-Windows-Sysmon
T1547.001,True,Registry Run Keys / Startup Folder,persistence;privilege-escalation,file,file modification,11,FileCreate.,Microsoft-Windows-Sysmon/Operational,,Microsoft-Windows-Sysmon
T1547.001,True,Registry Run Keys / Startup Folder,persistence;privilege-escalation,command,command execution,4688,A new process has been created.,Security,Process Creation,Microsoft-Windows-Security-Auditing
T1547.001,True,Registry Run Keys / Startup Folder,persistence;privilege-escalation,command,command execution,1,Process Creation.,Microsoft-Windows-Sysmon/Operational,,Microsoft-Windows-Sysmon
T1547.001,True,Registry Run Keys / Startup Folder,persistence;privilege-escalation,command,command execution,4103,Module logging.,Microsoft-Windows-PowerShell/Operational,,Microsoft-Windows-PowerShell
T1547.001,True,Registry Run Keys / Startup Folder,persistence;privilege-escalation,command,command execution,DeviceProcessEvents,DeviceProcessEvents,,,Microsoft Defender for Endpoint
T1218.002,True,Control Panel,defense-evasion,windows registry,windows registry key modification,13,RegistryEvent (Value Set).,Microsoft-Windows-Sysmon/Operational,,Microsoft-Windows-Sysmon
T1218.002,True,Control Panel,defense-evasion,windows registry,windows registry key modification,14,RegistryEvent (Key and Value Rename).,Microsoft-Windows-Sysmon/Operational,,Microsoft-Windows-Sysmon
T1218.002,True,Control Panel,defense-evasion,windows registry,windows registry key modification,4657,A registry value was modified.,Security,Registry,Microsoft-Windows-Security-Auditing
T1218.002,True,Control Panel,defense-evasion,windows registry,windows registry key modification,4670,Permissions on an object were changed.,Security,Registry,Microsoft-Windows-Security-Auditing
T1218.002,True,Control Panel,defense-evasion,windows registry,windows registry key modification,DeviceRegistryEvents,DeviceRegistryEvents,,,Microsoft Defender for Endpoint
T1218.002,True,Control Panel,defense-evasion,file,file creation,DeviceFileEvents,DeviceFileEvents,,,Microsoft Defender for Endpoint
T1218.002,True,Control Panel,defense-evasion,file,file creation,4663,An attempt was made to access an object.,Security,File System,Microsoft-Windows-Security-Auditing
T1218.002,True,Control Panel,defense-evasion,file,file creation,11,FileCreate,Microsoft-Windows-Sysmon/Operational,,Microsoft-Windows-Sysmon
T1218.002,True,Control Panel,defense-evasion,process,process creation,4688,A new process has been created.,Security,Process Creation,Microsoft-Windows-Security-Auditing
T1218.002,True,Control Panel,defense-evasion,process,process creation,1,Process Creation.,Microsoft-Windows-Sysmon/Operational,,Microsoft-Windows-Sysmon
T1218.002,True,Control Panel,defense-evasion,process,process creation,DeviceProcessEvents,DeviceProcessEvents,,,Microsoft Defender for Endpoint
T1218.002,True,Control Panel,defense-evasion,process,process creation,8,CreateRemoteThread.,Microsoft-Windows-Sysmon/Operational,,Microsoft-Windows-Sysmon
T1218.002,True,Control Panel,defense-evasion,process,process creation,DeviceEvents,DeviceEvents,,,Microsoft Defender for Endpoint
T1218.002,True,Control Panel,defense-evasion,process,os api execution,8,CreateRemoteThread.,Microsoft-Windows-Sysmon/Operational,,Microsoft-Windows-Sysmon
T1218.002,True,Control Panel,defense-evasion,process,os api execution,DeviceEvents,DeviceEvents,,,Microsoft Defender for Endpoint
T1218.002,True,Control Panel,defense-evasion,command,command execution,4688,A new process has been created.,Security,Process Creation,Microsoft-Windows-Security-Auditing
T1218.002,True,Control Panel,defense-evasion,command,command execution,1,Process Creation.,Microsoft-Windows-Sysmon/Operational,,Microsoft-Windows-Sysmon
T1218.002,True,Control Panel,defense-evasion,command,command execution,4103,Module logging.,Microsoft-Windows-PowerShell/Operational,,Microsoft-Windows-PowerShell
T1218.002,True,Control Panel,defense-evasion,command,command execution,DeviceProcessEvents,DeviceProcessEvents,,,Microsoft Defender for Endpoint
T1218.002,True,Control Panel,defense-evasion,module,module load,7,Image loaded.,Microsoft-Windows-Sysmon/Operational,,Microsoft-Windows-Sysmon
T1218.002,True,Control Panel,defense-evasion,module,module load,DeviceImageLoadEvents,DeviceImageLoadEvents,,,Microsoft Defender for Endpoint
T1218.010,True,Regsvr32,defense-evasion,command,command execution,4688,A new process has been created.,Security,Process Creation,Microsoft-Windows-Security-Auditing
T1218.010,True,Regsvr32,defense-evasion,command,command execution,1,Process Creation.,Microsoft-Windows-Sysmon/Operational,,Microsoft-Windows-Sysmon
T1218.010,True,Regsvr32,defense-evasion,command,command execution,4103,Module logging.,Microsoft-Windows-PowerShell/Operational,,Microsoft-Windows-PowerShell
T1218.010,True,Regsvr32,defense-evasion,command,command execution,DeviceProcessEvents,DeviceProcessEvents,,,Microsoft Defender for Endpoint
T1218.010,True,Regsvr32,defense-evasion,network traffic,network connection creation,5156,The Windows Filtering Platform has permitted a connection.,Security,Filtering Platform Connection,Microsoft-Windows-Security-Auditing
T1218.010,True,Regsvr32,defense-evasion,network traffic,network connection creation,3,Network connection.,Microsoft-Windows-Sysmon/Operational,,Microsoft-Windows-Sysmon
T1218.010,True,Regsvr32,defense-evasion,network traffic,network connection creation,DeviceNetworkEvents,DeviceNetworkEvents,,,Microsoft Defender for Endpoint
T1218.010,True,Regsvr32,defense-evasion,network traffic,network connection creation,5157,The Windows Filtering Platform has blocked a connection.,Security,Filtering Platform Connection,Microsoft-Windows-Security-Auditing
T1218.010,True,Regsvr32,defense-evasion,network traffic,network connection creation,5154,The Windows Filtering Platform has permitted an application or service to listen on a port for incoming connections.,Security,Filtering Platform Connection,Microsoft-Windows-Security-Auditing
T1218.010,True,Regsvr32,defense-evasion,network traffic,network connection creation,5159,The Windows Filtering Platform has blocked a bind to a local port.,Security,Filtering Platform Connection,Microsoft-Windows-Security-Auditing
T1218.010,True,Regsvr32,defense-evasion,network traffic,network connection creation,5155,The Windows Filtering Platform has blocked an application or service from listening on a port for incoming connections.,Security,Filtering Platform Connection,Microsoft-Windows-Security-Auditing
T1218.010,True,Regsvr32,defense-evasion,network traffic,network connection creation,5031,The Windows Firewall Service blocked an application from accepting incoming connections on the network.,Security,Filtering Platform Connection,Microsoft-Windows-Security-Auditing
T1218.010,True,Regsvr32,defense-evasion,network traffic,network connection creation,DeviceEvents,DeviceEvents,,,Microsoft Defender for Endpoint
T1218.010,True,Regsvr32,defense-evasion,network traffic,network connection creation,5158,The Windows Filtering Platform has permitted a bind to a local port.,Security,Filtering Platform Connection,Microsoft-Windows-Security-Auditing
T1218.010,True,Regsvr32,defense-evasion,module,module load,7,Image loaded.,Microsoft-Windows-Sysmon/Operational,,Microsoft-Windows-Sysmon
T1218.010,True,Regsvr32,defense-evasion,module,module load,DeviceImageLoadEvents,DeviceImageLoadEvents,,,Microsoft Defender for Endpoint
T1218.010,True,Regsvr32,defense-evasion,process,process creation,4688,A new process has been created.,Security,Process Creation,Microsoft-Windows-Security-Auditing
T1218.010,True,Regsvr32,defense-evasion,process,process creation,1,Process Creation.,Microsoft-Windows-Sysmon/Operational,,Microsoft-Windows-Sysmon
T1218.010,True,Regsvr32,defense-evasion,process,process creation,DeviceProcessEvents,DeviceProcessEvents,,,Microsoft Defender for Endpoint
T1218.010,True,Regsvr32,defense-evasion,process,process creation,8,CreateRemoteThread.,Microsoft-Windows-Sysmon/Operational,,Microsoft-Windows-Sysmon
T1218.010,True,Regsvr32,defense-evasion,process,process creation,DeviceEvents,DeviceEvents,,,Microsoft Defender for Endpoint
T1218.009,True,Regsvcs/Regasm,defense-evasion,process,process creation,4688,A new process has been created.,Security,Process Creation,Microsoft-Windows-Security-Auditing
T1218.009,True,Regsvcs/Regasm,defense-evasion,process,process creation,1,Process Creation.,Microsoft-Windows-Sysmon/Operational,,Microsoft-Windows-Sysmon
T1218.009,True,Regsvcs/Regasm,defense-evasion,process,process creation,DeviceProcessEvents,DeviceProcessEvents,,,Microsoft Defender for Endpoint
T1218.009,True,Regsvcs/Regasm,defense-evasion,process,process creation,8,CreateRemoteThread.,Microsoft-Windows-Sysmon/Operational,,Microsoft-Windows-Sysmon
T1218.009,True,Regsvcs/Regasm,defense-evasion,process,process creation,DeviceEvents,DeviceEvents,,,Microsoft Defender for Endpoint
T1218.009,True,Regsvcs/Regasm,defense-evasion,command,command execution,4688,A new process has been created.,Security,Process Creation,Microsoft-Windows-Security-Auditing
T1218.009,True,Regsvcs/Regasm,defense-evasion,command,command execution,1,Process Creation.,Microsoft-Windows-Sysmon/Operational,,Microsoft-Windows-Sysmon
T1218.009,True,Regsvcs/Regasm,defense-evasion,command,command execution,4103,Module logging.,Microsoft-Windows-PowerShell/Operational,,Microsoft-Windows-PowerShell
T1218.009,True,Regsvcs/Regasm,defense-evasion,command,command execution,DeviceProcessEvents,DeviceProcessEvents,,,Microsoft Defender for Endpoint
T1218.005,True,Mshta,defense-evasion,command,command execution,4688,A new process has been created.,Security,Process Creation,Microsoft-Windows-Security-Auditing
T1218.005,True,Mshta,defense-evasion,command,command execution,1,Process Creation.,Microsoft-Windows-Sysmon/Operational,,Microsoft-Windows-Sysmon
T1218.005,True,Mshta,defense-evasion,command,command execution,4103,Module logging.,Microsoft-Windows-PowerShell/Operational,,Microsoft-Windows-PowerShell
T1218.005,True,Mshta,defense-evasion,command,command execution,DeviceProcessEvents,DeviceProcessEvents,,,Microsoft Defender for Endpoint
T1218.005,True,Mshta,defense-evasion,file,file creation,DeviceFileEvents,DeviceFileEvents,,,Microsoft Defender for Endpoint
T1218.005,True,Mshta,defense-evasion,file,file creation,4663,An attempt was made to access an object.,Security,File System,Microsoft-Windows-Security-Auditing
T1218.005,True,Mshta,defense-evasion,file,file creation,11,FileCreate,Microsoft-Windows-Sysmon/Operational,,Microsoft-Windows-Sysmon
T1218.005,True,Mshta,defense-evasion,network traffic,network connection creation,5156,The Windows Filtering Platform has permitted a connection.,Security,Filtering Platform Connection,Microsoft-Windows-Security-Auditing
T1218.005,True,Mshta,defense-evasion,network traffic,network connection creation,3,Network connection.,Microsoft-Windows-Sysmon/Operational,,Microsoft-Windows-Sysmon
T1218.005,True,Mshta,defense-evasion,network traffic,network connection creation,DeviceNetworkEvents,DeviceNetworkEvents,,,Microsoft Defender for Endpoint
T1218.005,True,Mshta,defense-evasion,network traffic,network connection creation,5157,The Windows Filtering Platform has blocked a connection.,Security,Filtering Platform Connection,Microsoft-Windows-Security-Auditing
T1218.005,True,Mshta,defense-evasion,network traffic,network connection creation,5154,The Windows Filtering Platform has permitted an application or service to listen on a port for incoming connections.,Security,Filtering Platform Connection,Microsoft-Windows-Security-Auditing
T1218.005,True,Mshta,defense-evasion,network traffic,network connection creation,5159,The Windows Filtering Platform has blocked a bind to a local port.,Security,Filtering Platform Connection,Microsoft-Windows-Security-Auditing
T1218.005,True,Mshta,defense-evasion,network traffic,network connection creation,5155,The Windows Filtering Platform has blocked an application or service from listening on a port for incoming connections.,Security,Filtering Platform Connection,Microsoft-Windows-Security-Auditing
T1218.005,True,Mshta,defense-evasion,network traffic,network connection creation,5031,The Windows Firewall Service blocked an application from accepting incoming connections on the network.,Security,Filtering Platform Connection,Microsoft-Windows-Security-Auditing
T1218.005,True,Mshta,defense-evasion,network traffic,network connection creation,DeviceEvents,DeviceEvents,,,Microsoft Defender for Endpoint
T1218.005,True,Mshta,defense-evasion,network traffic,network connection creation,5158,The Windows Filtering Platform has permitted a bind to a local port.,Security,Filtering Platform Connection,Microsoft-Windows-Security-Auditing
T1218.005,True,Mshta,defense-evasion,process,process creation,4688,A new process has been created.,Security,Process Creation,Microsoft-Windows-Security-Auditing
T1218.005,True,Mshta,defense-evasion,process,process creation,1,Process Creation.,Microsoft-Windows-Sysmon/Operational,,Microsoft-Windows-Sysmon
T1218.005,True,Mshta,defense-evasion,process,process creation,DeviceProcessEvents,DeviceProcessEvents,,,Microsoft Defender for Endpoint
T1218.005,True,Mshta,defense-evasion,process,process creation,8,CreateRemoteThread.,Microsoft-Windows-Sysmon/Operational,,Microsoft-Windows-Sysmon
T1218.005,True,Mshta,defense-evasion,process,process creation,DeviceEvents,DeviceEvents,,,Microsoft Defender for Endpoint
T1218.004,True,InstallUtil,defense-evasion,process,process creation,4688,A new process has been created.,Security,Process Creation,Microsoft-Windows-Security-Auditing
T1218.004,True,InstallUtil,defense-evasion,process,process creation,1,Process Creation.,Microsoft-Windows-Sysmon/Operational,,Microsoft-Windows-Sysmon
T1218.004,True,InstallUtil,defense-evasion,process,process creation,DeviceProcessEvents,DeviceProcessEvents,,,Microsoft Defender for Endpoint
T1218.004,True,InstallUtil,defense-evasion,process,process creation,8,CreateRemoteThread.,Microsoft-Windows-Sysmon/Operational,,Microsoft-Windows-Sysmon
T1218.004,True,InstallUtil,defense-evasion,process,process creation,DeviceEvents,DeviceEvents,,,Microsoft Defender for Endpoint
T1218.004,True,InstallUtil,defense-evasion,command,command execution,4688,A new process has been created.,Security,Process Creation,Microsoft-Windows-Security-Auditing
T1218.004,True,InstallUtil,defense-evasion,command,command execution,1,Process Creation.,Microsoft-Windows-Sysmon/Operational,,Microsoft-Windows-Sysmon
T1218.004,True,InstallUtil,defense-evasion,command,command execution,4103,Module logging.,Microsoft-Windows-PowerShell/Operational,,Microsoft-Windows-PowerShell
T1218.004,True,InstallUtil,defense-evasion,command,command execution,DeviceProcessEvents,DeviceProcessEvents,,,Microsoft Defender for Endpoint
T1218.001,True,Compiled HTML File,defense-evasion,file,file creation,DeviceFileEvents,DeviceFileEvents,,,Microsoft Defender for Endpoint
T1218.001,True,Compiled HTML File,defense-evasion,file,file creation,4663,An attempt was made to access an object.,Security,File System,Microsoft-Windows-Security-Auditing
T1218.001,True,Compiled HTML File,defense-evasion,file,file creation,11,FileCreate,Microsoft-Windows-Sysmon/Operational,,Microsoft-Windows-Sysmon
T1218.001,True,Compiled HTML File,defense-evasion,command,command execution,4688,A new process has been created.,Security,Process Creation,Microsoft-Windows-Security-Auditing
T1218.001,True,Compiled HTML File,defense-evasion,command,command execution,1,Process Creation.,Microsoft-Windows-Sysmon/Operational,,Microsoft-Windows-Sysmon
T1218.001,True,Compiled HTML File,defense-evasion,command,command execution,4103,Module logging.,Microsoft-Windows-PowerShell/Operational,,Microsoft-Windows-PowerShell
T1218.001,True,Compiled HTML File,defense-evasion,command,command execution,DeviceProcessEvents,DeviceProcessEvents,,,Microsoft Defender for Endpoint
T1218.001,True,Compiled HTML File,defense-evasion,process,process creation,4688,A new process has been created.,Security,Process Creation,Microsoft-Windows-Security-Auditing
T1218.001,True,Compiled HTML File,defense-evasion,process,process creation,1,Process Creation.,Microsoft-Windows-Sysmon/Operational,,Microsoft-Windows-Sysmon
T1218.001,True,Compiled HTML File,defense-evasion,process,process creation,DeviceProcessEvents,DeviceProcessEvents,,,Microsoft Defender for Endpoint
T1218.001,True,Compiled HTML File,defense-evasion,process,process creation,8,CreateRemoteThread.,Microsoft-Windows-Sysmon/Operational,,Microsoft-Windows-Sysmon
T1218.001,True,Compiled HTML File,defense-evasion,process,process creation,DeviceEvents,DeviceEvents,,,Microsoft Defender for Endpoint
T1218.003,True,CMSTP,defense-evasion,network traffic,network connection creation,5156,The Windows Filtering Platform has permitted a connection.,Security,Filtering Platform Connection,Microsoft-Windows-Security-Auditing
T1218.003,True,CMSTP,defense-evasion,network traffic,network connection creation,3,Network connection.,Microsoft-Windows-Sysmon/Operational,,Microsoft-Windows-Sysmon
T1218.003,True,CMSTP,defense-evasion,network traffic,network connection creation,DeviceNetworkEvents,DeviceNetworkEvents,,,Microsoft Defender for Endpoint
T1218.003,True,CMSTP,defense-evasion,network traffic,network connection creation,5157,The Windows Filtering Platform has blocked a connection.,Security,Filtering Platform Connection,Microsoft-Windows-Security-Auditing
T1218.003,True,CMSTP,defense-evasion,network traffic,network connection creation,5154,The Windows Filtering Platform has permitted an application or service to listen on a port for incoming connections.,Security,Filtering Platform Connection,Microsoft-Windows-Security-Auditing
T1218.003,True,CMSTP,defense-evasion,network traffic,network connection creation,5159,The Windows Filtering Platform has blocked a bind to a local port.,Security,Filtering Platform Connection,Microsoft-Windows-Security-Auditing
T1218.003,True,CMSTP,defense-evasion,network traffic,network connection creation,5155,The Windows Filtering Platform has blocked an application or service from listening on a port for incoming connections.,Security,Filtering Platform Connection,Microsoft-Windows-Security-Auditing
T1218.003,True,CMSTP,defense-evasion,network traffic,network connection creation,5031,The Windows Firewall Service blocked an application from accepting incoming connections on the network.,Security,Filtering Platform Connection,Microsoft-Windows-Security-Auditing
T1218.003,True,CMSTP,defense-evasion,network traffic,network connection creation,DeviceEvents,DeviceEvents,,,Microsoft Defender for Endpoint
T1218.003,True,CMSTP,defense-evasion,network traffic,network connection creation,5158,The Windows Filtering Platform has permitted a bind to a local port.,Security,Filtering Platform Connection,Microsoft-Windows-Security-Auditing
T1218.003,True,CMSTP,defense-evasion,command,command execution,4688,A new process has been created.,Security,Process Creation,Microsoft-Windows-Security-Auditing
T1218.003,True,CMSTP,defense-evasion,command,command execution,1,Process Creation.,Microsoft-Windows-Sysmon/Operational,,Microsoft-Windows-Sysmon
T1218.003,True,CMSTP,defense-evasion,command,command execution,4103,Module logging.,Microsoft-Windows-PowerShell/Operational,,Microsoft-Windows-PowerShell
T1218.003,True,CMSTP,defense-evasion,command,command execution,DeviceProcessEvents,DeviceProcessEvents,,,Microsoft Defender for Endpoint
T1218.003,True,CMSTP,defense-evasion,process,process creation,4688,A new process has been created.,Security,Process Creation,Microsoft-Windows-Security-Auditing
T1218.003,True,CMSTP,defense-evasion,process,process creation,1,Process Creation.,Microsoft-Windows-Sysmon/Operational,,Microsoft-Windows-Sysmon
T1218.003,True,CMSTP,defense-evasion,process,process creation,DeviceProcessEvents,DeviceProcessEvents,,,Microsoft Defender for Endpoint
T1218.003,True,CMSTP,defense-evasion,process,process creation,8,CreateRemoteThread.,Microsoft-Windows-Sysmon/Operational,,Microsoft-Windows-Sysmon
T1218.003,True,CMSTP,defense-evasion,process,process creation,DeviceEvents,DeviceEvents,,,Microsoft Defender for Endpoint
T1218.011,True,Rundll32,defense-evasion,module,module load,7,Image loaded.,Microsoft-Windows-Sysmon/Operational,,Microsoft-Windows-Sysmon
T1218.011,True,Rundll32,defense-evasion,module,module load,DeviceImageLoadEvents,DeviceImageLoadEvents,,,Microsoft Defender for Endpoint
T1218.011,True,Rundll32,defense-evasion,process,process creation,4688,A new process has been created.,Security,Process Creation,Microsoft-Windows-Security-Auditing
T1218.011,True,Rundll32,defense-evasion,process,process creation,1,Process Creation.,Microsoft-Windows-Sysmon/Operational,,Microsoft-Windows-Sysmon
T1218.011,True,Rundll32,defense-evasion,process,process creation,DeviceProcessEvents,DeviceProcessEvents,,,Microsoft Defender for Endpoint
T1218.011,True,Rundll32,defense-evasion,process,process creation,8,CreateRemoteThread.,Microsoft-Windows-Sysmon/Operational,,Microsoft-Windows-Sysmon
T1218.011,True,Rundll32,defense-evasion,process,process creation,DeviceEvents,DeviceEvents,,,Microsoft Defender for Endpoint
T1218.011,True,Rundll32,defense-evasion,command,command execution,4688,A new process has been created.,Security,Process Creation,Microsoft-Windows-Security-Auditing
T1218.011,True,Rundll32,defense-evasion,command,command execution,1,Process Creation.,Microsoft-Windows-Sysmon/Operational,,Microsoft-Windows-Sysmon
T1218.011,True,Rundll32,defense-evasion,command,command execution,4103,Module logging.,Microsoft-Windows-PowerShell/Operational,,Microsoft-Windows-PowerShell
T1218.011,True,Rundll32,defense-evasion,command,command execution,DeviceProcessEvents,DeviceProcessEvents,,,Microsoft Defender for Endpoint
T1547,False,Boot or Logon Autostart Execution,persistence;privilege-escalation,windows registry,windows registry key modification,13,RegistryEvent (Value Set).,Microsoft-Windows-Sysmon/Operational,,Microsoft-Windows-Sysmon
T1547,False,Boot or Logon Autostart Execution,persistence;privilege-escalation,windows registry,windows registry key modification,14,RegistryEvent (Key and Value Rename).,Microsoft-Windows-Sysmon/Operational,,Microsoft-Windows-Sysmon
T1547,False,Boot or Logon Autostart Execution,persistence;privilege-escalation,windows registry,windows registry key modification,4657,A registry value was modified.,Security,Registry,Microsoft-Windows-Security-Auditing
T1547,False,Boot or Logon Autostart Execution,persistence;privilege-escalation,windows registry,windows registry key modification,4670,Permissions on an object were changed.,Security,Registry,Microsoft-Windows-Security-Auditing
T1547,False,Boot or Logon Autostart Execution,persistence;privilege-escalation,windows registry,windows registry key modification,DeviceRegistryEvents,DeviceRegistryEvents,,,Microsoft Defender for Endpoint
T1547,False,Boot or Logon Autostart Execution,persistence;privilege-escalation,windows registry,windows registry key creation,12,RegistryEvent (Object create and delete).,Microsoft-Windows-Sysmon/Operational,,Microsoft-Windows-Sysmon
T1547,False,Boot or Logon Autostart Execution,persistence;privilege-escalation,windows registry,windows registry key creation,DeviceRegistryEvents,DeviceRegistryEvents,,,Microsoft Defender for Endpoint
T1547,False,Boot or Logon Autostart Execution,persistence;privilege-escalation,windows registry,windows registry key creation,4657,A registry value was modified.,Security,Registry,Microsoft-Windows-Security-Auditing
T1547,False,Boot or Logon Autostart Execution,persistence;privilege-escalation,module,module load,7,Image loaded.,Microsoft-Windows-Sysmon/Operational,,Microsoft-Windows-Sysmon
T1547,False,Boot or Logon Autostart Execution,persistence;privilege-escalation,module,module load,DeviceImageLoadEvents,DeviceImageLoadEvents,,,Microsoft Defender for Endpoint
T1547,False,Boot or Logon Autostart Execution,persistence;privilege-escalation,process,process creation,4688,A new process has been created.,Security,Process Creation,Microsoft-Windows-Security-Auditing
T1547,False,Boot or Logon Autostart Execution,persistence;privilege-escalation,process,process creation,1,Process Creation.,Microsoft-Windows-Sysmon/Operational,,Microsoft-Windows-Sysmon
T1547,False,Boot or Logon Autostart Execution,persistence;privilege-escalation,process,process creation,DeviceProcessEvents,DeviceProcessEvents,,,Microsoft Defender for Endpoint
T1547,False,Boot or Logon Autostart Execution,persistence;privilege-escalation,process,process creation,8,CreateRemoteThread.,Microsoft-Windows-Sysmon/Operational,,Microsoft-Windows-Sysmon
T1547,False,Boot or Logon Autostart Execution,persistence;privilege-escalation,process,process creation,DeviceEvents,DeviceEvents,,,Microsoft Defender for Endpoint
T1547,False,Boot or Logon Autostart Execution,persistence;privilege-escalation,process,os api execution,8,CreateRemoteThread.,Microsoft-Windows-Sysmon/Operational,,Microsoft-Windows-Sysmon
T1547,False,Boot or Logon Autostart Execution,persistence;privilege-escalation,process,os api execution,DeviceEvents,DeviceEvents,,,Microsoft Defender for Endpoint
T1547,False,Boot or Logon Autostart Execution,persistence;privilege-escalation,driver,driver load,6,Driver loaded.,Microsoft-Windows-Sysmon/Operational,,Microsoft-Windows-Sysmon
T1547,False,Boot or Logon Autostart Execution,persistence;privilege-escalation,driver,driver load,DeviceEvents,DeviceEvents,,,Microsoft Defender for Endpoint
T1547,False,Boot or Logon Autostart Execution,persistence;privilege-escalation,file,file creation,DeviceFileEvents,DeviceFileEvents,,,Microsoft Defender for Endpoint
T1547,False,Boot or Logon Autostart Execution,persistence;privilege-escalation,file,file creation,4663,An attempt was made to access an object.,Security,File System,Microsoft-Windows-Security-Auditing
T1547,False,Boot or Logon Autostart Execution,persistence;privilege-escalation,file,file creation,11,FileCreate,Microsoft-Windows-Sysmon/Operational,,Microsoft-Windows-Sysmon
T1547,False,Boot or Logon Autostart Execution,persistence;privilege-escalation,file,file modification,4670,Permissions on an object were changed.,Security,File System,Microsoft-Windows-Security-Auditing
T1547,False,Boot or Logon Autostart Execution,persistence;privilege-escalation,file,file modification,DeviceFileEvents,DeviceFileEvents,,,Microsoft Defender for Endpoint
T1547,False,Boot or Logon Autostart Execution,persistence;privilege-escalation,file,file modification,2,A process changed a file creation time.,Microsoft-Windows-Sysmon/Operational,,Microsoft-Windows-Sysmon
T1547,False,Boot or Logon Autostart Execution,persistence;privilege-escalation,file,file modification,11,FileCreate.,Microsoft-Windows-Sysmon/Operational,,Microsoft-Windows-Sysmon
T1547,False,Boot or Logon Autostart Execution,persistence;privilege-escalation,command,command execution,4688,A new process has been created.,Security,Process Creation,Microsoft-Windows-Security-Auditing
T1547,False,Boot or Logon Autostart Execution,persistence;privilege-escalation,command,command execution,1,Process Creation.,Microsoft-Windows-Sysmon/Operational,,Microsoft-Windows-Sysmon
T1547,False,Boot or Logon Autostart Execution,persistence;privilege-escalation,command,command execution,4103,Module logging.,Microsoft-Windows-PowerShell/Operational,,Microsoft-Windows-PowerShell
T1547,False,Boot or Logon Autostart Execution,persistence;privilege-escalation,command,command execution,DeviceProcessEvents,DeviceProcessEvents,,,Microsoft Defender for Endpoint
T1546,,Event Triggered Execution,privilege-escalation;persistence,windows registry,windows registry key modification,13,RegistryEvent (Value Set).,Microsoft-Windows-Sysmon/Operational,,Microsoft-Windows-Sysmon
T1546,,Event Triggered Execution,privilege-escalation;persistence,windows registry,windows registry key modification,14,RegistryEvent (Key and Value Rename).,Microsoft-Windows-Sysmon/Operational,,Microsoft-Windows-Sysmon
T1546,,Event Triggered Execution,privilege-escalation;persistence,windows registry,windows registry key modification,4657,A registry value was modified.,Security,Registry,Microsoft-Windows-Security-Auditing
T1546,,Event Triggered Execution,privilege-escalation;persistence,windows registry,windows registry key modification,4670,Permissions on an object were changed.,Security,Registry,Microsoft-Windows-Security-Auditing
T1546,,Event Triggered Execution,privilege-escalation;persistence,windows registry,windows registry key modification,DeviceRegistryEvents,DeviceRegistryEvents,,,Microsoft Defender for Endpoint
T1546,,Event Triggered Execution,privilege-escalation;persistence,process,process creation,4688,A new process has been created.,Security,Process Creation,Microsoft-Windows-Security-Auditing
T1546,,Event Triggered Execution,privilege-escalation;persistence,process,process creation,1,Process Creation.,Microsoft-Windows-Sysmon/Operational,,Microsoft-Windows-Sysmon
T1546,,Event Triggered Execution,privilege-escalation;persistence,process,process creation,DeviceProcessEvents,DeviceProcessEvents,,,Microsoft Defender for Endpoint
T1546,,Event Triggered Execution,privilege-escalation;persistence,process,process creation,8,CreateRemoteThread.,Microsoft-Windows-Sysmon/Operational,,Microsoft-Windows-Sysmon
T1546,,Event Triggered Execution,privilege-escalation;persistence,process,process creation,DeviceEvents,DeviceEvents,,,Microsoft Defender for Endpoint
T1546,,Event Triggered Execution,privilege-escalation;persistence,module,module load,7,Image loaded.,Microsoft-Windows-Sysmon/Operational,,Microsoft-Windows-Sysmon
T1546,,Event Triggered Execution,privilege-escalation;persistence,module,module load,DeviceImageLoadEvents,DeviceImageLoadEvents,,,Microsoft Defender for Endpoint
T1546,,Event Triggered Execution,privilege-escalation;persistence,file,file modification,4670,Permissions on an object were changed.,Security,File System,Microsoft-Windows-Security-Auditing
T1546,,Event Triggered Execution,privilege-escalation;persistence,file,file modification,DeviceFileEvents,DeviceFileEvents,,,Microsoft Defender for Endpoint
T1546,,Event Triggered Execution,privilege-escalation;persistence,file,file modification,2,A process changed a file creation time.,Microsoft-Windows-Sysmon/Operational,,Microsoft-Windows-Sysmon
T1546,,Event Triggered Execution,privilege-escalation;persistence,file,file modification,11,FileCreate.,Microsoft-Windows-Sysmon/Operational,,Microsoft-Windows-Sysmon
T1546,,Event Triggered Execution,privilege-escalation;persistence,file,file creation,DeviceFileEvents,DeviceFileEvents,,,Microsoft Defender for Endpoint
T1546,,Event Triggered Execution,privilege-escalation;persistence,file,file creation,4663,An attempt was made to access an object.,Security,File System,Microsoft-Windows-Security-Auditing
T1546,,Event Triggered Execution,privilege-escalation;persistence,file,file creation,11,FileCreate,Microsoft-Windows-Sysmon/Operational,,Microsoft-Windows-Sysmon
T1546,,Event Triggered Execution,privilege-escalation;persistence,wmi,wmi creation,19,WmiEvent (WmiEventFilter activity detected).,Microsoft-Windows-Sysmon/Operational,,Microsoft-Windows-Sysmon
T1546,,Event Triggered Execution,privilege-escalation;persistence,wmi,wmi creation,20,WmiEvent (WmiEventConsumer activity detected).,Microsoft-Windows-Sysmon/Operational,,Microsoft-Windows-Sysmon
T1546,,Event Triggered Execution,privilege-escalation;persistence,wmi,wmi creation,21,WmiEvent (WmiEventConsumerToFilter activity detected).,Microsoft-Windows-Sysmon/Operational,,Microsoft-Windows-Sysmon
T1546,,Event Triggered Execution,privilege-escalation;persistence,wmi,wmi creation,DeviceEvents,DeviceEvents,,,Microsoft Defender for Endpoint
T1546,,Event Triggered Execution,privilege-escalation;persistence,wmi,wmi creation,5860,WMI temporary event created.,,,Microsoft-Windows-WMI-Activity
T1546,,Event Triggered Execution,privilege-escalation;persistence,wmi,wmi creation,5861,WMI permanent event created.,,,Microsoft-Windows-WMI-Activity
T1546,,Event Triggered Execution,privilege-escalation;persistence,wmi,wmi creation,5857,WMIProv provider started.,,,Microsoft-Windows-WMI-Activity
T1546,,Event Triggered Execution,privilege-escalation;persistence,wmi,wmi creation,5858,WMI Query Error.,,,Microsoft-Windows-WMI-Activity
T1546,,Event Triggered Execution,privilege-escalation;persistence,wmi,wmi creation,5859,WMI Event.,,,Microsoft-Windows-WMI-Activity
T1546,,Event Triggered Execution,privilege-escalation;persistence,command,command execution,4688,A new process has been created.,Security,Process Creation,Microsoft-Windows-Security-Auditing
T1546,,Event Triggered Execution,privilege-escalation;persistence,command,command execution,1,Process Creation.,Microsoft-Windows-Sysmon/Operational,,Microsoft-Windows-Sysmon
T1546,,Event Triggered Execution,privilege-escalation;persistence,command,command execution,4103,Module logging.,Microsoft-Windows-PowerShell/Operational,,Microsoft-Windows-PowerShell
T1546,,Event Triggered Execution,privilege-escalation;persistence,command,command execution,DeviceProcessEvents,DeviceProcessEvents,,,Microsoft Defender for Endpoint
T1098.002,True,Additional Email Delegate Permissions,persistence,user account,user account modification,4738,A user account was changed.,Security,User Account Management,Microsoft-Windows-Security-Auditing
T1098.002,True,Additional Email Delegate Permissions,persistence,user account,user account modification,4781,The name of an account was changed.,Security,User Account Management,Microsoft-Windows-Security-Auditing
T1098.002,True,Additional Email Delegate Permissions,persistence,user account,user account modification,4742,A computer account was changed.,Security,Computer Account Management,Microsoft-Windows-Security-Auditing
T1098.002,True,Additional Email Delegate Permissions,persistence,user account,user account modification,DeviceEvents,DeviceEvents,,,Microsoft Defender for Endpoint
T1098.002,True,Additional Email Delegate Permissions,persistence,user account,user account modification,4740,A user account was locked out.,Security,User Account Management,Microsoft-Windows-Security-Auditing
T1098.002,True,Additional Email Delegate Permissions,persistence,user account,user account modification,4767,A user account was unlocked.,Security,User Account Management,Microsoft-Windows-Security-Auditing
T1098.002,True,Additional Email Delegate Permissions,persistence,user account,user account modification,4722,A user account was enabled.,Security,User Account Management,Microsoft-Windows-Security-Auditing
T1098.002,True,Additional Email Delegate Permissions,persistence,user account,user account modification,4717,System security access was granted to an account.,Security,Authentication Policy Change,Microsoft-Windows-Security-Auditing
T1098.002,True,Additional Email Delegate Permissions,persistence,user account,user account modification,4718,System security access was removed from an account.,Security,Authentication Policy Change,Microsoft-Windows-Security-Auditing
T1098.002,True,Additional Email Delegate Permissions,persistence,user account,user account modification,4725,A user account was disabled.,Security,User Account Management,Microsoft-Windows-Security-Auditing
T1098.002,True,Additional Email Delegate Permissions,persistence,user account,user account modification,4723,An attempt was made to change an account's password.,Security,User Account Management,Microsoft-Windows-Security-Auditing
T1098.002,True,Additional Email Delegate Permissions,persistence,user account,user account modification,4724,An attempt was made to reset an account's password.,Security,User Account Management,Microsoft-Windows-Security-Auditing
T1098.002,True,Additional Email Delegate Permissions,persistence,group,group modification,4728,A member was added to a security-enabled global group.,Security,Security Group Management,Microsoft-Windows-Security-Auditing
T1098.002,True,Additional Email Delegate Permissions,persistence,group,group modification,4729,A member was removed from a security-enabled global group.,Security,Security Group Management,Microsoft-Windows-Security-Auditing
T1098.002,True,Additional Email Delegate Permissions,persistence,group,group modification,4732,A member was added to a security-enabled local group.,Security,Security Group Management,Microsoft-Windows-Security-Auditing
T1098.002,True,Additional Email Delegate Permissions,persistence,group,group modification,4733,A member was removed from a security-enabled local group.,Security,Security Group Management,Microsoft-Windows-Security-Auditing
T1098.002,True,Additional Email Delegate Permissions,persistence,group,group modification,4735,A security-enabled local group was changed.,Security,Security Group Management,Microsoft-Windows-Security-Auditing
T1098.002,True,Additional Email Delegate Permissions,persistence,group,group modification,4737,A security-enabled global group was changed.,Security,Security Group Management,Microsoft-Windows-Security-Auditing
T1098.002,True,Additional Email Delegate Permissions,persistence,group,group modification,4755,A security-enabled universal group was changed.,Security,Security Group Management,Microsoft-Windows-Security-Auditing
T1098.002,True,Additional Email Delegate Permissions,persistence,group,group modification,4756,A member was added to a security-enabled universal group.,Security,Security Group Management,Microsoft-Windows-Security-Auditing
T1098.002,True,Additional Email Delegate Permissions,persistence,group,group modification,4757,A member was removed from a security-enabled universal group.,Security,Security Group Management,Microsoft-Windows-Security-Auditing
T1098.002,True,Additional Email Delegate Permissions,persistence,group,group modification,4764,A groups type was changed.,Security,Security Group Management,Microsoft-Windows-Security-Auditing
T1543.003,True,Windows Service,persistence;privilege-escalation,driver,driver load,6,Driver loaded.,Microsoft-Windows-Sysmon/Operational,,Microsoft-Windows-Sysmon
T1543.003,True,Windows Service,persistence;privilege-escalation,driver,driver load,DeviceEvents,DeviceEvents,,,Microsoft Defender for Endpoint
T1543.003,True,Windows Service,persistence;privilege-escalation,windows registry,windows registry key modification,13,RegistryEvent (Value Set).,Microsoft-Windows-Sysmon/Operational,,Microsoft-Windows-Sysmon
T1543.003,True,Windows Service,persistence;privilege-escalation,windows registry,windows registry key modification,14,RegistryEvent (Key and Value Rename).,Microsoft-Windows-Sysmon/Operational,,Microsoft-Windows-Sysmon
T1543.003,True,Windows Service,persistence;privilege-escalation,windows registry,windows registry key modification,4657,A registry value was modified.,Security,Registry,Microsoft-Windows-Security-Auditing
T1543.003,True,Windows Service,persistence;privilege-escalation,windows registry,windows registry key modification,4670,Permissions on an object were changed.,Security,Registry,Microsoft-Windows-Security-Auditing
T1543.003,True,Windows Service,persistence;privilege-escalation,windows registry,windows registry key modification,DeviceRegistryEvents,DeviceRegistryEvents,,,Microsoft Defender for Endpoint
T1543.003,True,Windows Service,persistence;privilege-escalation,windows registry,windows registry key creation,12,RegistryEvent (Object create and delete).,Microsoft-Windows-Sysmon/Operational,,Microsoft-Windows-Sysmon
T1543.003,True,Windows Service,persistence;privilege-escalation,windows registry,windows registry key creation,DeviceRegistryEvents,DeviceRegistryEvents,,,Microsoft Defender for Endpoint
T1543.003,True,Windows Service,persistence;privilege-escalation,windows registry,windows registry key creation,4657,A registry value was modified.,Security,Registry,Microsoft-Windows-Security-Auditing
T1543.003,True,Windows Service,persistence;privilege-escalation,process,os api execution,8,CreateRemoteThread.,Microsoft-Windows-Sysmon/Operational,,Microsoft-Windows-Sysmon
T1543.003,True,Windows Service,persistence;privilege-escalation,process,os api execution,DeviceEvents,DeviceEvents,,,Microsoft Defender for Endpoint
T1543.003,True,Windows Service,persistence;privilege-escalation,process,process creation,4688,A new process has been created.,Security,Process Creation,Microsoft-Windows-Security-Auditing
T1543.003,True,Windows Service,persistence;privilege-escalation,process,process creation,1,Process Creation.,Microsoft-Windows-Sysmon/Operational,,Microsoft-Windows-Sysmon
T1543.003,True,Windows Service,persistence;privilege-escalation,process,process creation,DeviceProcessEvents,DeviceProcessEvents,,,Microsoft Defender for Endpoint
T1543.003,True,Windows Service,persistence;privilege-escalation,process,process creation,8,CreateRemoteThread.,Microsoft-Windows-Sysmon/Operational,,Microsoft-Windows-Sysmon
T1543.003,True,Windows Service,persistence;privilege-escalation,process,process creation,DeviceEvents,DeviceEvents,,,Microsoft Defender for Endpoint
T1543.003,True,Windows Service,persistence;privilege-escalation,service,service creation,4697,A service was installed in the system.,Security,Security System Extension,Microsoft-Windows-Security-Auditing
T1543.003,True,Windows Service,persistence;privilege-escalation,service,service creation,7045,A new service was installed in the system.,System,,Service Control Manager
T1543.003,True,Windows Service,persistence;privilege-escalation,service,service creation,DeviceEvents,DeviceEvents,,,Microsoft Defender for Endpoint
T1543.003,True,Windows Service,persistence;privilege-escalation,command,command execution,4688,A new process has been created.,Security,Process Creation,Microsoft-Windows-Security-Auditing
T1543.003,True,Windows Service,persistence;privilege-escalation,command,command execution,1,Process Creation.,Microsoft-Windows-Sysmon/Operational,,Microsoft-Windows-Sysmon
T1543.003,True,Windows Service,persistence;privilege-escalation,command,command execution,4103,Module logging.,Microsoft-Windows-PowerShell/Operational,,Microsoft-Windows-PowerShell
T1543.003,True,Windows Service,persistence;privilege-escalation,command,command execution,DeviceProcessEvents,DeviceProcessEvents,,,Microsoft Defender for Endpoint
T1055.012,True,Process Hollowing,defense-evasion;privilege-escalation,process,process access,4663,An attempt was made to access an object.,Security,Kernel Object,Microsoft-Windows-Security-Auditing
T1055.012,True,Process Hollowing,defense-evasion;privilege-escalation,process,process access,DeviceEvents,DeviceEvents,,,Microsoft Defender for Endpoint
T1055.012,True,Process Hollowing,defense-evasion;privilege-escalation,process,process access,4656,A handle to an object was requested.,Security,Kernel Object,Microsoft-Windows-Security-Auditing
T1055.012,True,Process Hollowing,defense-evasion;privilege-escalation,process,process access,10,Process Access.,Microsoft-Windows-Sysmon/Operational,,Microsoft-Windows-Sysmon
T1055.012,True,Process Hollowing,defense-evasion;privilege-escalation,process,process access,10,ProcessAccess,Microsoft-Windows-Sysmon/Operational,,Microsoft-Windows-Sysmon
T1055.012,True,Process Hollowing,defense-evasion;privilege-escalation,process,os api execution,8,CreateRemoteThread.,Microsoft-Windows-Sysmon/Operational,,Microsoft-Windows-Sysmon
T1055.012,True,Process Hollowing,defense-evasion;privilege-escalation,process,os api execution,DeviceEvents,DeviceEvents,,,Microsoft Defender for Endpoint
T1055.012,True,Process Hollowing,defense-evasion;privilege-escalation,process,process modification,8,CreateRemoteThread.,Microsoft-Windows-Sysmon/Operational,,Microsoft-Windows-Sysmon
T1055.012,True,Process Hollowing,defense-evasion;privilege-escalation,process,process modification,DeviceEvents,DeviceEvents,,,Microsoft Defender for Endpoint
T1055.013,True,Process Doppelgänging,defense-evasion;privilege-escalation,process,os api execution,8,CreateRemoteThread.,Microsoft-Windows-Sysmon/Operational,,Microsoft-Windows-Sysmon
T1055.013,True,Process Doppelgänging,defense-evasion;privilege-escalation,process,os api execution,DeviceEvents,DeviceEvents,,,Microsoft Defender for Endpoint
T1055.011,True,Extra Window Memory Injection,defense-evasion;privilege-escalation,process,os api execution,8,CreateRemoteThread.,Microsoft-Windows-Sysmon/Operational,,Microsoft-Windows-Sysmon
T1055.011,True,Extra Window Memory Injection,defense-evasion;privilege-escalation,process,os api execution,DeviceEvents,DeviceEvents,,,Microsoft Defender for Endpoint
T1055.005,True,Thread Local Storage,defense-evasion;privilege-escalation,process,process modification,8,CreateRemoteThread.,Microsoft-Windows-Sysmon/Operational,,Microsoft-Windows-Sysmon
T1055.005,True,Thread Local Storage,defense-evasion;privilege-escalation,process,process modification,DeviceEvents,DeviceEvents,,,Microsoft Defender for Endpoint
T1055.005,True,Thread Local Storage,defense-evasion;privilege-escalation,process,process access,4663,An attempt was made to access an object.,Security,Kernel Object,Microsoft-Windows-Security-Auditing
T1055.005,True,Thread Local Storage,defense-evasion;privilege-escalation,process,process access,DeviceEvents,DeviceEvents,,,Microsoft Defender for Endpoint
T1055.005,True,Thread Local Storage,defense-evasion;privilege-escalation,process,process access,4656,A handle to an object was requested.,Security,Kernel Object,Microsoft-Windows-Security-Auditing
T1055.005,True,Thread Local Storage,defense-evasion;privilege-escalation,process,process access,10,Process Access.,Microsoft-Windows-Sysmon/Operational,,Microsoft-Windows-Sysmon
T1055.005,True,Thread Local Storage,defense-evasion;privilege-escalation,process,process access,10,ProcessAccess,Microsoft-Windows-Sysmon/Operational,,Microsoft-Windows-Sysmon
T1055.005,True,Thread Local Storage,defense-evasion;privilege-escalation,process,os api execution,8,CreateRemoteThread.,Microsoft-Windows-Sysmon/Operational,,Microsoft-Windows-Sysmon
T1055.005,True,Thread Local Storage,defense-evasion;privilege-escalation,process,os api execution,DeviceEvents,DeviceEvents,,,Microsoft Defender for Endpoint
T1055.004,True,Asynchronous Procedure Call,defense-evasion;privilege-escalation,process,process modification,8,CreateRemoteThread.,Microsoft-Windows-Sysmon/Operational,,Microsoft-Windows-Sysmon
T1055.004,True,Asynchronous Procedure Call,defense-evasion;privilege-escalation,process,process modification,DeviceEvents,DeviceEvents,,,Microsoft Defender for Endpoint
T1055.004,True,Asynchronous Procedure Call,defense-evasion;privilege-escalation,process,os api execution,8,CreateRemoteThread.,Microsoft-Windows-Sysmon/Operational,,Microsoft-Windows-Sysmon
T1055.004,True,Asynchronous Procedure Call,defense-evasion;privilege-escalation,process,os api execution,DeviceEvents,DeviceEvents,,,Microsoft Defender for Endpoint
T1055.004,True,Asynchronous Procedure Call,defense-evasion;privilege-escalation,process,process access,4663,An attempt was made to access an object.,Security,Kernel Object,Microsoft-Windows-Security-Auditing
T1055.004,True,Asynchronous Procedure Call,defense-evasion;privilege-escalation,process,process access,DeviceEvents,DeviceEvents,,,Microsoft Defender for Endpoint
T1055.004,True,Asynchronous Procedure Call,defense-evasion;privilege-escalation,process,process access,4656,A handle to an object was requested.,Security,Kernel Object,Microsoft-Windows-Security-Auditing
T1055.004,True,Asynchronous Procedure Call,defense-evasion;privilege-escalation,process,process access,10,Process Access.,Microsoft-Windows-Sysmon/Operational,,Microsoft-Windows-Sysmon
T1055.004,True,Asynchronous Procedure Call,defense-evasion;privilege-escalation,process,process access,10,ProcessAccess,Microsoft-Windows-Sysmon/Operational,,Microsoft-Windows-Sysmon
T1055.003,True,Thread Execution Hijacking,defense-evasion;privilege-escalation,process,os api execution,8,CreateRemoteThread.,Microsoft-Windows-Sysmon/Operational,,Microsoft-Windows-Sysmon
T1055.003,True,Thread Execution Hijacking,defense-evasion;privilege-escalation,process,os api execution,DeviceEvents,DeviceEvents,,,Microsoft Defender for Endpoint
T1055.003,True,Thread Execution Hijacking,defense-evasion;privilege-escalation,process,process modification,8,CreateRemoteThread.,Microsoft-Windows-Sysmon/Operational,,Microsoft-Windows-Sysmon
T1055.003,True,Thread Execution Hijacking,defense-evasion;privilege-escalation,process,process modification,DeviceEvents,DeviceEvents,,,Microsoft Defender for Endpoint
T1055.003,True,Thread Execution Hijacking,defense-evasion;privilege-escalation,process,process access,4663,An attempt was made to access an object.,Security,Kernel Object,Microsoft-Windows-Security-Auditing
T1055.003,True,Thread Execution Hijacking,defense-evasion;privilege-escalation,process,process access,DeviceEvents,DeviceEvents,,,Microsoft Defender for Endpoint
T1055.003,True,Thread Execution Hijacking,defense-evasion;privilege-escalation,process,process access,4656,A handle to an object was requested.,Security,Kernel Object,Microsoft-Windows-Security-Auditing
T1055.003,True,Thread Execution Hijacking,defense-evasion;privilege-escalation,process,process access,10,Process Access.,Microsoft-Windows-Sysmon/Operational,,Microsoft-Windows-Sysmon
T1055.003,True,Thread Execution Hijacking,defense-evasion;privilege-escalation,process,process access,10,ProcessAccess,Microsoft-Windows-Sysmon/Operational,,Microsoft-Windows-Sysmon
T1055.002,True,Portable Executable Injection,defense-evasion;privilege-escalation,process,os api execution,8,CreateRemoteThread.,Microsoft-Windows-Sysmon/Operational,,Microsoft-Windows-Sysmon
T1055.002,True,Portable Executable Injection,defense-evasion;privilege-escalation,process,os api execution,DeviceEvents,DeviceEvents,,,Microsoft Defender for Endpoint
T1055.002,True,Portable Executable Injection,defense-evasion;privilege-escalation,process,process access,4663,An attempt was made to access an object.,Security,Kernel Object,Microsoft-Windows-Security-Auditing
T1055.002,True,Portable Executable Injection,defense-evasion;privilege-escalation,process,process access,DeviceEvents,DeviceEvents,,,Microsoft Defender for Endpoint
T1055.002,True,Portable Executable Injection,defense-evasion;privilege-escalation,process,process access,4656,A handle to an object was requested.,Security,Kernel Object,Microsoft-Windows-Security-Auditing
T1055.002,True,Portable Executable Injection,defense-evasion;privilege-escalation,process,process access,10,Process Access.,Microsoft-Windows-Sysmon/Operational,,Microsoft-Windows-Sysmon
T1055.002,True,Portable Executable Injection,defense-evasion;privilege-escalation,process,process access,10,ProcessAccess,Microsoft-Windows-Sysmon/Operational,,Microsoft-Windows-Sysmon
T1055.002,True,Portable Executable Injection,defense-evasion;privilege-escalation,process,process modification,8,CreateRemoteThread.,Microsoft-Windows-Sysmon/Operational,,Microsoft-Windows-Sysmon
T1055.002,True,Portable Executable Injection,defense-evasion;privilege-escalation,process,process modification,DeviceEvents,DeviceEvents,,,Microsoft Defender for Endpoint
T1055.001,True,Dynamic-link Library Injection,defense-evasion;privilege-escalation,process,process access,4663,An attempt was made to access an object.,Security,Kernel Object,Microsoft-Windows-Security-Auditing
T1055.001,True,Dynamic-link Library Injection,defense-evasion;privilege-escalation,process,process access,DeviceEvents,DeviceEvents,,,Microsoft Defender for Endpoint
T1055.001,True,Dynamic-link Library Injection,defense-evasion;privilege-escalation,process,process access,4656,A handle to an object was requested.,Security,Kernel Object,Microsoft-Windows-Security-Auditing
T1055.001,True,Dynamic-link Library Injection,defense-evasion;privilege-escalation,process,process access,10,Process Access.,Microsoft-Windows-Sysmon/Operational,,Microsoft-Windows-Sysmon
T1055.001,True,Dynamic-link Library Injection,defense-evasion;privilege-escalation,process,process access,10,ProcessAccess,Microsoft-Windows-Sysmon/Operational,,Microsoft-Windows-Sysmon
T1055.001,True,Dynamic-link Library Injection,defense-evasion;privilege-escalation,process,os api execution,8,CreateRemoteThread.,Microsoft-Windows-Sysmon/Operational,,Microsoft-Windows-Sysmon
T1055.001,True,Dynamic-link Library Injection,defense-evasion;privilege-escalation,process,os api execution,DeviceEvents,DeviceEvents,,,Microsoft Defender for Endpoint
T1055.001,True,Dynamic-link Library Injection,defense-evasion;privilege-escalation,process,process modification,8,CreateRemoteThread.,Microsoft-Windows-Sysmon/Operational,,Microsoft-Windows-Sysmon
T1055.001,True,Dynamic-link Library Injection,defense-evasion;privilege-escalation,process,process modification,DeviceEvents,DeviceEvents,,,Microsoft Defender for Endpoint
T1055.001,True,Dynamic-link Library Injection,defense-evasion;privilege-escalation,module,module load,7,Image loaded.,Microsoft-Windows-Sysmon/Operational,,Microsoft-Windows-Sysmon
T1055.001,True,Dynamic-link Library Injection,defense-evasion;privilege-escalation,module,module load,DeviceImageLoadEvents,DeviceImageLoadEvents,,,Microsoft Defender for Endpoint
T1037.003,True,Network Logon Script,persistence;privilege-escalation,process,process creation,4688,A new process has been created.,Security,Process Creation,Microsoft-Windows-Security-Auditing
T1037.003,True,Network Logon Script,persistence;privilege-escalation,process,process creation,1,Process Creation.,Microsoft-Windows-Sysmon/Operational,,Microsoft-Windows-Sysmon
T1037.003,True,Network Logon Script,persistence;privilege-escalation,process,process creation,DeviceProcessEvents,DeviceProcessEvents,,,Microsoft Defender for Endpoint
T1037.003,True,Network Logon Script,persistence;privilege-escalation,process,process creation,8,CreateRemoteThread.,Microsoft-Windows-Sysmon/Operational,,Microsoft-Windows-Sysmon
T1037.003,True,Network Logon Script,persistence;privilege-escalation,process,process creation,DeviceEvents,DeviceEvents,,,Microsoft Defender for Endpoint
T1037.003,True,Network Logon Script,persistence;privilege-escalation,command,command execution,4688,A new process has been created.,Security,Process Creation,Microsoft-Windows-Security-Auditing
T1037.003,True,Network Logon Script,persistence;privilege-escalation,command,command execution,1,Process Creation.,Microsoft-Windows-Sysmon/Operational,,Microsoft-Windows-Sysmon
T1037.003,True,Network Logon Script,persistence;privilege-escalation,command,command execution,4103,Module logging.,Microsoft-Windows-PowerShell/Operational,,Microsoft-Windows-PowerShell
T1037.003,True,Network Logon Script,persistence;privilege-escalation,command,command execution,DeviceProcessEvents,DeviceProcessEvents,,,Microsoft Defender for Endpoint
T1037.003,True,Network Logon Script,persistence;privilege-escalation,active directory,active directory object modification,5136,A directory service object was modified.,Security,Directory Service Changes,Microsoft-Windows-Security-Auditing
T1037.003,True,Network Logon Script,persistence;privilege-escalation,active directory,active directory object modification,5139,A directory service object was moved.,Security,Directory Service Changes,Microsoft-Windows-Security-Auditing
T1037.003,True,Network Logon Script,persistence;privilege-escalation,active directory,active directory object modification,4719,System audit policy was changed.,Security,Policy Change,Microsoft-Windows-Security-Auditing
T1037.003,True,Network Logon Script,persistence;privilege-escalation,file,file modification,4670,Permissions on an object were changed.,Security,File System,Microsoft-Windows-Security-Auditing
T1037.003,True,Network Logon Script,persistence;privilege-escalation,file,file modification,DeviceFileEvents,DeviceFileEvents,,,Microsoft Defender for Endpoint
T1037.003,True,Network Logon Script,persistence;privilege-escalation,file,file modification,2,A process changed a file creation time.,Microsoft-Windows-Sysmon/Operational,,Microsoft-Windows-Sysmon
T1037.003,True,Network Logon Script,persistence;privilege-escalation,file,file modification,11,FileCreate.,Microsoft-Windows-Sysmon/Operational,,Microsoft-Windows-Sysmon
T1037.003,True,Network Logon Script,persistence;privilege-escalation,file,file creation,DeviceFileEvents,DeviceFileEvents,,,Microsoft Defender for Endpoint
T1037.003,True,Network Logon Script,persistence;privilege-escalation,file,file creation,4663,An attempt was made to access an object.,Security,File System,Microsoft-Windows-Security-Auditing
T1037.003,True,Network Logon Script,persistence;privilege-escalation,file,file creation,11,FileCreate,Microsoft-Windows-Sysmon/Operational,,Microsoft-Windows-Sysmon
T1543,False,Create or Modify System Process,persistence;privilege-escalation,driver,driver load,6,Driver loaded.,Microsoft-Windows-Sysmon/Operational,,Microsoft-Windows-Sysmon
T1543,False,Create or Modify System Process,persistence;privilege-escalation,driver,driver load,DeviceEvents,DeviceEvents,,,Microsoft Defender for Endpoint
T1543,False,Create or Modify System Process,persistence;privilege-escalation,windows registry,windows registry key creation,12,RegistryEvent (Object create and delete).,Microsoft-Windows-Sysmon/Operational,,Microsoft-Windows-Sysmon
T1543,False,Create or Modify System Process,persistence;privilege-escalation,windows registry,windows registry key creation,DeviceRegistryEvents,DeviceRegistryEvents,,,Microsoft Defender for Endpoint
T1543,False,Create or Modify System Process,persistence;privilege-escalation,windows registry,windows registry key creation,4657,A registry value was modified.,Security,Registry,Microsoft-Windows-Security-Auditing
T1543,False,Create or Modify System Process,persistence;privilege-escalation,windows registry,windows registry key modification,13,RegistryEvent (Value Set).,Microsoft-Windows-Sysmon/Operational,,Microsoft-Windows-Sysmon
T1543,False,Create or Modify System Process,persistence;privilege-escalation,windows registry,windows registry key modification,14,RegistryEvent (Key and Value Rename).,Microsoft-Windows-Sysmon/Operational,,Microsoft-Windows-Sysmon
T1543,False,Create or Modify System Process,persistence;privilege-escalation,windows registry,windows registry key modification,4657,A registry value was modified.,Security,Registry,Microsoft-Windows-Security-Auditing
T1543,False,Create or Modify System Process,persistence;privilege-escalation,windows registry,windows registry key modification,4670,Permissions on an object were changed.,Security,Registry,Microsoft-Windows-Security-Auditing
T1543,False,Create or Modify System Process,persistence;privilege-escalation,windows registry,windows registry key modification,DeviceRegistryEvents,DeviceRegistryEvents,,,Microsoft Defender for Endpoint
T1543,False,Create or Modify System Process,persistence;privilege-escalation,file,file modification,4670,Permissions on an object were changed.,Security,File System,Microsoft-Windows-Security-Auditing
T1543,False,Create or Modify System Process,persistence;privilege-escalation,file,file modification,DeviceFileEvents,DeviceFileEvents,,,Microsoft Defender for Endpoint
T1543,False,Create or Modify System Process,persistence;privilege-escalation,file,file modification,2,A process changed a file creation time.,Microsoft-Windows-Sysmon/Operational,,Microsoft-Windows-Sysmon
T1543,False,Create or Modify System Process,persistence;privilege-escalation,file,file modification,11,FileCreate.,Microsoft-Windows-Sysmon/Operational,,Microsoft-Windows-Sysmon
T1543,False,Create or Modify System Process,persistence;privilege-escalation,file,file creation,DeviceFileEvents,DeviceFileEvents,,,Microsoft Defender for Endpoint
T1543,False,Create or Modify System Process,persistence;privilege-escalation,file,file creation,4663,An attempt was made to access an object.,Security,File System,Microsoft-Windows-Security-Auditing
T1543,False,Create or Modify System Process,persistence;privilege-escalation,file,file creation,11,FileCreate,Microsoft-Windows-Sysmon/Operational,,Microsoft-Windows-Sysmon
T1543,False,Create or Modify System Process,persistence;privilege-escalation,command,command execution,4688,A new process has been created.,Security,Process Creation,Microsoft-Windows-Security-Auditing
T1543,False,Create or Modify System Process,persistence;privilege-escalation,command,command execution,1,Process Creation.,Microsoft-Windows-Sysmon/Operational,,Microsoft-Windows-Sysmon
T1543,False,Create or Modify System Process,persistence;privilege-escalation,command,command execution,4103,Module logging.,Microsoft-Windows-PowerShell/Operational,,Microsoft-Windows-PowerShell
T1543,False,Create or Modify System Process,persistence;privilege-escalation,command,command execution,DeviceProcessEvents,DeviceProcessEvents,,,Microsoft Defender for Endpoint
T1543,False,Create or Modify System Process,persistence;privilege-escalation,service,service creation,4697,A service was installed in the system.,Security,Security System Extension,Microsoft-Windows-Security-Auditing
T1543,False,Create or Modify System Process,persistence;privilege-escalation,service,service creation,7045,A new service was installed in the system.,System,,Service Control Manager
T1543,False,Create or Modify System Process,persistence;privilege-escalation,service,service creation,DeviceEvents,DeviceEvents,,,Microsoft Defender for Endpoint
T1543,False,Create or Modify System Process,persistence;privilege-escalation,process,process creation,4688,A new process has been created.,Security,Process Creation,Microsoft-Windows-Security-Auditing
T1543,False,Create or Modify System Process,persistence;privilege-escalation,process,process creation,1,Process Creation.,Microsoft-Windows-Sysmon/Operational,,Microsoft-Windows-Sysmon
T1543,False,Create or Modify System Process,persistence;privilege-escalation,process,process creation,DeviceProcessEvents,DeviceProcessEvents,,,Microsoft Defender for Endpoint
T1543,False,Create or Modify System Process,persistence;privilege-escalation,process,process creation,8,CreateRemoteThread.,Microsoft-Windows-Sysmon/Operational,,Microsoft-Windows-Sysmon
T1543,False,Create or Modify System Process,persistence;privilege-escalation,process,process creation,DeviceEvents,DeviceEvents,,,Microsoft Defender for Endpoint
T1543,False,Create or Modify System Process,persistence;privilege-escalation,process,os api execution,8,CreateRemoteThread.,Microsoft-Windows-Sysmon/Operational,,Microsoft-Windows-Sysmon
T1543,False,Create or Modify System Process,persistence;privilege-escalation,process,os api execution,DeviceEvents,DeviceEvents,,,Microsoft Defender for Endpoint
T1037.001,True,Logon Script (Windows),persistence;privilege-escalation,process,process creation,4688,A new process has been created.,Security,Process Creation,Microsoft-Windows-Security-Auditing
T1037.001,True,Logon Script (Windows),persistence;privilege-escalation,process,process creation,1,Process Creation.,Microsoft-Windows-Sysmon/Operational,,Microsoft-Windows-Sysmon
T1037.001,True,Logon Script (Windows),persistence;privilege-escalation,process,process creation,DeviceProcessEvents,DeviceProcessEvents,,,Microsoft Defender for Endpoint
T1037.001,True,Logon Script (Windows),persistence;privilege-escalation,process,process creation,8,CreateRemoteThread.,Microsoft-Windows-Sysmon/Operational,,Microsoft-Windows-Sysmon
T1037.001,True,Logon Script (Windows),persistence;privilege-escalation,process,process creation,DeviceEvents,DeviceEvents,,,Microsoft Defender for Endpoint
T1037.001,True,Logon Script (Windows),persistence;privilege-escalation,command,command execution,4688,A new process has been created.,Security,Process Creation,Microsoft-Windows-Security-Auditing
T1037.001,True,Logon Script (Windows),persistence;privilege-escalation,command,command execution,1,Process Creation.,Microsoft-Windows-Sysmon/Operational,,Microsoft-Windows-Sysmon
T1037.001,True,Logon Script (Windows),persistence;privilege-escalation,command,command execution,4103,Module logging.,Microsoft-Windows-PowerShell/Operational,,Microsoft-Windows-PowerShell
T1037.001,True,Logon Script (Windows),persistence;privilege-escalation,command,command execution,DeviceProcessEvents,DeviceProcessEvents,,,Microsoft Defender for Endpoint
T1037.001,True,Logon Script (Windows),persistence;privilege-escalation,windows registry,windows registry key creation,12,RegistryEvent (Object create and delete).,Microsoft-Windows-Sysmon/Operational,,Microsoft-Windows-Sysmon
T1037.001,True,Logon Script (Windows),persistence;privilege-escalation,windows registry,windows registry key creation,DeviceRegistryEvents,DeviceRegistryEvents,,,Microsoft Defender for Endpoint
T1037.001,True,Logon Script (Windows),persistence;privilege-escalation,windows registry,windows registry key creation,4657,A registry value was modified.,Security,Registry,Microsoft-Windows-Security-Auditing
T1542.003,True,Bootkit,persistence;defense-evasion,drive,drive modification,6422,A device was enabled.,Security,PNP Activity,Microsoft-Windows-Security-Auditing
T1542.003,True,Bootkit,persistence;defense-evasion,drive,drive modification,6419,A request was made to disable a device.,Security,PNP Activity,Microsoft-Windows-Security-Auditing
T1542.003,True,Bootkit,persistence;defense-evasion,drive,drive modification,6420,A device was disabled.,Security,PNP Activity,Microsoft-Windows-Security-Auditing
T1542.003,True,Bootkit,persistence;defense-evasion,drive,drive modification,6421,A request was made to enable a device.,Security,PNP Activity,Microsoft-Windows-Security-Auditing
T1542.002,True,Component Firmware,persistence;defense-evasion,process,os api execution,8,CreateRemoteThread.,Microsoft-Windows-Sysmon/Operational,,Microsoft-Windows-Sysmon
T1542.002,True,Component Firmware,persistence;defense-evasion,process,os api execution,DeviceEvents,DeviceEvents,,,Microsoft Defender for Endpoint
T1505.003,True,Web Shell,persistence,file,file modification,4670,Permissions on an object were changed.,Security,File System,Microsoft-Windows-Security-Auditing
T1505.003,True,Web Shell,persistence,file,file modification,DeviceFileEvents,DeviceFileEvents,,,Microsoft Defender for Endpoint
T1505.003,True,Web Shell,persistence,file,file modification,2,A process changed a file creation time.,Microsoft-Windows-Sysmon/Operational,,Microsoft-Windows-Sysmon
T1505.003,True,Web Shell,persistence,file,file modification,11,FileCreate.,Microsoft-Windows-Sysmon/Operational,,Microsoft-Windows-Sysmon
T1505.003,True,Web Shell,persistence,file,file creation,DeviceFileEvents,DeviceFileEvents,,,Microsoft Defender for Endpoint
T1505.003,True,Web Shell,persistence,file,file creation,4663,An attempt was made to access an object.,Security,File System,Microsoft-Windows-Security-Auditing
T1505.003,True,Web Shell,persistence,file,file creation,11,FileCreate,Microsoft-Windows-Sysmon/Operational,,Microsoft-Windows-Sysmon
T1505.003,True,Web Shell,persistence,process,process creation,4688,A new process has been created.,Security,Process Creation,Microsoft-Windows-Security-Auditing
T1505.003,True,Web Shell,persistence,process,process creation,1,Process Creation.,Microsoft-Windows-Sysmon/Operational,,Microsoft-Windows-Sysmon
T1505.003,True,Web Shell,persistence,process,process creation,DeviceProcessEvents,DeviceProcessEvents,,,Microsoft Defender for Endpoint
T1505.003,True,Web Shell,persistence,process,process creation,8,CreateRemoteThread.,Microsoft-Windows-Sysmon/Operational,,Microsoft-Windows-Sysmon
T1505.003,True,Web Shell,persistence,process,process creation,DeviceEvents,DeviceEvents,,,Microsoft Defender for Endpoint
T1505.002,True,Transport Agent,persistence,file,file creation,DeviceFileEvents,DeviceFileEvents,,,Microsoft Defender for Endpoint
T1505.002,True,Transport Agent,persistence,file,file creation,4663,An attempt was made to access an object.,Security,File System,Microsoft-Windows-Security-Auditing
T1505.002,True,Transport Agent,persistence,file,file creation,11,FileCreate,Microsoft-Windows-Sysmon/Operational,,Microsoft-Windows-Sysmon
T1053.005,True,Scheduled Task,execution;persistence;privilege-escalation,command,command execution,4688,A new process has been created.,Security,Process Creation,Microsoft-Windows-Security-Auditing
T1053.005,True,Scheduled Task,execution;persistence;privilege-escalation,command,command execution,1,Process Creation.,Microsoft-Windows-Sysmon/Operational,,Microsoft-Windows-Sysmon
T1053.005,True,Scheduled Task,execution;persistence;privilege-escalation,command,command execution,4103,Module logging.,Microsoft-Windows-PowerShell/Operational,,Microsoft-Windows-PowerShell
T1053.005,True,Scheduled Task,execution;persistence;privilege-escalation,command,command execution,DeviceProcessEvents,DeviceProcessEvents,,,Microsoft Defender for Endpoint
T1053.005,True,Scheduled Task,execution;persistence;privilege-escalation,process,process creation,4688,A new process has been created.,Security,Process Creation,Microsoft-Windows-Security-Auditing
T1053.005,True,Scheduled Task,execution;persistence;privilege-escalation,process,process creation,1,Process Creation.,Microsoft-Windows-Sysmon/Operational,,Microsoft-Windows-Sysmon
T1053.005,True,Scheduled Task,execution;persistence;privilege-escalation,process,process creation,DeviceProcessEvents,DeviceProcessEvents,,,Microsoft Defender for Endpoint
T1053.005,True,Scheduled Task,execution;persistence;privilege-escalation,process,process creation,8,CreateRemoteThread.,Microsoft-Windows-Sysmon/Operational,,Microsoft-Windows-Sysmon
T1053.005,True,Scheduled Task,execution;persistence;privilege-escalation,process,process creation,DeviceEvents,DeviceEvents,,,Microsoft Defender for Endpoint
T1053.005,True,Scheduled Task,execution;persistence;privilege-escalation,scheduled job,scheduled job creation,4698,A scheduled task was created.,Security,Other Object Access Events,Microsoft-Windows-Security-Auditing
T1053.005,True,Scheduled Task,execution;persistence;privilege-escalation,scheduled job,scheduled job creation,DeviceEvents,DeviceEvents,,,Microsoft Defender for Endpoint
T1053.005,True,Scheduled Task,execution;persistence;privilege-escalation,file,file modification,4670,Permissions on an object were changed.,Security,File System,Microsoft-Windows-Security-Auditing
T1053.005,True,Scheduled Task,execution;persistence;privilege-escalation,file,file modification,DeviceFileEvents,DeviceFileEvents,,,Microsoft Defender for Endpoint
T1053.005,True,Scheduled Task,execution;persistence;privilege-escalation,file,file modification,2,A process changed a file creation time.,Microsoft-Windows-Sysmon/Operational,,Microsoft-Windows-Sysmon
T1053.005,True,Scheduled Task,execution;persistence;privilege-escalation,file,file modification,11,FileCreate.,Microsoft-Windows-Sysmon/Operational,,Microsoft-Windows-Sysmon
T1053.002,True,At,execution;persistence;privilege-escalation,command,command execution,4688,A new process has been created.,Security,Process Creation,Microsoft-Windows-Security-Auditing
T1053.002,True,At,execution;persistence;privilege-escalation,command,command execution,1,Process Creation.,Microsoft-Windows-Sysmon/Operational,,Microsoft-Windows-Sysmon
T1053.002,True,At,execution;persistence;privilege-escalation,command,command execution,4103,Module logging.,Microsoft-Windows-PowerShell/Operational,,Microsoft-Windows-PowerShell
T1053.002,True,At,execution;persistence;privilege-escalation,command,command execution,DeviceProcessEvents,DeviceProcessEvents,,,Microsoft Defender for Endpoint
T1053.002,True,At,execution;persistence;privilege-escalation,scheduled job,scheduled job creation,4698,A scheduled task was created.,Security,Other Object Access Events,Microsoft-Windows-Security-Auditing
T1053.002,True,At,execution;persistence;privilege-escalation,scheduled job,scheduled job creation,DeviceEvents,DeviceEvents,,,Microsoft Defender for Endpoint
T1053.002,True,At,execution;persistence;privilege-escalation,process,process creation,4688,A new process has been created.,Security,Process Creation,Microsoft-Windows-Security-Auditing
T1053.002,True,At,execution;persistence;privilege-escalation,process,process creation,1,Process Creation.,Microsoft-Windows-Sysmon/Operational,,Microsoft-Windows-Sysmon
T1053.002,True,At,execution;persistence;privilege-escalation,process,process creation,DeviceProcessEvents,DeviceProcessEvents,,,Microsoft Defender for Endpoint
T1053.002,True,At,execution;persistence;privilege-escalation,process,process creation,8,CreateRemoteThread.,Microsoft-Windows-Sysmon/Operational,,Microsoft-Windows-Sysmon
T1053.002,True,At,execution;persistence;privilege-escalation,process,process creation,DeviceEvents,DeviceEvents,,,Microsoft Defender for Endpoint
T1053.002,True,At,execution;persistence;privilege-escalation,file,file modification,4670,Permissions on an object were changed.,Security,File System,Microsoft-Windows-Security-Auditing
T1053.002,True,At,execution;persistence;privilege-escalation,file,file modification,DeviceFileEvents,DeviceFileEvents,,,Microsoft Defender for Endpoint
T1053.002,True,At,execution;persistence;privilege-escalation,file,file modification,2,A process changed a file creation time.,Microsoft-Windows-Sysmon/Operational,,Microsoft-Windows-Sysmon
T1053.002,True,At,execution;persistence;privilege-escalation,file,file modification,11,FileCreate.,Microsoft-Windows-Sysmon/Operational,,Microsoft-Windows-Sysmon
T1542,False,Pre-OS Boot,defense-evasion;persistence,network traffic,network connection creation,5156,The Windows Filtering Platform has permitted a connection.,Security,Filtering Platform Connection,Microsoft-Windows-Security-Auditing
T1542,False,Pre-OS Boot,defense-evasion;persistence,network traffic,network connection creation,3,Network connection.,Microsoft-Windows-Sysmon/Operational,,Microsoft-Windows-Sysmon
T1542,False,Pre-OS Boot,defense-evasion;persistence,network traffic,network connection creation,DeviceNetworkEvents,DeviceNetworkEvents,,,Microsoft Defender for Endpoint
T1542,False,Pre-OS Boot,defense-evasion;persistence,network traffic,network connection creation,5157,The Windows Filtering Platform has blocked a connection.,Security,Filtering Platform Connection,Microsoft-Windows-Security-Auditing
T1542,False,Pre-OS Boot,defense-evasion;persistence,network traffic,network connection creation,5154,The Windows Filtering Platform has permitted an application or service to listen on a port for incoming connections.,Security,Filtering Platform Connection,Microsoft-Windows-Security-Auditing
T1542,False,Pre-OS Boot,defense-evasion;persistence,network traffic,network connection creation,5159,The Windows Filtering Platform has blocked a bind to a local port.,Security,Filtering Platform Connection,Microsoft-Windows-Security-Auditing
T1542,False,Pre-OS Boot,defense-evasion;persistence,network traffic,network connection creation,5155,The Windows Filtering Platform has blocked an application or service from listening on a port for incoming connections.,Security,Filtering Platform Connection,Microsoft-Windows-Security-Auditing
T1542,False,Pre-OS Boot,defense-evasion;persistence,network traffic,network connection creation,5031,The Windows Firewall Service blocked an application from accepting incoming connections on the network.,Security,Filtering Platform Connection,Microsoft-Windows-Security-Auditing
T1542,False,Pre-OS Boot,defense-evasion;persistence,network traffic,network connection creation,DeviceEvents,DeviceEvents,,,Microsoft Defender for Endpoint
T1542,False,Pre-OS Boot,defense-evasion;persistence,network traffic,network connection creation,5158,The Windows Filtering Platform has permitted a bind to a local port.,Security,Filtering Platform Connection,Microsoft-Windows-Security-Auditing
T1542,False,Pre-OS Boot,defense-evasion;persistence,command,command execution,4688,A new process has been created.,Security,Process Creation,Microsoft-Windows-Security-Auditing
T1542,False,Pre-OS Boot,defense-evasion;persistence,command,command execution,1,Process Creation.,Microsoft-Windows-Sysmon/Operational,,Microsoft-Windows-Sysmon
T1542,False,Pre-OS Boot,defense-evasion;persistence,command,command execution,4103,Module logging.,Microsoft-Windows-PowerShell/Operational,,Microsoft-Windows-PowerShell
T1542,False,Pre-OS Boot,defense-evasion;persistence,command,command execution,DeviceProcessEvents,DeviceProcessEvents,,,Microsoft Defender for Endpoint
T1542,False,Pre-OS Boot,defense-evasion;persistence,drive,drive modification,6422,A device was enabled.,Security,PNP Activity,Microsoft-Windows-Security-Auditing
T1542,False,Pre-OS Boot,defense-evasion;persistence,drive,drive modification,6419,A request was made to disable a device.,Security,PNP Activity,Microsoft-Windows-Security-Auditing
T1542,False,Pre-OS Boot,defense-evasion;persistence,drive,drive modification,6420,A device was disabled.,Security,PNP Activity,Microsoft-Windows-Security-Auditing
T1542,False,Pre-OS Boot,defense-evasion;persistence,drive,drive modification,6421,A request was made to enable a device.,Security,PNP Activity,Microsoft-Windows-Security-Auditing
T1542,False,Pre-OS Boot,defense-evasion;persistence,process,os api execution,8,CreateRemoteThread.,Microsoft-Windows-Sysmon/Operational,,Microsoft-Windows-Sysmon
T1542,False,Pre-OS Boot,defense-evasion;persistence,process,os api execution,DeviceEvents,DeviceEvents,,,Microsoft Defender for Endpoint
T1137.001,True,Office Template Macros,persistence,command,command execution,4688,A new process has been created.,Security,Process Creation,Microsoft-Windows-Security-Auditing
T1137.001,True,Office Template Macros,persistence,command,command execution,1,Process Creation.,Microsoft-Windows-Sysmon/Operational,,Microsoft-Windows-Sysmon
T1137.001,True,Office Template Macros,persistence,command,command execution,4103,Module logging.,Microsoft-Windows-PowerShell/Operational,,Microsoft-Windows-PowerShell
T1137.001,True,Office Template Macros,persistence,command,command execution,DeviceProcessEvents,DeviceProcessEvents,,,Microsoft Defender for Endpoint
T1137.001,True,Office Template Macros,persistence,file,file creation,DeviceFileEvents,DeviceFileEvents,,,Microsoft Defender for Endpoint
T1137.001,True,Office Template Macros,persistence,file,file creation,4663,An attempt was made to access an object.,Security,File System,Microsoft-Windows-Security-Auditing
T1137.001,True,Office Template Macros,persistence,file,file creation,11,FileCreate,Microsoft-Windows-Sysmon/Operational,,Microsoft-Windows-Sysmon
T1137.001,True,Office Template Macros,persistence,file,file modification,4670,Permissions on an object were changed.,Security,File System,Microsoft-Windows-Security-Auditing
T1137.001,True,Office Template Macros,persistence,file,file modification,DeviceFileEvents,DeviceFileEvents,,,Microsoft Defender for Endpoint
T1137.001,True,Office Template Macros,persistence,file,file modification,2,A process changed a file creation time.,Microsoft-Windows-Sysmon/Operational,,Microsoft-Windows-Sysmon
T1137.001,True,Office Template Macros,persistence,file,file modification,11,FileCreate.,Microsoft-Windows-Sysmon/Operational,,Microsoft-Windows-Sysmon
T1137.001,True,Office Template Macros,persistence,process,process creation,4688,A new process has been created.,Security,Process Creation,Microsoft-Windows-Security-Auditing
T1137.001,True,Office Template Macros,persistence,process,process creation,1,Process Creation.,Microsoft-Windows-Sysmon/Operational,,Microsoft-Windows-Sysmon
T1137.001,True,Office Template Macros,persistence,process,process creation,DeviceProcessEvents,DeviceProcessEvents,,,Microsoft Defender for Endpoint
T1137.001,True,Office Template Macros,persistence,process,process creation,8,CreateRemoteThread.,Microsoft-Windows-Sysmon/Operational,,Microsoft-Windows-Sysmon
T1137.001,True,Office Template Macros,persistence,process,process creation,DeviceEvents,DeviceEvents,,,Microsoft Defender for Endpoint
T1137.001,True,Office Template Macros,persistence,windows registry,windows registry key creation,12,RegistryEvent (Object create and delete).,Microsoft-Windows-Sysmon/Operational,,Microsoft-Windows-Sysmon
T1137.001,True,Office Template Macros,persistence,windows registry,windows registry key creation,DeviceRegistryEvents,DeviceRegistryEvents,,,Microsoft Defender for Endpoint
T1137.001,True,Office Template Macros,persistence,windows registry,windows registry key creation,4657,A registry value was modified.,Security,Registry,Microsoft-Windows-Security-Auditing
T1137.001,True,Office Template Macros,persistence,windows registry,windows registry key modification,13,RegistryEvent (Value Set).,Microsoft-Windows-Sysmon/Operational,,Microsoft-Windows-Sysmon
T1137.001,True,Office Template Macros,persistence,windows registry,windows registry key modification,14,RegistryEvent (Key and Value Rename).,Microsoft-Windows-Sysmon/Operational,,Microsoft-Windows-Sysmon
T1137.001,True,Office Template Macros,persistence,windows registry,windows registry key modification,4657,A registry value was modified.,Security,Registry,Microsoft-Windows-Security-Auditing
T1137.001,True,Office Template Macros,persistence,windows registry,windows registry key modification,4670,Permissions on an object were changed.,Security,Registry,Microsoft-Windows-Security-Auditing
T1137.001,True,Office Template Macros,persistence,windows registry,windows registry key modification,DeviceRegistryEvents,DeviceRegistryEvents,,,Microsoft Defender for Endpoint
T1137.004,True,Outlook Home Page,persistence,command,command execution,4688,A new process has been created.,Security,Process Creation,Microsoft-Windows-Security-Auditing
T1137.004,True,Outlook Home Page,persistence,command,command execution,1,Process Creation.,Microsoft-Windows-Sysmon/Operational,,Microsoft-Windows-Sysmon
T1137.004,True,Outlook Home Page,persistence,command,command execution,4103,Module logging.,Microsoft-Windows-PowerShell/Operational,,Microsoft-Windows-PowerShell
T1137.004,True,Outlook Home Page,persistence,command,command execution,DeviceProcessEvents,DeviceProcessEvents,,,Microsoft Defender for Endpoint
T1137.004,True,Outlook Home Page,persistence,process,process creation,4688,A new process has been created.,Security,Process Creation,Microsoft-Windows-Security-Auditing
T1137.004,True,Outlook Home Page,persistence,process,process creation,1,Process Creation.,Microsoft-Windows-Sysmon/Operational,,Microsoft-Windows-Sysmon
T1137.004,True,Outlook Home Page,persistence,process,process creation,DeviceProcessEvents,DeviceProcessEvents,,,Microsoft Defender for Endpoint
T1137.004,True,Outlook Home Page,persistence,process,process creation,8,CreateRemoteThread.,Microsoft-Windows-Sysmon/Operational,,Microsoft-Windows-Sysmon
T1137.004,True,Outlook Home Page,persistence,process,process creation,DeviceEvents,DeviceEvents,,,Microsoft Defender for Endpoint
T1137.003,True,Outlook Forms,persistence,process,process creation,4688,A new process has been created.,Security,Process Creation,Microsoft-Windows-Security-Auditing
T1137.003,True,Outlook Forms,persistence,process,process creation,1,Process Creation.,Microsoft-Windows-Sysmon/Operational,,Microsoft-Windows-Sysmon
T1137.003,True,Outlook Forms,persistence,process,process creation,DeviceProcessEvents,DeviceProcessEvents,,,Microsoft Defender for Endpoint
T1137.003,True,Outlook Forms,persistence,process,process creation,8,CreateRemoteThread.,Microsoft-Windows-Sysmon/Operational,,Microsoft-Windows-Sysmon
T1137.003,True,Outlook Forms,persistence,process,process creation,DeviceEvents,DeviceEvents,,,Microsoft Defender for Endpoint
T1137.003,True,Outlook Forms,persistence,command,command execution,4688,A new process has been created.,Security,Process Creation,Microsoft-Windows-Security-Auditing
T1137.003,True,Outlook Forms,persistence,command,command execution,1,Process Creation.,Microsoft-Windows-Sysmon/Operational,,Microsoft-Windows-Sysmon
T1137.003,True,Outlook Forms,persistence,command,command execution,4103,Module logging.,Microsoft-Windows-PowerShell/Operational,,Microsoft-Windows-PowerShell
T1137.003,True,Outlook Forms,persistence,command,command execution,DeviceProcessEvents,DeviceProcessEvents,,,Microsoft Defender for Endpoint
T1137.005,True,Outlook Rules,persistence,command,command execution,4688,A new process has been created.,Security,Process Creation,Microsoft-Windows-Security-Auditing
T1137.005,True,Outlook Rules,persistence,command,command execution,1,Process Creation.,Microsoft-Windows-Sysmon/Operational,,Microsoft-Windows-Sysmon
T1137.005,True,Outlook Rules,persistence,command,command execution,4103,Module logging.,Microsoft-Windows-PowerShell/Operational,,Microsoft-Windows-PowerShell
T1137.005,True,Outlook Rules,persistence,command,command execution,DeviceProcessEvents,DeviceProcessEvents,,,Microsoft Defender for Endpoint
T1137.005,True,Outlook Rules,persistence,process,process creation,4688,A new process has been created.,Security,Process Creation,Microsoft-Windows-Security-Auditing
T1137.005,True,Outlook Rules,persistence,process,process creation,1,Process Creation.,Microsoft-Windows-Sysmon/Operational,,Microsoft-Windows-Sysmon
T1137.005,True,Outlook Rules,persistence,process,process creation,DeviceProcessEvents,DeviceProcessEvents,,,Microsoft Defender for Endpoint
T1137.005,True,Outlook Rules,persistence,process,process creation,8,CreateRemoteThread.,Microsoft-Windows-Sysmon/Operational,,Microsoft-Windows-Sysmon
T1137.005,True,Outlook Rules,persistence,process,process creation,DeviceEvents,DeviceEvents,,,Microsoft Defender for Endpoint
T1137.006,True,Add-ins,persistence,file,file creation,DeviceFileEvents,DeviceFileEvents,,,Microsoft Defender for Endpoint
T1137.006,True,Add-ins,persistence,file,file creation,4663,An attempt was made to access an object.,Security,File System,Microsoft-Windows-Security-Auditing
T1137.006,True,Add-ins,persistence,file,file creation,11,FileCreate,Microsoft-Windows-Sysmon/Operational,,Microsoft-Windows-Sysmon
T1137.006,True,Add-ins,persistence,file,file modification,4670,Permissions on an object were changed.,Security,File System,Microsoft-Windows-Security-Auditing
T1137.006,True,Add-ins,persistence,file,file modification,DeviceFileEvents,DeviceFileEvents,,,Microsoft Defender for Endpoint
T1137.006,True,Add-ins,persistence,file,file modification,2,A process changed a file creation time.,Microsoft-Windows-Sysmon/Operational,,Microsoft-Windows-Sysmon
T1137.006,True,Add-ins,persistence,file,file modification,11,FileCreate.,Microsoft-Windows-Sysmon/Operational,,Microsoft-Windows-Sysmon
T1137.006,True,Add-ins,persistence,windows registry,windows registry key modification,13,RegistryEvent (Value Set).,Microsoft-Windows-Sysmon/Operational,,Microsoft-Windows-Sysmon
T1137.006,True,Add-ins,persistence,windows registry,windows registry key modification,14,RegistryEvent (Key and Value Rename).,Microsoft-Windows-Sysmon/Operational,,Microsoft-Windows-Sysmon
T1137.006,True,Add-ins,persistence,windows registry,windows registry key modification,4657,A registry value was modified.,Security,Registry,Microsoft-Windows-Security-Auditing
T1137.006,True,Add-ins,persistence,windows registry,windows registry key modification,4670,Permissions on an object were changed.,Security,Registry,Microsoft-Windows-Security-Auditing
T1137.006,True,Add-ins,persistence,windows registry,windows registry key modification,DeviceRegistryEvents,DeviceRegistryEvents,,,Microsoft Defender for Endpoint
T1137.006,True,Add-ins,persistence,windows registry,windows registry key creation,12,RegistryEvent (Object create and delete).,Microsoft-Windows-Sysmon/Operational,,Microsoft-Windows-Sysmon
T1137.006,True,Add-ins,persistence,windows registry,windows registry key creation,DeviceRegistryEvents,DeviceRegistryEvents,,,Microsoft Defender for Endpoint
T1137.006,True,Add-ins,persistence,windows registry,windows registry key creation,4657,A registry value was modified.,Security,Registry,Microsoft-Windows-Security-Auditing
T1137.006,True,Add-ins,persistence,command,command execution,4688,A new process has been created.,Security,Process Creation,Microsoft-Windows-Security-Auditing
T1137.006,True,Add-ins,persistence,command,command execution,1,Process Creation.,Microsoft-Windows-Sysmon/Operational,,Microsoft-Windows-Sysmon
T1137.006,True,Add-ins,persistence,command,command execution,4103,Module logging.,Microsoft-Windows-PowerShell/Operational,,Microsoft-Windows-PowerShell
T1137.006,True,Add-ins,persistence,command,command execution,DeviceProcessEvents,DeviceProcessEvents,,,Microsoft Defender for Endpoint
T1137.006,True,Add-ins,persistence,process,process creation,4688,A new process has been created.,Security,Process Creation,Microsoft-Windows-Security-Auditing
T1137.006,True,Add-ins,persistence,process,process creation,1,Process Creation.,Microsoft-Windows-Sysmon/Operational,,Microsoft-Windows-Sysmon
T1137.006,True,Add-ins,persistence,process,process creation,DeviceProcessEvents,DeviceProcessEvents,,,Microsoft Defender for Endpoint
T1137.006,True,Add-ins,persistence,process,process creation,8,CreateRemoteThread.,Microsoft-Windows-Sysmon/Operational,,Microsoft-Windows-Sysmon
T1137.006,True,Add-ins,persistence,process,process creation,DeviceEvents,DeviceEvents,,,Microsoft Defender for Endpoint
T1137.002,True,Office Test,persistence,module,module load,7,Image loaded.,Microsoft-Windows-Sysmon/Operational,,Microsoft-Windows-Sysmon
T1137.002,True,Office Test,persistence,module,module load,DeviceImageLoadEvents,DeviceImageLoadEvents,,,Microsoft Defender for Endpoint
T1137.002,True,Office Test,persistence,windows registry,windows registry key modification,13,RegistryEvent (Value Set).,Microsoft-Windows-Sysmon/Operational,,Microsoft-Windows-Sysmon
T1137.002,True,Office Test,persistence,windows registry,windows registry key modification,14,RegistryEvent (Key and Value Rename).,Microsoft-Windows-Sysmon/Operational,,Microsoft-Windows-Sysmon
T1137.002,True,Office Test,persistence,windows registry,windows registry key modification,4657,A registry value was modified.,Security,Registry,Microsoft-Windows-Security-Auditing
T1137.002,True,Office Test,persistence,windows registry,windows registry key modification,4670,Permissions on an object were changed.,Security,Registry,Microsoft-Windows-Security-Auditing
T1137.002,True,Office Test,persistence,windows registry,windows registry key modification,DeviceRegistryEvents,DeviceRegistryEvents,,,Microsoft Defender for Endpoint
T1137.002,True,Office Test,persistence,windows registry,windows registry key creation,12,RegistryEvent (Object create and delete).,Microsoft-Windows-Sysmon/Operational,,Microsoft-Windows-Sysmon
T1137.002,True,Office Test,persistence,windows registry,windows registry key creation,DeviceRegistryEvents,DeviceRegistryEvents,,,Microsoft Defender for Endpoint
T1137.002,True,Office Test,persistence,windows registry,windows registry key creation,4657,A registry value was modified.,Security,Registry,Microsoft-Windows-Security-Auditing
T1137.002,True,Office Test,persistence,file,file modification,4670,Permissions on an object were changed.,Security,File System,Microsoft-Windows-Security-Auditing
T1137.002,True,Office Test,persistence,file,file modification,DeviceFileEvents,DeviceFileEvents,,,Microsoft Defender for Endpoint
T1137.002,True,Office Test,persistence,file,file modification,2,A process changed a file creation time.,Microsoft-Windows-Sysmon/Operational,,Microsoft-Windows-Sysmon
T1137.002,True,Office Test,persistence,file,file modification,11,FileCreate.,Microsoft-Windows-Sysmon/Operational,,Microsoft-Windows-Sysmon
T1137.002,True,Office Test,persistence,file,file creation,DeviceFileEvents,DeviceFileEvents,,,Microsoft Defender for Endpoint
T1137.002,True,Office Test,persistence,file,file creation,4663,An attempt was made to access an object.,Security,File System,Microsoft-Windows-Security-Auditing
T1137.002,True,Office Test,persistence,file,file creation,11,FileCreate,Microsoft-Windows-Sysmon/Operational,,Microsoft-Windows-Sysmon
T1137.002,True,Office Test,persistence,process,process creation,4688,A new process has been created.,Security,Process Creation,Microsoft-Windows-Security-Auditing
T1137.002,True,Office Test,persistence,process,process creation,1,Process Creation.,Microsoft-Windows-Sysmon/Operational,,Microsoft-Windows-Sysmon
T1137.002,True,Office Test,persistence,process,process creation,DeviceProcessEvents,DeviceProcessEvents,,,Microsoft Defender for Endpoint
T1137.002,True,Office Test,persistence,process,process creation,8,CreateRemoteThread.,Microsoft-Windows-Sysmon/Operational,,Microsoft-Windows-Sysmon
T1137.002,True,Office Test,persistence,process,process creation,DeviceEvents,DeviceEvents,,,Microsoft Defender for Endpoint
T1137.002,True,Office Test,persistence,command,command execution,4688,A new process has been created.,Security,Process Creation,Microsoft-Windows-Security-Auditing
T1137.002,True,Office Test,persistence,command,command execution,1,Process Creation.,Microsoft-Windows-Sysmon/Operational,,Microsoft-Windows-Sysmon
T1137.002,True,Office Test,persistence,command,command execution,4103,Module logging.,Microsoft-Windows-PowerShell/Operational,,Microsoft-Windows-PowerShell
T1137.002,True,Office Test,persistence,command,command execution,DeviceProcessEvents,DeviceProcessEvents,,,Microsoft Defender for Endpoint
T1531,False,Account Access Removal,impact,user account,user account deletion,4726,A user account was deleted.,Security,User Account Management,Microsoft-Windows-Security-Auditing
T1531,False,Account Access Removal,impact,user account,user account deletion,4743,A computer account was deleted.,Security,Computer Account Management,Microsoft-Windows-Security-Auditing
T1531,False,Account Access Removal,impact,user account,user account deletion,DeviceEvents,DeviceEvents,,,Microsoft Defender for Endpoint
T1531,False,Account Access Removal,impact,user account,user account modification,4738,A user account was changed.,Security,User Account Management,Microsoft-Windows-Security-Auditing
T1531,False,Account Access Removal,impact,user account,user account modification,4781,The name of an account was changed.,Security,User Account Management,Microsoft-Windows-Security-Auditing
T1531,False,Account Access Removal,impact,user account,user account modification,4742,A computer account was changed.,Security,Computer Account Management,Microsoft-Windows-Security-Auditing
T1531,False,Account Access Removal,impact,user account,user account modification,DeviceEvents,DeviceEvents,,,Microsoft Defender for Endpoint
T1531,False,Account Access Removal,impact,user account,user account modification,4740,A user account was locked out.,Security,User Account Management,Microsoft-Windows-Security-Auditing
T1531,False,Account Access Removal,impact,user account,user account modification,4767,A user account was unlocked.,Security,User Account Management,Microsoft-Windows-Security-Auditing
T1531,False,Account Access Removal,impact,user account,user account modification,4722,A user account was enabled.,Security,User Account Management,Microsoft-Windows-Security-Auditing
T1531,False,Account Access Removal,impact,user account,user account modification,4717,System security access was granted to an account.,Security,Authentication Policy Change,Microsoft-Windows-Security-Auditing
T1531,False,Account Access Removal,impact,user account,user account modification,4718,System security access was removed from an account.,Security,Authentication Policy Change,Microsoft-Windows-Security-Auditing
T1531,False,Account Access Removal,impact,user account,user account modification,4725,A user account was disabled.,Security,User Account Management,Microsoft-Windows-Security-Auditing
T1531,False,Account Access Removal,impact,user account,user account modification,4723,An attempt was made to change an account's password.,Security,User Account Management,Microsoft-Windows-Security-Auditing
T1531,False,Account Access Removal,impact,user account,user account modification,4724,An attempt was made to reset an account's password.,Security,User Account Management,Microsoft-Windows-Security-Auditing
T1531,False,Account Access Removal,impact,active directory,active directory object modification,5136,A directory service object was modified.,Security,Directory Service Changes,Microsoft-Windows-Security-Auditing
T1531,False,Account Access Removal,impact,active directory,active directory object modification,5139,A directory service object was moved.,Security,Directory Service Changes,Microsoft-Windows-Security-Auditing
T1531,False,Account Access Removal,impact,active directory,active directory object modification,4719,System audit policy was changed.,Security,Policy Change,Microsoft-Windows-Security-Auditing
T1539,,Steal Web Session Cookie,credential-access,file,file access,4656,A handle to an object was requested.,Security,File System,Microsoft-Windows-Security-Auditing
T1539,,Steal Web Session Cookie,credential-access,file,file access,4663,An attempt was made to access an object.,Security,File System,Microsoft-Windows-Security-Auditing
T1539,,Steal Web Session Cookie,credential-access,file,file access,4661,A handle to an object was requested.,Security,SAM,Microsoft-Windows-Security-Auditing
T1539,,Steal Web Session Cookie,credential-access,process,process access,4663,An attempt was made to access an object.,Security,Kernel Object,Microsoft-Windows-Security-Auditing
T1539,,Steal Web Session Cookie,credential-access,process,process access,DeviceEvents,DeviceEvents,,,Microsoft Defender for Endpoint
T1539,,Steal Web Session Cookie,credential-access,process,process access,4656,A handle to an object was requested.,Security,Kernel Object,Microsoft-Windows-Security-Auditing
T1539,,Steal Web Session Cookie,credential-access,process,process access,10,Process Access.,Microsoft-Windows-Sysmon/Operational,,Microsoft-Windows-Sysmon
T1539,,Steal Web Session Cookie,credential-access,process,process access,10,ProcessAccess,Microsoft-Windows-Sysmon/Operational,,Microsoft-Windows-Sysmon
T1529,,System Shutdown/Reboot,impact,sensor health,host status,4,Sysmon service state changed.,Microsoft-Windows-Sysmon/Operational,,Microsoft-Windows-Sysmon
T1529,,System Shutdown/Reboot,impact,sensor health,host status,1100,The event logging service has shut down.,,,Microsoft-Windows-Eventlog
T1529,,System Shutdown/Reboot,impact,sensor health,host status,1101,Audit events have been dropped by the transport.,,,Microsoft-Windows-Eventlog
T1529,,System Shutdown/Reboot,impact,sensor health,host status,1102,The audit log was cleared.,,,Microsoft-Windows-Eventlog
T1529,,System Shutdown/Reboot,impact,sensor health,host status,1104,The security Log is now full.,,,Microsoft-Windows-Eventlog
T1529,,System Shutdown/Reboot,impact,sensor health,host status,6005,The Event log service was started.,System,,EventLog
T1529,,System Shutdown/Reboot,impact,sensor health,host status,6006,The Event log service was stopped.,System,,EventLog
T1529,,System Shutdown/Reboot,impact,sensor health,host status,4616,The system time was changed.,Security,Security State Change,Microsoft-Windows-Security-Auditing
T1529,,System Shutdown/Reboot,impact,command,command execution,4688,A new process has been created.,Security,Process Creation,Microsoft-Windows-Security-Auditing
T1529,,System Shutdown/Reboot,impact,command,command execution,1,Process Creation.,Microsoft-Windows-Sysmon/Operational,,Microsoft-Windows-Sysmon
T1529,,System Shutdown/Reboot,impact,command,command execution,4103,Module logging.,Microsoft-Windows-PowerShell/Operational,,Microsoft-Windows-PowerShell
T1529,,System Shutdown/Reboot,impact,command,command execution,DeviceProcessEvents,DeviceProcessEvents,,,Microsoft Defender for Endpoint
T1529,,System Shutdown/Reboot,impact,process,process creation,4688,A new process has been created.,Security,Process Creation,Microsoft-Windows-Security-Auditing
T1529,,System Shutdown/Reboot,impact,process,process creation,1,Process Creation.,Microsoft-Windows-Sysmon/Operational,,Microsoft-Windows-Sysmon
T1529,,System Shutdown/Reboot,impact,process,process creation,DeviceProcessEvents,DeviceProcessEvents,,,Microsoft Defender for Endpoint
T1529,,System Shutdown/Reboot,impact,process,process creation,8,CreateRemoteThread.,Microsoft-Windows-Sysmon/Operational,,Microsoft-Windows-Sysmon
T1529,,System Shutdown/Reboot,impact,process,process creation,DeviceEvents,DeviceEvents,,,Microsoft Defender for Endpoint
T1518,,Software Discovery,discovery,command,command execution,4688,A new process has been created.,Security,Process Creation,Microsoft-Windows-Security-Auditing
T1518,,Software Discovery,discovery,command,command execution,1,Process Creation.,Microsoft-Windows-Sysmon/Operational,,Microsoft-Windows-Sysmon
T1518,,Software Discovery,discovery,command,command execution,4103,Module logging.,Microsoft-Windows-PowerShell/Operational,,Microsoft-Windows-PowerShell
T1518,,Software Discovery,discovery,command,command execution,DeviceProcessEvents,DeviceProcessEvents,,,Microsoft Defender for Endpoint
T1518,,Software Discovery,discovery,firewall,firewall metadata,5024,The Windows Firewall Service has started successfully.,Security,Other System Events,Microsoft-Windows-Security-Auditing
T1518,,Software Discovery,discovery,firewall,firewall metadata,2009,The Windows Firewall service failed to load Group Policy.,Microsoft-Windows-Windows Firewall With Advanced Security/Firewall,,Microsoft-Windows-Windows Firewall With Advanced Security
T1518,,Software Discovery,discovery,firewall,firewall metadata,2002,A Windows Defender Firewall setting has changed.,Microsoft-Windows-Windows Firewall With Advanced Security/Firewall,,Microsoft-Windows-Windows Firewall With Advanced Security
T1518,,Software Discovery,discovery,firewall,firewall metadata,2003,A Windows Defender Firewall setting in the Private profile has changed.,Microsoft-Windows-Windows Firewall With Advanced Security/Firewall,,Microsoft-Windows-Windows Firewall With Advanced Security
T1518,,Software Discovery,discovery,process,process creation,4688,A new process has been created.,Security,Process Creation,Microsoft-Windows-Security-Auditing
T1518,,Software Discovery,discovery,process,process creation,1,Process Creation.,Microsoft-Windows-Sysmon/Operational,,Microsoft-Windows-Sysmon
T1518,,Software Discovery,discovery,process,process creation,DeviceProcessEvents,DeviceProcessEvents,,,Microsoft Defender for Endpoint
T1518,,Software Discovery,discovery,process,process creation,8,CreateRemoteThread.,Microsoft-Windows-Sysmon/Operational,,Microsoft-Windows-Sysmon
T1518,,Software Discovery,discovery,process,process creation,DeviceEvents,DeviceEvents,,,Microsoft Defender for Endpoint
T1518,,Software Discovery,discovery,process,os api execution,8,CreateRemoteThread.,Microsoft-Windows-Sysmon/Operational,,Microsoft-Windows-Sysmon
T1518,,Software Discovery,discovery,process,os api execution,DeviceEvents,DeviceEvents,,,Microsoft Defender for Endpoint
T1505,,Server Software Component,persistence,file,file modification,4670,Permissions on an object were changed.,Security,File System,Microsoft-Windows-Security-Auditing
T1505,,Server Software Component,persistence,file,file modification,DeviceFileEvents,DeviceFileEvents,,,Microsoft Defender for Endpoint
T1505,,Server Software Component,persistence,file,file modification,2,A process changed a file creation time.,Microsoft-Windows-Sysmon/Operational,,Microsoft-Windows-Sysmon
T1505,,Server Software Component,persistence,file,file modification,11,FileCreate.,Microsoft-Windows-Sysmon/Operational,,Microsoft-Windows-Sysmon
T1505,,Server Software Component,persistence,file,file creation,DeviceFileEvents,DeviceFileEvents,,,Microsoft Defender for Endpoint
T1505,,Server Software Component,persistence,file,file creation,4663,An attempt was made to access an object.,Security,File System,Microsoft-Windows-Security-Auditing
T1505,,Server Software Component,persistence,file,file creation,11,FileCreate,Microsoft-Windows-Sysmon/Operational,,Microsoft-Windows-Sysmon
T1505,,Server Software Component,persistence,process,process creation,4688,A new process has been created.,Security,Process Creation,Microsoft-Windows-Security-Auditing
T1505,,Server Software Component,persistence,process,process creation,1,Process Creation.,Microsoft-Windows-Sysmon/Operational,,Microsoft-Windows-Sysmon
T1505,,Server Software Component,persistence,process,process creation,DeviceProcessEvents,DeviceProcessEvents,,,Microsoft Defender for Endpoint
T1505,,Server Software Component,persistence,process,process creation,8,CreateRemoteThread.,Microsoft-Windows-Sysmon/Operational,,Microsoft-Windows-Sysmon
T1505,,Server Software Component,persistence,process,process creation,DeviceEvents,DeviceEvents,,,Microsoft Defender for Endpoint
T1499,False,Endpoint Denial of Service,impact,sensor health,host status,4,Sysmon service state changed.,Microsoft-Windows-Sysmon/Operational,,Microsoft-Windows-Sysmon
T1499,False,Endpoint Denial of Service,impact,sensor health,host status,1100,The event logging service has shut down.,,,Microsoft-Windows-Eventlog
T1499,False,Endpoint Denial of Service,impact,sensor health,host status,1101,Audit events have been dropped by the transport.,,,Microsoft-Windows-Eventlog
T1499,False,Endpoint Denial of Service,impact,sensor health,host status,1102,The audit log was cleared.,,,Microsoft-Windows-Eventlog
T1499,False,Endpoint Denial of Service,impact,sensor health,host status,1104,The security Log is now full.,,,Microsoft-Windows-Eventlog
T1499,False,Endpoint Denial of Service,impact,sensor health,host status,6005,The Event log service was started.,System,,EventLog
T1499,False,Endpoint Denial of Service,impact,sensor health,host status,6006,The Event log service was stopped.,System,,EventLog
T1499,False,Endpoint Denial of Service,impact,sensor health,host status,4616,The system time was changed.,Security,Security State Change,Microsoft-Windows-Security-Auditing
T1497,,Virtualization/Sandbox Evasion,defense-evasion;discovery,command,command execution,4688,A new process has been created.,Security,Process Creation,Microsoft-Windows-Security-Auditing
T1497,,Virtualization/Sandbox Evasion,defense-evasion;discovery,command,command execution,1,Process Creation.,Microsoft-Windows-Sysmon/Operational,,Microsoft-Windows-Sysmon
T1497,,Virtualization/Sandbox Evasion,defense-evasion;discovery,command,command execution,4103,Module logging.,Microsoft-Windows-PowerShell/Operational,,Microsoft-Windows-PowerShell
T1497,,Virtualization/Sandbox Evasion,defense-evasion;discovery,command,command execution,DeviceProcessEvents,DeviceProcessEvents,,,Microsoft Defender for Endpoint
T1497,,Virtualization/Sandbox Evasion,defense-evasion;discovery,process,process creation,4688,A new process has been created.,Security,Process Creation,Microsoft-Windows-Security-Auditing
T1497,,Virtualization/Sandbox Evasion,defense-evasion;discovery,process,process creation,1,Process Creation.,Microsoft-Windows-Sysmon/Operational,,Microsoft-Windows-Sysmon
T1497,,Virtualization/Sandbox Evasion,defense-evasion;discovery,process,process creation,DeviceProcessEvents,DeviceProcessEvents,,,Microsoft Defender for Endpoint
T1497,,Virtualization/Sandbox Evasion,defense-evasion;discovery,process,process creation,8,CreateRemoteThread.,Microsoft-Windows-Sysmon/Operational,,Microsoft-Windows-Sysmon
T1497,,Virtualization/Sandbox Evasion,defense-evasion;discovery,process,process creation,DeviceEvents,DeviceEvents,,,Microsoft Defender for Endpoint
T1497,,Virtualization/Sandbox Evasion,defense-evasion;discovery,process,os api execution,8,CreateRemoteThread.,Microsoft-Windows-Sysmon/Operational,,Microsoft-Windows-Sysmon
T1497,,Virtualization/Sandbox Evasion,defense-evasion;discovery,process,os api execution,DeviceEvents,DeviceEvents,,,Microsoft Defender for Endpoint
T1498,,Network Denial of Service,impact,sensor health,host status,4,Sysmon service state changed.,Microsoft-Windows-Sysmon/Operational,,Microsoft-Windows-Sysmon
T1498,,Network Denial of Service,impact,sensor health,host status,1100,The event logging service has shut down.,,,Microsoft-Windows-Eventlog
T1498,,Network Denial of Service,impact,sensor health,host status,1101,Audit events have been dropped by the transport.,,,Microsoft-Windows-Eventlog
T1498,,Network Denial of Service,impact,sensor health,host status,1102,The audit log was cleared.,,,Microsoft-Windows-Eventlog
T1498,,Network Denial of Service,impact,sensor health,host status,1104,The security Log is now full.,,,Microsoft-Windows-Eventlog
T1498,,Network Denial of Service,impact,sensor health,host status,6005,The Event log service was started.,System,,EventLog
T1498,,Network Denial of Service,impact,sensor health,host status,6006,The Event log service was stopped.,System,,EventLog
T1498,,Network Denial of Service,impact,sensor health,host status,4616,The system time was changed.,Security,Security State Change,Microsoft-Windows-Security-Auditing
T1496,False,Resource Hijacking,impact,process,process creation,4688,A new process has been created.,Security,Process Creation,Microsoft-Windows-Security-Auditing
T1496,False,Resource Hijacking,impact,process,process creation,1,Process Creation.,Microsoft-Windows-Sysmon/Operational,,Microsoft-Windows-Sysmon
T1496,False,Resource Hijacking,impact,process,process creation,DeviceProcessEvents,DeviceProcessEvents,,,Microsoft Defender for Endpoint
T1496,False,Resource Hijacking,impact,process,process creation,8,CreateRemoteThread.,Microsoft-Windows-Sysmon/Operational,,Microsoft-Windows-Sysmon
T1496,False,Resource Hijacking,impact,process,process creation,DeviceEvents,DeviceEvents,,,Microsoft Defender for Endpoint
T1496,False,Resource Hijacking,impact,sensor health,host status,4,Sysmon service state changed.,Microsoft-Windows-Sysmon/Operational,,Microsoft-Windows-Sysmon
T1496,False,Resource Hijacking,impact,sensor health,host status,1100,The event logging service has shut down.,,,Microsoft-Windows-Eventlog
T1496,False,Resource Hijacking,impact,sensor health,host status,1101,Audit events have been dropped by the transport.,,,Microsoft-Windows-Eventlog
T1496,False,Resource Hijacking,impact,sensor health,host status,1102,The audit log was cleared.,,,Microsoft-Windows-Eventlog
T1496,False,Resource Hijacking,impact,sensor health,host status,1104,The security Log is now full.,,,Microsoft-Windows-Eventlog
T1496,False,Resource Hijacking,impact,sensor health,host status,6005,The Event log service was started.,System,,EventLog
T1496,False,Resource Hijacking,impact,sensor health,host status,6006,The Event log service was stopped.,System,,EventLog
T1496,False,Resource Hijacking,impact,sensor health,host status,4616,The system time was changed.,Security,Security State Change,Microsoft-Windows-Security-Auditing
T1496,False,Resource Hijacking,impact,file,file creation,DeviceFileEvents,DeviceFileEvents,,,Microsoft Defender for Endpoint
T1496,False,Resource Hijacking,impact,file,file creation,4663,An attempt was made to access an object.,Security,File System,Microsoft-Windows-Security-Auditing
T1496,False,Resource Hijacking,impact,file,file creation,11,FileCreate,Microsoft-Windows-Sysmon/Operational,,Microsoft-Windows-Sysmon
T1496,False,Resource Hijacking,impact,command,command execution,4688,A new process has been created.,Security,Process Creation,Microsoft-Windows-Security-Auditing
T1496,False,Resource Hijacking,impact,command,command execution,1,Process Creation.,Microsoft-Windows-Sysmon/Operational,,Microsoft-Windows-Sysmon
T1496,False,Resource Hijacking,impact,command,command execution,4103,Module logging.,Microsoft-Windows-PowerShell/Operational,,Microsoft-Windows-PowerShell
T1496,False,Resource Hijacking,impact,command,command execution,DeviceProcessEvents,DeviceProcessEvents,,,Microsoft Defender for Endpoint
T1496,False,Resource Hijacking,impact,network traffic,network connection creation,5156,The Windows Filtering Platform has permitted a connection.,Security,Filtering Platform Connection,Microsoft-Windows-Security-Auditing
T1496,False,Resource Hijacking,impact,network traffic,network connection creation,3,Network connection.,Microsoft-Windows-Sysmon/Operational,,Microsoft-Windows-Sysmon
T1496,False,Resource Hijacking,impact,network traffic,network connection creation,DeviceNetworkEvents,DeviceNetworkEvents,,,Microsoft Defender for Endpoint
T1496,False,Resource Hijacking,impact,network traffic,network connection creation,5157,The Windows Filtering Platform has blocked a connection.,Security,Filtering Platform Connection,Microsoft-Windows-Security-Auditing
T1496,False,Resource Hijacking,impact,network traffic,network connection creation,5154,The Windows Filtering Platform has permitted an application or service to listen on a port for incoming connections.,Security,Filtering Platform Connection,Microsoft-Windows-Security-Auditing
T1496,False,Resource Hijacking,impact,network traffic,network connection creation,5159,The Windows Filtering Platform has blocked a bind to a local port.,Security,Filtering Platform Connection,Microsoft-Windows-Security-Auditing
T1496,False,Resource Hijacking,impact,network traffic,network connection creation,5155,The Windows Filtering Platform has blocked an application or service from listening on a port for incoming connections.,Security,Filtering Platform Connection,Microsoft-Windows-Security-Auditing
T1496,False,Resource Hijacking,impact,network traffic,network connection creation,5031,The Windows Firewall Service blocked an application from accepting incoming connections on the network.,Security,Filtering Platform Connection,Microsoft-Windows-Security-Auditing
T1496,False,Resource Hijacking,impact,network traffic,network connection creation,DeviceEvents,DeviceEvents,,,Microsoft Defender for Endpoint
T1496,False,Resource Hijacking,impact,network traffic,network connection creation,5158,The Windows Filtering Platform has permitted a bind to a local port.,Security,Filtering Platform Connection,Microsoft-Windows-Security-Auditing
T1491,,Defacement,impact,file,file creation,DeviceFileEvents,DeviceFileEvents,,,Microsoft Defender for Endpoint
T1491,,Defacement,impact,file,file creation,4663,An attempt was made to access an object.,Security,File System,Microsoft-Windows-Security-Auditing
T1491,,Defacement,impact,file,file creation,11,FileCreate,Microsoft-Windows-Sysmon/Operational,,Microsoft-Windows-Sysmon
T1491,,Defacement,impact,file,file modification,4670,Permissions on an object were changed.,Security,File System,Microsoft-Windows-Security-Auditing
T1491,,Defacement,impact,file,file modification,DeviceFileEvents,DeviceFileEvents,,,Microsoft Defender for Endpoint
T1491,,Defacement,impact,file,file modification,2,A process changed a file creation time.,Microsoft-Windows-Sysmon/Operational,,Microsoft-Windows-Sysmon
T1491,,Defacement,impact,file,file modification,11,FileCreate.,Microsoft-Windows-Sysmon/Operational,,Microsoft-Windows-Sysmon
T1490,False,Inhibit System Recovery,impact,windows registry,windows registry key modification,13,RegistryEvent (Value Set).,Microsoft-Windows-Sysmon/Operational,,Microsoft-Windows-Sysmon
T1490,False,Inhibit System Recovery,impact,windows registry,windows registry key modification,14,RegistryEvent (Key and Value Rename).,Microsoft-Windows-Sysmon/Operational,,Microsoft-Windows-Sysmon
T1490,False,Inhibit System Recovery,impact,windows registry,windows registry key modification,4657,A registry value was modified.,Security,Registry,Microsoft-Windows-Security-Auditing
T1490,False,Inhibit System Recovery,impact,windows registry,windows registry key modification,4670,Permissions on an object were changed.,Security,Registry,Microsoft-Windows-Security-Auditing
T1490,False,Inhibit System Recovery,impact,windows registry,windows registry key modification,DeviceRegistryEvents,DeviceRegistryEvents,,,Microsoft Defender for Endpoint
T1490,False,Inhibit System Recovery,impact,service,service metadata,4,Sysmon service state changed.,Microsoft-Windows-Sysmon/Operational,,Microsoft-Windows-Sysmon
T1490,False,Inhibit System Recovery,impact,service,service metadata,6006,The Event log service was stopped.,System,,EventLog
T1490,False,Inhibit System Recovery,impact,service,service metadata,6005,The Event log service was started.,System,,EventLog
T1490,False,Inhibit System Recovery,impact,command,command execution,4688,A new process has been created.,Security,Process Creation,Microsoft-Windows-Security-Auditing
T1490,False,Inhibit System Recovery,impact,command,command execution,1,Process Creation.,Microsoft-Windows-Sysmon/Operational,,Microsoft-Windows-Sysmon
T1490,False,Inhibit System Recovery,impact,command,command execution,4103,Module logging.,Microsoft-Windows-PowerShell/Operational,,Microsoft-Windows-PowerShell
T1490,False,Inhibit System Recovery,impact,command,command execution,DeviceProcessEvents,DeviceProcessEvents,,,Microsoft Defender for Endpoint
T1490,False,Inhibit System Recovery,impact,file,file deletion,23,File Delete archived.,Microsoft-Windows-Sysmon/Operational,,Microsoft-Windows-Sysmon
T1490,False,Inhibit System Recovery,impact,file,file deletion,26,File Delete logged.,Microsoft-Windows-Sysmon/Operational,,Microsoft-Windows-Sysmon
T1490,False,Inhibit System Recovery,impact,file,file deletion,4660,An object was deleted.,Security,File System,Microsoft-Windows-Security-Auditing
T1490,False,Inhibit System Recovery,impact,file,file deletion,4663,An attempt was made to access an object.,Security,File System,Microsoft-Windows-Security-Auditing
T1490,False,Inhibit System Recovery,impact,file,file deletion,DeviceFileEvents,DeviceFileEvents,,,Microsoft Defender for Endpoint
T1490,False,Inhibit System Recovery,impact,process,process creation,4688,A new process has been created.,Security,Process Creation,Microsoft-Windows-Security-Auditing
T1490,False,Inhibit System Recovery,impact,process,process creation,1,Process Creation.,Microsoft-Windows-Sysmon/Operational,,Microsoft-Windows-Sysmon
T1490,False,Inhibit System Recovery,impact,process,process creation,DeviceProcessEvents,DeviceProcessEvents,,,Microsoft Defender for Endpoint
T1490,False,Inhibit System Recovery,impact,process,process creation,8,CreateRemoteThread.,Microsoft-Windows-Sysmon/Operational,,Microsoft-Windows-Sysmon
T1490,False,Inhibit System Recovery,impact,process,process creation,DeviceEvents,DeviceEvents,,,Microsoft Defender for Endpoint
T1489,,Service Stop,impact,command,command execution,4688,A new process has been created.,Security,Process Creation,Microsoft-Windows-Security-Auditing
T1489,,Service Stop,impact,command,command execution,1,Process Creation.,Microsoft-Windows-Sysmon/Operational,,Microsoft-Windows-Sysmon
T1489,,Service Stop,impact,command,command execution,4103,Module logging.,Microsoft-Windows-PowerShell/Operational,,Microsoft-Windows-PowerShell
T1489,,Service Stop,impact,command,command execution,DeviceProcessEvents,DeviceProcessEvents,,,Microsoft Defender for Endpoint
T1489,,Service Stop,impact,process,os api execution,8,CreateRemoteThread.,Microsoft-Windows-Sysmon/Operational,,Microsoft-Windows-Sysmon
T1489,,Service Stop,impact,process,os api execution,DeviceEvents,DeviceEvents,,,Microsoft Defender for Endpoint
T1489,,Service Stop,impact,process,process termination,4689,A process has exited.,Security,Process Termination,Microsoft-Windows-Security-Auditing
T1489,,Service Stop,impact,process,process termination,5,Process terminated.,Microsoft-Windows-Sysmon/Operational,,Microsoft-Windows-Sysmon
T1489,,Service Stop,impact,process,process creation,4688,A new process has been created.,Security,Process Creation,Microsoft-Windows-Security-Auditing
T1489,,Service Stop,impact,process,process creation,1,Process Creation.,Microsoft-Windows-Sysmon/Operational,,Microsoft-Windows-Sysmon
T1489,,Service Stop,impact,process,process creation,DeviceProcessEvents,DeviceProcessEvents,,,Microsoft Defender for Endpoint
T1489,,Service Stop,impact,process,process creation,8,CreateRemoteThread.,Microsoft-Windows-Sysmon/Operational,,Microsoft-Windows-Sysmon
T1489,,Service Stop,impact,process,process creation,DeviceEvents,DeviceEvents,,,Microsoft Defender for Endpoint
T1489,,Service Stop,impact,windows registry,windows registry key modification,13,RegistryEvent (Value Set).,Microsoft-Windows-Sysmon/Operational,,Microsoft-Windows-Sysmon
T1489,,Service Stop,impact,windows registry,windows registry key modification,14,RegistryEvent (Key and Value Rename).,Microsoft-Windows-Sysmon/Operational,,Microsoft-Windows-Sysmon
T1489,,Service Stop,impact,windows registry,windows registry key modification,4657,A registry value was modified.,Security,Registry,Microsoft-Windows-Security-Auditing
T1489,,Service Stop,impact,windows registry,windows registry key modification,4670,Permissions on an object were changed.,Security,Registry,Microsoft-Windows-Security-Auditing
T1489,,Service Stop,impact,windows registry,windows registry key modification,DeviceRegistryEvents,DeviceRegistryEvents,,,Microsoft Defender for Endpoint
T1489,,Service Stop,impact,service,service metadata,4,Sysmon service state changed.,Microsoft-Windows-Sysmon/Operational,,Microsoft-Windows-Sysmon
T1489,,Service Stop,impact,service,service metadata,6006,The Event log service was stopped.,System,,EventLog
T1489,,Service Stop,impact,service,service metadata,6005,The Event log service was started.,System,,EventLog
T1489,,Service Stop,impact,file,file modification,4670,Permissions on an object were changed.,Security,File System,Microsoft-Windows-Security-Auditing
T1489,,Service Stop,impact,file,file modification,DeviceFileEvents,DeviceFileEvents,,,Microsoft Defender for Endpoint
T1489,,Service Stop,impact,file,file modification,2,A process changed a file creation time.,Microsoft-Windows-Sysmon/Operational,,Microsoft-Windows-Sysmon
T1489,,Service Stop,impact,file,file modification,11,FileCreate.,Microsoft-Windows-Sysmon/Operational,,Microsoft-Windows-Sysmon
T1486,False,Data Encrypted for Impact,impact,command,command execution,4688,A new process has been created.,Security,Process Creation,Microsoft-Windows-Security-Auditing
T1486,False,Data Encrypted for Impact,impact,command,command execution,1,Process Creation.,Microsoft-Windows-Sysmon/Operational,,Microsoft-Windows-Sysmon
T1486,False,Data Encrypted for Impact,impact,command,command execution,4103,Module logging.,Microsoft-Windows-PowerShell/Operational,,Microsoft-Windows-PowerShell
T1486,False,Data Encrypted for Impact,impact,command,command execution,DeviceProcessEvents,DeviceProcessEvents,,,Microsoft Defender for Endpoint
T1486,False,Data Encrypted for Impact,impact,process,process creation,4688,A new process has been created.,Security,Process Creation,Microsoft-Windows-Security-Auditing
T1486,False,Data Encrypted for Impact,impact,process,process creation,1,Process Creation.,Microsoft-Windows-Sysmon/Operational,,Microsoft-Windows-Sysmon
T1486,False,Data Encrypted for Impact,impact,process,process creation,DeviceProcessEvents,DeviceProcessEvents,,,Microsoft Defender for Endpoint
T1486,False,Data Encrypted for Impact,impact,process,process creation,8,CreateRemoteThread.,Microsoft-Windows-Sysmon/Operational,,Microsoft-Windows-Sysmon
T1486,False,Data Encrypted for Impact,impact,process,process creation,DeviceEvents,DeviceEvents,,,Microsoft Defender for Endpoint
T1486,False,Data Encrypted for Impact,impact,file,file modification,4670,Permissions on an object were changed.,Security,File System,Microsoft-Windows-Security-Auditing
T1486,False,Data Encrypted for Impact,impact,file,file modification,DeviceFileEvents,DeviceFileEvents,,,Microsoft Defender for Endpoint
T1486,False,Data Encrypted for Impact,impact,file,file modification,2,A process changed a file creation time.,Microsoft-Windows-Sysmon/Operational,,Microsoft-Windows-Sysmon
T1486,False,Data Encrypted for Impact,impact,file,file modification,11,FileCreate.,Microsoft-Windows-Sysmon/Operational,,Microsoft-Windows-Sysmon
T1486,False,Data Encrypted for Impact,impact,file,file creation,DeviceFileEvents,DeviceFileEvents,,,Microsoft Defender for Endpoint
T1486,False,Data Encrypted for Impact,impact,file,file creation,4663,An attempt was made to access an object.,Security,File System,Microsoft-Windows-Security-Auditing
T1486,False,Data Encrypted for Impact,impact,file,file creation,11,FileCreate,Microsoft-Windows-Sysmon/Operational,,Microsoft-Windows-Sysmon
T1485,,Data Destruction,impact,command,command execution,4688,A new process has been created.,Security,Process Creation,Microsoft-Windows-Security-Auditing
T1485,,Data Destruction,impact,command,command execution,1,Process Creation.,Microsoft-Windows-Sysmon/Operational,,Microsoft-Windows-Sysmon
T1485,,Data Destruction,impact,command,command execution,4103,Module logging.,Microsoft-Windows-PowerShell/Operational,,Microsoft-Windows-PowerShell
T1485,,Data Destruction,impact,command,command execution,DeviceProcessEvents,DeviceProcessEvents,,,Microsoft Defender for Endpoint
T1485,,Data Destruction,impact,process,process creation,4688,A new process has been created.,Security,Process Creation,Microsoft-Windows-Security-Auditing
T1485,,Data Destruction,impact,process,process creation,1,Process Creation.,Microsoft-Windows-Sysmon/Operational,,Microsoft-Windows-Sysmon
T1485,,Data Destruction,impact,process,process creation,DeviceProcessEvents,DeviceProcessEvents,,,Microsoft Defender for Endpoint
T1485,,Data Destruction,impact,process,process creation,8,CreateRemoteThread.,Microsoft-Windows-Sysmon/Operational,,Microsoft-Windows-Sysmon
T1485,,Data Destruction,impact,process,process creation,DeviceEvents,DeviceEvents,,,Microsoft Defender for Endpoint
T1485,,Data Destruction,impact,file,file deletion,23,File Delete archived.,Microsoft-Windows-Sysmon/Operational,,Microsoft-Windows-Sysmon
T1485,,Data Destruction,impact,file,file deletion,26,File Delete logged.,Microsoft-Windows-Sysmon/Operational,,Microsoft-Windows-Sysmon
T1485,,Data Destruction,impact,file,file deletion,4660,An object was deleted.,Security,File System,Microsoft-Windows-Security-Auditing
T1485,,Data Destruction,impact,file,file deletion,4663,An attempt was made to access an object.,Security,File System,Microsoft-Windows-Security-Auditing
T1485,,Data Destruction,impact,file,file deletion,DeviceFileEvents,DeviceFileEvents,,,Microsoft Defender for Endpoint
T1485,,Data Destruction,impact,file,file modification,4670,Permissions on an object were changed.,Security,File System,Microsoft-Windows-Security-Auditing
T1485,,Data Destruction,impact,file,file modification,DeviceFileEvents,DeviceFileEvents,,,Microsoft Defender for Endpoint
T1485,,Data Destruction,impact,file,file modification,2,A process changed a file creation time.,Microsoft-Windows-Sysmon/Operational,,Microsoft-Windows-Sysmon
T1485,,Data Destruction,impact,file,file modification,11,FileCreate.,Microsoft-Windows-Sysmon/Operational,,Microsoft-Windows-Sysmon
T1484,,Domain Policy Modification,defense-evasion;privilege-escalation,command,command execution,4688,A new process has been created.,Security,Process Creation,Microsoft-Windows-Security-Auditing
T1484,,Domain Policy Modification,defense-evasion;privilege-escalation,command,command execution,1,Process Creation.,Microsoft-Windows-Sysmon/Operational,,Microsoft-Windows-Sysmon
T1484,,Domain Policy Modification,defense-evasion;privilege-escalation,command,command execution,4103,Module logging.,Microsoft-Windows-PowerShell/Operational,,Microsoft-Windows-PowerShell
T1484,,Domain Policy Modification,defense-evasion;privilege-escalation,command,command execution,DeviceProcessEvents,DeviceProcessEvents,,,Microsoft Defender for Endpoint
T1484,,Domain Policy Modification,defense-evasion;privilege-escalation,active directory,active directory object modification,5136,A directory service object was modified.,Security,Directory Service Changes,Microsoft-Windows-Security-Auditing
T1484,,Domain Policy Modification,defense-evasion;privilege-escalation,active directory,active directory object modification,5139,A directory service object was moved.,Security,Directory Service Changes,Microsoft-Windows-Security-Auditing
T1484,,Domain Policy Modification,defense-evasion;privilege-escalation,active directory,active directory object modification,4719,System audit policy was changed.,Security,Policy Change,Microsoft-Windows-Security-Auditing
T1484,,Domain Policy Modification,defense-evasion;privilege-escalation,active directory,active directory object deletion,5141,A directory service object was deleted.,Security,Directory Service Changes,Microsoft-Windows-Security-Auditing
T1484,,Domain Policy Modification,defense-evasion;privilege-escalation,active directory,active directory object creation,5137,A directory service object was created.,Security,Directory Service Changes,Microsoft-Windows-Security-Auditing
T1482,False,Domain Trust Discovery,discovery,process,process creation,4688,A new process has been created.,Security,Process Creation,Microsoft-Windows-Security-Auditing
T1482,False,Domain Trust Discovery,discovery,process,process creation,1,Process Creation.,Microsoft-Windows-Sysmon/Operational,,Microsoft-Windows-Sysmon
T1482,False,Domain Trust Discovery,discovery,process,process creation,DeviceProcessEvents,DeviceProcessEvents,,,Microsoft Defender for Endpoint
T1482,False,Domain Trust Discovery,discovery,process,process creation,8,CreateRemoteThread.,Microsoft-Windows-Sysmon/Operational,,Microsoft-Windows-Sysmon
T1482,False,Domain Trust Discovery,discovery,process,process creation,DeviceEvents,DeviceEvents,,,Microsoft Defender for Endpoint
T1482,False,Domain Trust Discovery,discovery,process,os api execution,8,CreateRemoteThread.,Microsoft-Windows-Sysmon/Operational,,Microsoft-Windows-Sysmon
T1482,False,Domain Trust Discovery,discovery,process,os api execution,DeviceEvents,DeviceEvents,,,Microsoft Defender for Endpoint
T1482,False,Domain Trust Discovery,discovery,command,command execution,4688,A new process has been created.,Security,Process Creation,Microsoft-Windows-Security-Auditing
T1482,False,Domain Trust Discovery,discovery,command,command execution,1,Process Creation.,Microsoft-Windows-Sysmon/Operational,,Microsoft-Windows-Sysmon
T1482,False,Domain Trust Discovery,discovery,command,command execution,4103,Module logging.,Microsoft-Windows-PowerShell/Operational,,Microsoft-Windows-PowerShell
T1482,False,Domain Trust Discovery,discovery,command,command execution,DeviceProcessEvents,DeviceProcessEvents,,,Microsoft Defender for Endpoint
T1482,False,Domain Trust Discovery,discovery,script,script execution,4103,Module logging.,Microsoft-Windows-PowerShell/Operational,,Microsoft-Windows-PowerShell
T1482,False,Domain Trust Discovery,discovery,script,script execution,4104,Script Block Logging.,Microsoft-Windows-PowerShell/Operational,,Microsoft-Windows-PowerShell
T1482,False,Domain Trust Discovery,discovery,script,script execution,DeviceEvents,DeviceEvents,,,Microsoft Defender for Endpoint
T1480,False,Execution Guardrails,defense-evasion,process,process creation,4688,A new process has been created.,Security,Process Creation,Microsoft-Windows-Security-Auditing
T1480,False,Execution Guardrails,defense-evasion,process,process creation,1,Process Creation.,Microsoft-Windows-Sysmon/Operational,,Microsoft-Windows-Sysmon
T1480,False,Execution Guardrails,defense-evasion,process,process creation,DeviceProcessEvents,DeviceProcessEvents,,,Microsoft Defender for Endpoint
T1480,False,Execution Guardrails,defense-evasion,process,process creation,8,CreateRemoteThread.,Microsoft-Windows-Sysmon/Operational,,Microsoft-Windows-Sysmon
T1480,False,Execution Guardrails,defense-evasion,process,process creation,DeviceEvents,DeviceEvents,,,Microsoft Defender for Endpoint
T1480,False,Execution Guardrails,defense-evasion,command,command execution,4688,A new process has been created.,Security,Process Creation,Microsoft-Windows-Security-Auditing
T1480,False,Execution Guardrails,defense-evasion,command,command execution,1,Process Creation.,Microsoft-Windows-Sysmon/Operational,,Microsoft-Windows-Sysmon
T1480,False,Execution Guardrails,defense-evasion,command,command execution,4103,Module logging.,Microsoft-Windows-PowerShell/Operational,,Microsoft-Windows-PowerShell
T1480,False,Execution Guardrails,defense-evasion,command,command execution,DeviceProcessEvents,DeviceProcessEvents,,,Microsoft Defender for Endpoint
T1222,,File and Directory Permissions Modification,defense-evasion,active directory,active directory object modification,5136,A directory service object was modified.,Security,Directory Service Changes,Microsoft-Windows-Security-Auditing
T1222,,File and Directory Permissions Modification,defense-evasion,active directory,active directory object modification,5139,A directory service object was moved.,Security,Directory Service Changes,Microsoft-Windows-Security-Auditing
T1222,,File and Directory Permissions Modification,defense-evasion,active directory,active directory object modification,4719,System audit policy was changed.,Security,Policy Change,Microsoft-Windows-Security-Auditing
T1222,,File and Directory Permissions Modification,defense-evasion,command,command execution,4688,A new process has been created.,Security,Process Creation,Microsoft-Windows-Security-Auditing
T1222,,File and Directory Permissions Modification,defense-evasion,command,command execution,1,Process Creation.,Microsoft-Windows-Sysmon/Operational,,Microsoft-Windows-Sysmon
T1222,,File and Directory Permissions Modification,defense-evasion,command,command execution,4103,Module logging.,Microsoft-Windows-PowerShell/Operational,,Microsoft-Windows-PowerShell
T1222,,File and Directory Permissions Modification,defense-evasion,command,command execution,DeviceProcessEvents,DeviceProcessEvents,,,Microsoft Defender for Endpoint
T1222,,File and Directory Permissions Modification,defense-evasion,process,process creation,4688,A new process has been created.,Security,Process Creation,Microsoft-Windows-Security-Auditing
T1222,,File and Directory Permissions Modification,defense-evasion,process,process creation,1,Process Creation.,Microsoft-Windows-Sysmon/Operational,,Microsoft-Windows-Sysmon
T1222,,File and Directory Permissions Modification,defense-evasion,process,process creation,DeviceProcessEvents,DeviceProcessEvents,,,Microsoft Defender for Endpoint
T1222,,File and Directory Permissions Modification,defense-evasion,process,process creation,8,CreateRemoteThread.,Microsoft-Windows-Sysmon/Operational,,Microsoft-Windows-Sysmon
T1222,,File and Directory Permissions Modification,defense-evasion,process,process creation,DeviceEvents,DeviceEvents,,,Microsoft Defender for Endpoint
T1221,,Template Injection,defense-evasion,process,process creation,4688,A new process has been created.,Security,Process Creation,Microsoft-Windows-Security-Auditing
T1221,,Template Injection,defense-evasion,process,process creation,1,Process Creation.,Microsoft-Windows-Sysmon/Operational,,Microsoft-Windows-Sysmon
T1221,,Template Injection,defense-evasion,process,process creation,DeviceProcessEvents,DeviceProcessEvents,,,Microsoft Defender for Endpoint
T1221,,Template Injection,defense-evasion,process,process creation,8,CreateRemoteThread.,Microsoft-Windows-Sysmon/Operational,,Microsoft-Windows-Sysmon
T1221,,Template Injection,defense-evasion,process,process creation,DeviceEvents,DeviceEvents,,,Microsoft Defender for Endpoint
T1221,,Template Injection,defense-evasion,network traffic,network connection creation,5156,The Windows Filtering Platform has permitted a connection.,Security,Filtering Platform Connection,Microsoft-Windows-Security-Auditing
T1221,,Template Injection,defense-evasion,network traffic,network connection creation,3,Network connection.,Microsoft-Windows-Sysmon/Operational,,Microsoft-Windows-Sysmon
T1221,,Template Injection,defense-evasion,network traffic,network connection creation,DeviceNetworkEvents,DeviceNetworkEvents,,,Microsoft Defender for Endpoint
T1221,,Template Injection,defense-evasion,network traffic,network connection creation,5157,The Windows Filtering Platform has blocked a connection.,Security,Filtering Platform Connection,Microsoft-Windows-Security-Auditing
T1221,,Template Injection,defense-evasion,network traffic,network connection creation,5154,The Windows Filtering Platform has permitted an application or service to listen on a port for incoming connections.,Security,Filtering Platform Connection,Microsoft-Windows-Security-Auditing
T1221,,Template Injection,defense-evasion,network traffic,network connection creation,5159,The Windows Filtering Platform has blocked a bind to a local port.,Security,Filtering Platform Connection,Microsoft-Windows-Security-Auditing
T1221,,Template Injection,defense-evasion,network traffic,network connection creation,5155,The Windows Filtering Platform has blocked an application or service from listening on a port for incoming connections.,Security,Filtering Platform Connection,Microsoft-Windows-Security-Auditing
T1221,,Template Injection,defense-evasion,network traffic,network connection creation,5031,The Windows Firewall Service blocked an application from accepting incoming connections on the network.,Security,Filtering Platform Connection,Microsoft-Windows-Security-Auditing
T1221,,Template Injection,defense-evasion,network traffic,network connection creation,DeviceEvents,DeviceEvents,,,Microsoft Defender for Endpoint
T1221,,Template Injection,defense-evasion,network traffic,network connection creation,5158,The Windows Filtering Platform has permitted a bind to a local port.,Security,Filtering Platform Connection,Microsoft-Windows-Security-Auditing
T1220,False,XSL Script Processing,defense-evasion,module,module load,7,Image loaded.,Microsoft-Windows-Sysmon/Operational,,Microsoft-Windows-Sysmon
T1220,False,XSL Script Processing,defense-evasion,module,module load,DeviceImageLoadEvents,DeviceImageLoadEvents,,,Microsoft Defender for Endpoint
T1220,False,XSL Script Processing,defense-evasion,process,process creation,4688,A new process has been created.,Security,Process Creation,Microsoft-Windows-Security-Auditing
T1220,False,XSL Script Processing,defense-evasion,process,process creation,1,Process Creation.,Microsoft-Windows-Sysmon/Operational,,Microsoft-Windows-Sysmon
T1220,False,XSL Script Processing,defense-evasion,process,process creation,DeviceProcessEvents,DeviceProcessEvents,,,Microsoft Defender for Endpoint
T1220,False,XSL Script Processing,defense-evasion,process,process creation,8,CreateRemoteThread.,Microsoft-Windows-Sysmon/Operational,,Microsoft-Windows-Sysmon
T1220,False,XSL Script Processing,defense-evasion,process,process creation,DeviceEvents,DeviceEvents,,,Microsoft Defender for Endpoint
T1218,False,System Binary Proxy Execution,defense-evasion,file,file creation,DeviceFileEvents,DeviceFileEvents,,,Microsoft Defender for Endpoint
T1218,False,System Binary Proxy Execution,defense-evasion,file,file creation,4663,An attempt was made to access an object.,Security,File System,Microsoft-Windows-Security-Auditing
T1218,False,System Binary Proxy Execution,defense-evasion,file,file creation,11,FileCreate,Microsoft-Windows-Sysmon/Operational,,Microsoft-Windows-Sysmon
T1218,False,System Binary Proxy Execution,defense-evasion,command,command execution,4688,A new process has been created.,Security,Process Creation,Microsoft-Windows-Security-Auditing
T1218,False,System Binary Proxy Execution,defense-evasion,command,command execution,1,Process Creation.,Microsoft-Windows-Sysmon/Operational,,Microsoft-Windows-Sysmon
T1218,False,System Binary Proxy Execution,defense-evasion,command,command execution,4103,Module logging.,Microsoft-Windows-PowerShell/Operational,,Microsoft-Windows-PowerShell
T1218,False,System Binary Proxy Execution,defense-evasion,command,command execution,DeviceProcessEvents,DeviceProcessEvents,,,Microsoft Defender for Endpoint
T1218,False,System Binary Proxy Execution,defense-evasion,windows registry,windows registry key modification,13,RegistryEvent (Value Set).,Microsoft-Windows-Sysmon/Operational,,Microsoft-Windows-Sysmon
T1218,False,System Binary Proxy Execution,defense-evasion,windows registry,windows registry key modification,14,RegistryEvent (Key and Value Rename).,Microsoft-Windows-Sysmon/Operational,,Microsoft-Windows-Sysmon
T1218,False,System Binary Proxy Execution,defense-evasion,windows registry,windows registry key modification,4657,A registry value was modified.,Security,Registry,Microsoft-Windows-Security-Auditing
T1218,False,System Binary Proxy Execution,defense-evasion,windows registry,windows registry key modification,4670,Permissions on an object were changed.,Security,Registry,Microsoft-Windows-Security-Auditing
T1218,False,System Binary Proxy Execution,defense-evasion,windows registry,windows registry key modification,DeviceRegistryEvents,DeviceRegistryEvents,,,Microsoft Defender for Endpoint
T1218,False,System Binary Proxy Execution,defense-evasion,process,process creation,4688,A new process has been created.,Security,Process Creation,Microsoft-Windows-Security-Auditing
T1218,False,System Binary Proxy Execution,defense-evasion,process,process creation,1,Process Creation.,Microsoft-Windows-Sysmon/Operational,,Microsoft-Windows-Sysmon
T1218,False,System Binary Proxy Execution,defense-evasion,process,process creation,DeviceProcessEvents,DeviceProcessEvents,,,Microsoft Defender for Endpoint
T1218,False,System Binary Proxy Execution,defense-evasion,process,process creation,8,CreateRemoteThread.,Microsoft-Windows-Sysmon/Operational,,Microsoft-Windows-Sysmon
T1218,False,System Binary Proxy Execution,defense-evasion,process,process creation,DeviceEvents,DeviceEvents,,,Microsoft Defender for Endpoint
T1218,False,System Binary Proxy Execution,defense-evasion,process,os api execution,8,CreateRemoteThread.,Microsoft-Windows-Sysmon/Operational,,Microsoft-Windows-Sysmon
T1218,False,System Binary Proxy Execution,defense-evasion,process,os api execution,DeviceEvents,DeviceEvents,,,Microsoft Defender for Endpoint
T1218,False,System Binary Proxy Execution,defense-evasion,module,module load,7,Image loaded.,Microsoft-Windows-Sysmon/Operational,,Microsoft-Windows-Sysmon
T1218,False,System Binary Proxy Execution,defense-evasion,module,module load,DeviceImageLoadEvents,DeviceImageLoadEvents,,,Microsoft Defender for Endpoint
T1218,False,System Binary Proxy Execution,defense-evasion,network traffic,network connection creation,5156,The Windows Filtering Platform has permitted a connection.,Security,Filtering Platform Connection,Microsoft-Windows-Security-Auditing
T1218,False,System Binary Proxy Execution,defense-evasion,network traffic,network connection creation,3,Network connection.,Microsoft-Windows-Sysmon/Operational,,Microsoft-Windows-Sysmon
T1218,False,System Binary Proxy Execution,defense-evasion,network traffic,network connection creation,DeviceNetworkEvents,DeviceNetworkEvents,,,Microsoft Defender for Endpoint
T1218,False,System Binary Proxy Execution,defense-evasion,network traffic,network connection creation,5157,The Windows Filtering Platform has blocked a connection.,Security,Filtering Platform Connection,Microsoft-Windows-Security-Auditing
T1218,False,System Binary Proxy Execution,defense-evasion,network traffic,network connection creation,5154,The Windows Filtering Platform has permitted an application or service to listen on a port for incoming connections.,Security,Filtering Platform Connection,Microsoft-Windows-Security-Auditing
T1218,False,System Binary Proxy Execution,defense-evasion,network traffic,network connection creation,5159,The Windows Filtering Platform has blocked a bind to a local port.,Security,Filtering Platform Connection,Microsoft-Windows-Security-Auditing
T1218,False,System Binary Proxy Execution,defense-evasion,network traffic,network connection creation,5155,The Windows Filtering Platform has blocked an application or service from listening on a port for incoming connections.,Security,Filtering Platform Connection,Microsoft-Windows-Security-Auditing
T1218,False,System Binary Proxy Execution,defense-evasion,network traffic,network connection creation,5031,The Windows Firewall Service blocked an application from accepting incoming connections on the network.,Security,Filtering Platform Connection,Microsoft-Windows-Security-Auditing
T1218,False,System Binary Proxy Execution,defense-evasion,network traffic,network connection creation,DeviceEvents,DeviceEvents,,,Microsoft Defender for Endpoint
T1218,False,System Binary Proxy Execution,defense-evasion,network traffic,network connection creation,5158,The Windows Filtering Platform has permitted a bind to a local port.,Security,Filtering Platform Connection,Microsoft-Windows-Security-Auditing
T1207,,Rogue Domain Controller,defense-evasion,user account,user account authentication,4624,An account was successfully logged on.,Security,Logon,Microsoft-Windows-Security-Auditing
T1207,,Rogue Domain Controller,defense-evasion,user account,user account authentication,4625,An account failed to log on.,Security,Account Lockout,Microsoft-Windows-Security-Auditing
T1207,,Rogue Domain Controller,defense-evasion,user account,user account authentication,4648,A logon was attempted using explicit credentials.,Security,Logon,Microsoft-Windows-Security-Auditing
T1207,,Rogue Domain Controller,defense-evasion,user account,user account authentication,DeviceLogonEvents,DeviceLogonEvents,,,Microsoft Defender for Endpoint
T1207,,Rogue Domain Controller,defense-evasion,user account,user account authentication,4776,The domain controller or local computer attempted to validate the credentials for an account.,Security,Credential Validation,Microsoft-Windows-Security-Auditing
T1207,,Rogue Domain Controller,defense-evasion,active directory,active directory object modification,5136,A directory service object was modified.,Security,Directory Service Changes,Microsoft-Windows-Security-Auditing
T1207,,Rogue Domain Controller,defense-evasion,active directory,active directory object modification,5139,A directory service object was moved.,Security,Directory Service Changes,Microsoft-Windows-Security-Auditing
T1207,,Rogue Domain Controller,defense-evasion,active directory,active directory object modification,4719,System audit policy was changed.,Security,Policy Change,Microsoft-Windows-Security-Auditing
T1207,,Rogue Domain Controller,defense-evasion,active directory,active directory object creation,5137,A directory service object was created.,Security,Directory Service Changes,Microsoft-Windows-Security-Auditing
T1199,,Trusted Relationship,initial-access,logon session,logon session metadata,4703,A token right was adjusted.,Security,Authorization Policy Change,Microsoft-Windows-Security-Auditing
T1199,,Trusted Relationship,initial-access,logon session,logon session metadata,4673,A privileged service was called.,Security,Sensitive Privilege Use,Microsoft-Windows-Security-Auditing
T1199,,Trusted Relationship,initial-access,logon session,logon session metadata,4674,An operation was attempted on a privileged object.,Security,Sensitive Privilege Use,Microsoft-Windows-Security-Auditing
T1199,,Trusted Relationship,initial-access,logon session,logon session metadata,4610,An authentication package has been loaded by the Local Security Authority.,Security,Security System Extension,Microsoft-Windows-Security-Auditing
T1199,,Trusted Relationship,initial-access,logon session,logon session metadata,4611,A trusted logon process has been registered with the Local Security Authority.,Security,Security System Extension,Microsoft-Windows-Security-Auditing
T1199,,Trusted Relationship,initial-access,logon session,logon session metadata,4614,A notification package has been loaded by the Security Account Manager.,Security,Security System Extension,Microsoft-Windows-Security-Auditing
T1199,,Trusted Relationship,initial-access,logon session,logon session metadata,4622,A security package has been loaded by the Local Security Authority.,Security,Security System Extension,Microsoft-Windows-Security-Auditing
T1199,,Trusted Relationship,initial-access,logon session,logon session creation,4624,An account was successfully logged on.,Security,Logon,Microsoft-Windows-Security-Auditing
T1199,,Trusted Relationship,initial-access,logon session,logon session creation,4778,A session was reconnected to a Window Station.,Security,Other Logon/Logoff Events,Microsoft-Windows-Security-Auditing
T1199,,Trusted Relationship,initial-access,logon session,logon session creation,DeviceLogonEvents,DeviceLogonEvents,,,Microsoft Defender for Endpoint
T1199,,Trusted Relationship,initial-access,logon session,logon session creation,4964,Special groups have been assigned to a new logon.,Security,Special Logon,Microsoft-Windows-Security-Auditing
T1202,False,Indirect Command Execution,defense-evasion,command,command execution,4688,A new process has been created.,Security,Process Creation,Microsoft-Windows-Security-Auditing
T1202,False,Indirect Command Execution,defense-evasion,command,command execution,1,Process Creation.,Microsoft-Windows-Sysmon/Operational,,Microsoft-Windows-Sysmon
T1202,False,Indirect Command Execution,defense-evasion,command,command execution,4103,Module logging.,Microsoft-Windows-PowerShell/Operational,,Microsoft-Windows-PowerShell
T1202,False,Indirect Command Execution,defense-evasion,command,command execution,DeviceProcessEvents,DeviceProcessEvents,,,Microsoft Defender for Endpoint
T1202,False,Indirect Command Execution,defense-evasion,process,process creation,4688,A new process has been created.,Security,Process Creation,Microsoft-Windows-Security-Auditing
T1202,False,Indirect Command Execution,defense-evasion,process,process creation,1,Process Creation.,Microsoft-Windows-Sysmon/Operational,,Microsoft-Windows-Sysmon
T1202,False,Indirect Command Execution,defense-evasion,process,process creation,DeviceProcessEvents,DeviceProcessEvents,,,Microsoft Defender for Endpoint
T1202,False,Indirect Command Execution,defense-evasion,process,process creation,8,CreateRemoteThread.,Microsoft-Windows-Sysmon/Operational,,Microsoft-Windows-Sysmon
T1202,False,Indirect Command Execution,defense-evasion,process,process creation,DeviceEvents,DeviceEvents,,,Microsoft Defender for Endpoint
T1195,False,Supply Chain Compromise,initial-access,sensor health,host status,4,Sysmon service state changed.,Microsoft-Windows-Sysmon/Operational,,Microsoft-Windows-Sysmon
T1195,False,Supply Chain Compromise,initial-access,sensor health,host status,1100,The event logging service has shut down.,,,Microsoft-Windows-Eventlog
T1195,False,Supply Chain Compromise,initial-access,sensor health,host status,1101,Audit events have been dropped by the transport.,,,Microsoft-Windows-Eventlog
T1195,False,Supply Chain Compromise,initial-access,sensor health,host status,1102,The audit log was cleared.,,,Microsoft-Windows-Eventlog
T1195,False,Supply Chain Compromise,initial-access,sensor health,host status,1104,The security Log is now full.,,,Microsoft-Windows-Eventlog
T1195,False,Supply Chain Compromise,initial-access,sensor health,host status,6005,The Event log service was started.,System,,EventLog
T1195,False,Supply Chain Compromise,initial-access,sensor health,host status,6006,The Event log service was stopped.,System,,EventLog
T1195,False,Supply Chain Compromise,initial-access,sensor health,host status,4616,The system time was changed.,Security,Security State Change,Microsoft-Windows-Security-Auditing
T1219,False,Remote Access Software,command-and-control,network traffic,network connection creation,5156,The Windows Filtering Platform has permitted a connection.,Security,Filtering Platform Connection,Microsoft-Windows-Security-Auditing
T1219,False,Remote Access Software,command-and-control,network traffic,network connection creation,3,Network connection.,Microsoft-Windows-Sysmon/Operational,,Microsoft-Windows-Sysmon
T1219,False,Remote Access Software,command-and-control,network traffic,network connection creation,DeviceNetworkEvents,DeviceNetworkEvents,,,Microsoft Defender for Endpoint
T1219,False,Remote Access Software,command-and-control,network traffic,network connection creation,5157,The Windows Filtering Platform has blocked a connection.,Security,Filtering Platform Connection,Microsoft-Windows-Security-Auditing
T1219,False,Remote Access Software,command-and-control,network traffic,network connection creation,5154,The Windows Filtering Platform has permitted an application or service to listen on a port for incoming connections.,Security,Filtering Platform Connection,Microsoft-Windows-Security-Auditing
T1219,False,Remote Access Software,command-and-control,network traffic,network connection creation,5159,The Windows Filtering Platform has blocked a bind to a local port.,Security,Filtering Platform Connection,Microsoft-Windows-Security-Auditing
T1219,False,Remote Access Software,command-and-control,network traffic,network connection creation,5155,The Windows Filtering Platform has blocked an application or service from listening on a port for incoming connections.,Security,Filtering Platform Connection,Microsoft-Windows-Security-Auditing
T1219,False,Remote Access Software,command-and-control,network traffic,network connection creation,5031,The Windows Firewall Service blocked an application from accepting incoming connections on the network.,Security,Filtering Platform Connection,Microsoft-Windows-Security-Auditing
T1219,False,Remote Access Software,command-and-control,network traffic,network connection creation,DeviceEvents,DeviceEvents,,,Microsoft Defender for Endpoint
T1219,False,Remote Access Software,command-and-control,network traffic,network connection creation,5158,The Windows Filtering Platform has permitted a bind to a local port.,Security,Filtering Platform Connection,Microsoft-Windows-Security-Auditing
T1219,False,Remote Access Software,command-and-control,process,process creation,4688,A new process has been created.,Security,Process Creation,Microsoft-Windows-Security-Auditing
T1219,False,Remote Access Software,command-and-control,process,process creation,1,Process Creation.,Microsoft-Windows-Sysmon/Operational,,Microsoft-Windows-Sysmon
T1219,False,Remote Access Software,command-and-control,process,process creation,DeviceProcessEvents,DeviceProcessEvents,,,Microsoft Defender for Endpoint
T1219,False,Remote Access Software,command-and-control,process,process creation,8,CreateRemoteThread.,Microsoft-Windows-Sysmon/Operational,,Microsoft-Windows-Sysmon
T1219,False,Remote Access Software,command-and-control,process,process creation,DeviceEvents,DeviceEvents,,,Microsoft Defender for Endpoint
T1213,False,Data from Information Repositories,collection,logon session,logon session creation,4624,An account was successfully logged on.,Security,Logon,Microsoft-Windows-Security-Auditing
T1213,False,Data from Information Repositories,collection,logon session,logon session creation,4778,A session was reconnected to a Window Station.,Security,Other Logon/Logoff Events,Microsoft-Windows-Security-Auditing
T1213,False,Data from Information Repositories,collection,logon session,logon session creation,DeviceLogonEvents,DeviceLogonEvents,,,Microsoft Defender for Endpoint
T1213,False,Data from Information Repositories,collection,logon session,logon session creation,4964,Special groups have been assigned to a new logon.,Security,Special Logon,Microsoft-Windows-Security-Auditing
T1200,False,Hardware Additions,initial-access,drive,drive creation,6423,The installation of this device is forbidden by system policy.,Security,PNP Activity,Microsoft-Windows-Security-Auditing
T1200,False,Hardware Additions,initial-access,drive,drive creation,6416,A new external device was recognized by the system.,Security,PNP Activity,Microsoft-Windows-Security-Auditing
T1200,False,Hardware Additions,initial-access,drive,drive creation,6424,"The installation of this device was allowed, after having previously been forbidden by policy.",Security,PNP Activity,Microsoft-Windows-Security-Auditing
T1216,False,System Script Proxy Execution,defense-evasion,process,process creation,4688,A new process has been created.,Security,Process Creation,Microsoft-Windows-Security-Auditing
T1216,False,System Script Proxy Execution,defense-evasion,process,process creation,1,Process Creation.,Microsoft-Windows-Sysmon/Operational,,Microsoft-Windows-Sysmon
T1216,False,System Script Proxy Execution,defense-evasion,process,process creation,DeviceProcessEvents,DeviceProcessEvents,,,Microsoft Defender for Endpoint
T1216,False,System Script Proxy Execution,defense-evasion,process,process creation,8,CreateRemoteThread.,Microsoft-Windows-Sysmon/Operational,,Microsoft-Windows-Sysmon
T1216,False,System Script Proxy Execution,defense-evasion,process,process creation,DeviceEvents,DeviceEvents,,,Microsoft Defender for Endpoint
T1216,False,System Script Proxy Execution,defense-evasion,script,script execution,4103,Module logging.,Microsoft-Windows-PowerShell/Operational,,Microsoft-Windows-PowerShell
T1216,False,System Script Proxy Execution,defense-evasion,script,script execution,4104,Script Block Logging.,Microsoft-Windows-PowerShell/Operational,,Microsoft-Windows-PowerShell
T1216,False,System Script Proxy Execution,defense-evasion,script,script execution,DeviceEvents,DeviceEvents,,,Microsoft Defender for Endpoint
T1216,False,System Script Proxy Execution,defense-evasion,command,command execution,4688,A new process has been created.,Security,Process Creation,Microsoft-Windows-Security-Auditing
T1216,False,System Script Proxy Execution,defense-evasion,command,command execution,1,Process Creation.,Microsoft-Windows-Sysmon/Operational,,Microsoft-Windows-Sysmon
T1216,False,System Script Proxy Execution,defense-evasion,command,command execution,4103,Module logging.,Microsoft-Windows-PowerShell/Operational,,Microsoft-Windows-PowerShell
T1216,False,System Script Proxy Execution,defense-evasion,command,command execution,DeviceProcessEvents,DeviceProcessEvents,,,Microsoft Defender for Endpoint
T1205,False,Traffic Signaling,defense-evasion;persistence;command-and-control,network traffic,network connection creation,5156,The Windows Filtering Platform has permitted a connection.,Security,Filtering Platform Connection,Microsoft-Windows-Security-Auditing
T1205,False,Traffic Signaling,defense-evasion;persistence;command-and-control,network traffic,network connection creation,3,Network connection.,Microsoft-Windows-Sysmon/Operational,,Microsoft-Windows-Sysmon
T1205,False,Traffic Signaling,defense-evasion;persistence;command-and-control,network traffic,network connection creation,DeviceNetworkEvents,DeviceNetworkEvents,,,Microsoft Defender for Endpoint
T1205,False,Traffic Signaling,defense-evasion;persistence;command-and-control,network traffic,network connection creation,5157,The Windows Filtering Platform has blocked a connection.,Security,Filtering Platform Connection,Microsoft-Windows-Security-Auditing
T1205,False,Traffic Signaling,defense-evasion;persistence;command-and-control,network traffic,network connection creation,5154,The Windows Filtering Platform has permitted an application or service to listen on a port for incoming connections.,Security,Filtering Platform Connection,Microsoft-Windows-Security-Auditing
T1205,False,Traffic Signaling,defense-evasion;persistence;command-and-control,network traffic,network connection creation,5159,The Windows Filtering Platform has blocked a bind to a local port.,Security,Filtering Platform Connection,Microsoft-Windows-Security-Auditing
T1205,False,Traffic Signaling,defense-evasion;persistence;command-and-control,network traffic,network connection creation,5155,The Windows Filtering Platform has blocked an application or service from listening on a port for incoming connections.,Security,Filtering Platform Connection,Microsoft-Windows-Security-Auditing
T1205,False,Traffic Signaling,defense-evasion;persistence;command-and-control,network traffic,network connection creation,5031,The Windows Firewall Service blocked an application from accepting incoming connections on the network.,Security,Filtering Platform Connection,Microsoft-Windows-Security-Auditing
T1205,False,Traffic Signaling,defense-evasion;persistence;command-and-control,network traffic,network connection creation,DeviceEvents,DeviceEvents,,,Microsoft Defender for Endpoint
T1205,False,Traffic Signaling,defense-evasion;persistence;command-and-control,network traffic,network connection creation,5158,The Windows Filtering Platform has permitted a bind to a local port.,Security,Filtering Platform Connection,Microsoft-Windows-Security-Auditing
T1217,,Browser Bookmark Discovery,discovery,file,file access,4656,A handle to an object was requested.,Security,File System,Microsoft-Windows-Security-Auditing
T1217,,Browser Bookmark Discovery,discovery,file,file access,4663,An attempt was made to access an object.,Security,File System,Microsoft-Windows-Security-Auditing
T1217,,Browser Bookmark Discovery,discovery,file,file access,4661,A handle to an object was requested.,Security,SAM,Microsoft-Windows-Security-Auditing
T1217,,Browser Bookmark Discovery,discovery,process,process creation,4688,A new process has been created.,Security,Process Creation,Microsoft-Windows-Security-Auditing
T1217,,Browser Bookmark Discovery,discovery,process,process creation,1,Process Creation.,Microsoft-Windows-Sysmon/Operational,,Microsoft-Windows-Sysmon
T1217,,Browser Bookmark Discovery,discovery,process,process creation,DeviceProcessEvents,DeviceProcessEvents,,,Microsoft Defender for Endpoint
T1217,,Browser Bookmark Discovery,discovery,process,process creation,8,CreateRemoteThread.,Microsoft-Windows-Sysmon/Operational,,Microsoft-Windows-Sysmon
T1217,,Browser Bookmark Discovery,discovery,process,process creation,DeviceEvents,DeviceEvents,,,Microsoft Defender for Endpoint
T1217,,Browser Bookmark Discovery,discovery,command,command execution,4688,A new process has been created.,Security,Process Creation,Microsoft-Windows-Security-Auditing
T1217,,Browser Bookmark Discovery,discovery,command,command execution,1,Process Creation.,Microsoft-Windows-Sysmon/Operational,,Microsoft-Windows-Sysmon
T1217,,Browser Bookmark Discovery,discovery,command,command execution,4103,Module logging.,Microsoft-Windows-PowerShell/Operational,,Microsoft-Windows-PowerShell
T1217,,Browser Bookmark Discovery,discovery,command,command execution,DeviceProcessEvents,DeviceProcessEvents,,,Microsoft Defender for Endpoint
T1201,False,Password Policy Discovery,discovery,process,process creation,4688,A new process has been created.,Security,Process Creation,Microsoft-Windows-Security-Auditing
T1201,False,Password Policy Discovery,discovery,process,process creation,1,Process Creation.,Microsoft-Windows-Sysmon/Operational,,Microsoft-Windows-Sysmon
T1201,False,Password Policy Discovery,discovery,process,process creation,DeviceProcessEvents,DeviceProcessEvents,,,Microsoft Defender for Endpoint
T1201,False,Password Policy Discovery,discovery,process,process creation,8,CreateRemoteThread.,Microsoft-Windows-Sysmon/Operational,,Microsoft-Windows-Sysmon
T1201,False,Password Policy Discovery,discovery,process,process creation,DeviceEvents,DeviceEvents,,,Microsoft Defender for Endpoint
T1201,False,Password Policy Discovery,discovery,command,command execution,4688,A new process has been created.,Security,Process Creation,Microsoft-Windows-Security-Auditing
T1201,False,Password Policy Discovery,discovery,command,command execution,1,Process Creation.,Microsoft-Windows-Sysmon/Operational,,Microsoft-Windows-Sysmon
T1201,False,Password Policy Discovery,discovery,command,command execution,4103,Module logging.,Microsoft-Windows-PowerShell/Operational,,Microsoft-Windows-PowerShell
T1201,False,Password Policy Discovery,discovery,command,command execution,DeviceProcessEvents,DeviceProcessEvents,,,Microsoft Defender for Endpoint
T1212,False,Exploitation for Credential Access,credential-access,process,process creation,4688,A new process has been created.,Security,Process Creation,Microsoft-Windows-Security-Auditing
T1212,False,Exploitation for Credential Access,credential-access,process,process creation,1,Process Creation.,Microsoft-Windows-Sysmon/Operational,,Microsoft-Windows-Sysmon
T1212,False,Exploitation for Credential Access,credential-access,process,process creation,DeviceProcessEvents,DeviceProcessEvents,,,Microsoft Defender for Endpoint
T1212,False,Exploitation for Credential Access,credential-access,process,process creation,8,CreateRemoteThread.,Microsoft-Windows-Sysmon/Operational,,Microsoft-Windows-Sysmon
T1212,False,Exploitation for Credential Access,credential-access,process,process creation,DeviceEvents,DeviceEvents,,,Microsoft Defender for Endpoint
T1212,False,Exploitation for Credential Access,credential-access,user account,user account authentication,4624,An account was successfully logged on.,Security,Logon,Microsoft-Windows-Security-Auditing
T1212,False,Exploitation for Credential Access,credential-access,user account,user account authentication,4625,An account failed to log on.,Security,Account Lockout,Microsoft-Windows-Security-Auditing
T1212,False,Exploitation for Credential Access,credential-access,user account,user account authentication,4648,A logon was attempted using explicit credentials.,Security,Logon,Microsoft-Windows-Security-Auditing
T1212,False,Exploitation for Credential Access,credential-access,user account,user account authentication,DeviceLogonEvents,DeviceLogonEvents,,,Microsoft Defender for Endpoint
T1212,False,Exploitation for Credential Access,credential-access,user account,user account authentication,4776,The domain controller or local computer attempted to validate the credentials for an account.,Security,Credential Validation,Microsoft-Windows-Security-Auditing
T1203,False,Exploitation for Client Execution,execution,process,process creation,4688,A new process has been created.,Security,Process Creation,Microsoft-Windows-Security-Auditing
T1203,False,Exploitation for Client Execution,execution,process,process creation,1,Process Creation.,Microsoft-Windows-Sysmon/Operational,,Microsoft-Windows-Sysmon
T1203,False,Exploitation for Client Execution,execution,process,process creation,DeviceProcessEvents,DeviceProcessEvents,,,Microsoft Defender for Endpoint
T1203,False,Exploitation for Client Execution,execution,process,process creation,8,CreateRemoteThread.,Microsoft-Windows-Sysmon/Operational,,Microsoft-Windows-Sysmon
T1203,False,Exploitation for Client Execution,execution,process,process creation,DeviceEvents,DeviceEvents,,,Microsoft Defender for Endpoint
T1197,,BITS Jobs,defense-evasion;persistence,process,process creation,4688,A new process has been created.,Security,Process Creation,Microsoft-Windows-Security-Auditing
T1197,,BITS Jobs,defense-evasion;persistence,process,process creation,1,Process Creation.,Microsoft-Windows-Sysmon/Operational,,Microsoft-Windows-Sysmon
T1197,,BITS Jobs,defense-evasion;persistence,process,process creation,DeviceProcessEvents,DeviceProcessEvents,,,Microsoft Defender for Endpoint
T1197,,BITS Jobs,defense-evasion;persistence,process,process creation,8,CreateRemoteThread.,Microsoft-Windows-Sysmon/Operational,,Microsoft-Windows-Sysmon
T1197,,BITS Jobs,defense-evasion;persistence,process,process creation,DeviceEvents,DeviceEvents,,,Microsoft Defender for Endpoint
T1197,,BITS Jobs,defense-evasion;persistence,network traffic,network connection creation,5156,The Windows Filtering Platform has permitted a connection.,Security,Filtering Platform Connection,Microsoft-Windows-Security-Auditing
T1197,,BITS Jobs,defense-evasion;persistence,network traffic,network connection creation,3,Network connection.,Microsoft-Windows-Sysmon/Operational,,Microsoft-Windows-Sysmon
T1197,,BITS Jobs,defense-evasion;persistence,network traffic,network connection creation,DeviceNetworkEvents,DeviceNetworkEvents,,,Microsoft Defender for Endpoint
T1197,,BITS Jobs,defense-evasion;persistence,network traffic,network connection creation,5157,The Windows Filtering Platform has blocked a connection.,Security,Filtering Platform Connection,Microsoft-Windows-Security-Auditing
T1197,,BITS Jobs,defense-evasion;persistence,network traffic,network connection creation,5154,The Windows Filtering Platform has permitted an application or service to listen on a port for incoming connections.,Security,Filtering Platform Connection,Microsoft-Windows-Security-Auditing
T1197,,BITS Jobs,defense-evasion;persistence,network traffic,network connection creation,5159,The Windows Filtering Platform has blocked a bind to a local port.,Security,Filtering Platform Connection,Microsoft-Windows-Security-Auditing
T1197,,BITS Jobs,defense-evasion;persistence,network traffic,network connection creation,5155,The Windows Filtering Platform has blocked an application or service from listening on a port for incoming connections.,Security,Filtering Platform Connection,Microsoft-Windows-Security-Auditing
T1197,,BITS Jobs,defense-evasion;persistence,network traffic,network connection creation,5031,The Windows Firewall Service blocked an application from accepting incoming connections on the network.,Security,Filtering Platform Connection,Microsoft-Windows-Security-Auditing
T1197,,BITS Jobs,defense-evasion;persistence,network traffic,network connection creation,DeviceEvents,DeviceEvents,,,Microsoft Defender for Endpoint
T1197,,BITS Jobs,defense-evasion;persistence,network traffic,network connection creation,5158,The Windows Filtering Platform has permitted a bind to a local port.,Security,Filtering Platform Connection,Microsoft-Windows-Security-Auditing
T1197,,BITS Jobs,defense-evasion;persistence,service,service metadata,4,Sysmon service state changed.,Microsoft-Windows-Sysmon/Operational,,Microsoft-Windows-Sysmon
T1197,,BITS Jobs,defense-evasion;persistence,service,service metadata,6006,The Event log service was stopped.,System,,EventLog
T1197,,BITS Jobs,defense-evasion;persistence,service,service metadata,6005,The Event log service was started.,System,,EventLog
T1197,,BITS Jobs,defense-evasion;persistence,command,command execution,4688,A new process has been created.,Security,Process Creation,Microsoft-Windows-Security-Auditing
T1197,,BITS Jobs,defense-evasion;persistence,command,command execution,1,Process Creation.,Microsoft-Windows-Sysmon/Operational,,Microsoft-Windows-Sysmon
T1197,,BITS Jobs,defense-evasion;persistence,command,command execution,4103,Module logging.,Microsoft-Windows-PowerShell/Operational,,Microsoft-Windows-PowerShell
T1197,,BITS Jobs,defense-evasion;persistence,command,command execution,DeviceProcessEvents,DeviceProcessEvents,,,Microsoft Defender for Endpoint
T1189,,Drive-by Compromise,initial-access,network traffic,network connection creation,5156,The Windows Filtering Platform has permitted a connection.,Security,Filtering Platform Connection,Microsoft-Windows-Security-Auditing
T1189,,Drive-by Compromise,initial-access,network traffic,network connection creation,3,Network connection.,Microsoft-Windows-Sysmon/Operational,,Microsoft-Windows-Sysmon
T1189,,Drive-by Compromise,initial-access,network traffic,network connection creation,DeviceNetworkEvents,DeviceNetworkEvents,,,Microsoft Defender for Endpoint
T1189,,Drive-by Compromise,initial-access,network traffic,network connection creation,5157,The Windows Filtering Platform has blocked a connection.,Security,Filtering Platform Connection,Microsoft-Windows-Security-Auditing
T1189,,Drive-by Compromise,initial-access,network traffic,network connection creation,5154,The Windows Filtering Platform has permitted an application or service to listen on a port for incoming connections.,Security,Filtering Platform Connection,Microsoft-Windows-Security-Auditing
T1189,,Drive-by Compromise,initial-access,network traffic,network connection creation,5159,The Windows Filtering Platform has blocked a bind to a local port.,Security,Filtering Platform Connection,Microsoft-Windows-Security-Auditing
T1189,,Drive-by Compromise,initial-access,network traffic,network connection creation,5155,The Windows Filtering Platform has blocked an application or service from listening on a port for incoming connections.,Security,Filtering Platform Connection,Microsoft-Windows-Security-Auditing
T1189,,Drive-by Compromise,initial-access,network traffic,network connection creation,5031,The Windows Firewall Service blocked an application from accepting incoming connections on the network.,Security,Filtering Platform Connection,Microsoft-Windows-Security-Auditing
T1189,,Drive-by Compromise,initial-access,network traffic,network connection creation,DeviceEvents,DeviceEvents,,,Microsoft Defender for Endpoint
T1189,,Drive-by Compromise,initial-access,network traffic,network connection creation,5158,The Windows Filtering Platform has permitted a bind to a local port.,Security,Filtering Platform Connection,Microsoft-Windows-Security-Auditing
T1189,,Drive-by Compromise,initial-access,file,file creation,DeviceFileEvents,DeviceFileEvents,,,Microsoft Defender for Endpoint
T1189,,Drive-by Compromise,initial-access,file,file creation,4663,An attempt was made to access an object.,Security,File System,Microsoft-Windows-Security-Auditing
T1189,,Drive-by Compromise,initial-access,file,file creation,11,FileCreate,Microsoft-Windows-Sysmon/Operational,,Microsoft-Windows-Sysmon
T1189,,Drive-by Compromise,initial-access,process,process creation,4688,A new process has been created.,Security,Process Creation,Microsoft-Windows-Security-Auditing
T1189,,Drive-by Compromise,initial-access,process,process creation,1,Process Creation.,Microsoft-Windows-Sysmon/Operational,,Microsoft-Windows-Sysmon
T1189,,Drive-by Compromise,initial-access,process,process creation,DeviceProcessEvents,DeviceProcessEvents,,,Microsoft Defender for Endpoint
T1189,,Drive-by Compromise,initial-access,process,process creation,8,CreateRemoteThread.,Microsoft-Windows-Sysmon/Operational,,Microsoft-Windows-Sysmon
T1189,,Drive-by Compromise,initial-access,process,process creation,DeviceEvents,DeviceEvents,,,Microsoft Defender for Endpoint
T1211,False,Exploitation for Defense Evasion,defense-evasion,process,process creation,4688,A new process has been created.,Security,Process Creation,Microsoft-Windows-Security-Auditing
T1211,False,Exploitation for Defense Evasion,defense-evasion,process,process creation,1,Process Creation.,Microsoft-Windows-Sysmon/Operational,,Microsoft-Windows-Sysmon
T1211,False,Exploitation for Defense Evasion,defense-evasion,process,process creation,DeviceProcessEvents,DeviceProcessEvents,,,Microsoft Defender for Endpoint
T1211,False,Exploitation for Defense Evasion,defense-evasion,process,process creation,8,CreateRemoteThread.,Microsoft-Windows-Sysmon/Operational,,Microsoft-Windows-Sysmon
T1211,False,Exploitation for Defense Evasion,defense-evasion,process,process creation,DeviceEvents,DeviceEvents,,,Microsoft Defender for Endpoint
T1204,False,User Execution,execution,network traffic,network connection creation,5156,The Windows Filtering Platform has permitted a connection.,Security,Filtering Platform Connection,Microsoft-Windows-Security-Auditing
T1204,False,User Execution,execution,network traffic,network connection creation,3,Network connection.,Microsoft-Windows-Sysmon/Operational,,Microsoft-Windows-Sysmon
T1204,False,User Execution,execution,network traffic,network connection creation,DeviceNetworkEvents,DeviceNetworkEvents,,,Microsoft Defender for Endpoint
T1204,False,User Execution,execution,network traffic,network connection creation,5157,The Windows Filtering Platform has blocked a connection.,Security,Filtering Platform Connection,Microsoft-Windows-Security-Auditing
T1204,False,User Execution,execution,network traffic,network connection creation,5154,The Windows Filtering Platform has permitted an application or service to listen on a port for incoming connections.,Security,Filtering Platform Connection,Microsoft-Windows-Security-Auditing
T1204,False,User Execution,execution,network traffic,network connection creation,5159,The Windows Filtering Platform has blocked a bind to a local port.,Security,Filtering Platform Connection,Microsoft-Windows-Security-Auditing
T1204,False,User Execution,execution,network traffic,network connection creation,5155,The Windows Filtering Platform has blocked an application or service from listening on a port for incoming connections.,Security,Filtering Platform Connection,Microsoft-Windows-Security-Auditing
T1204,False,User Execution,execution,network traffic,network connection creation,5031,The Windows Firewall Service blocked an application from accepting incoming connections on the network.,Security,Filtering Platform Connection,Microsoft-Windows-Security-Auditing
T1204,False,User Execution,execution,network traffic,network connection creation,DeviceEvents,DeviceEvents,,,Microsoft Defender for Endpoint
T1204,False,User Execution,execution,network traffic,network connection creation,5158,The Windows Filtering Platform has permitted a bind to a local port.,Security,Filtering Platform Connection,Microsoft-Windows-Security-Auditing
T1204,False,User Execution,execution,process,process creation,4688,A new process has been created.,Security,Process Creation,Microsoft-Windows-Security-Auditing
T1204,False,User Execution,execution,process,process creation,1,Process Creation.,Microsoft-Windows-Sysmon/Operational,,Microsoft-Windows-Sysmon
T1204,False,User Execution,execution,process,process creation,DeviceProcessEvents,DeviceProcessEvents,,,Microsoft Defender for Endpoint
T1204,False,User Execution,execution,process,process creation,8,CreateRemoteThread.,Microsoft-Windows-Sysmon/Operational,,Microsoft-Windows-Sysmon
T1204,False,User Execution,execution,process,process creation,DeviceEvents,DeviceEvents,,,Microsoft Defender for Endpoint
T1204,False,User Execution,execution,file,file creation,DeviceFileEvents,DeviceFileEvents,,,Microsoft Defender for Endpoint
T1204,False,User Execution,execution,file,file creation,4663,An attempt was made to access an object.,Security,File System,Microsoft-Windows-Security-Auditing
T1204,False,User Execution,execution,file,file creation,11,FileCreate,Microsoft-Windows-Sysmon/Operational,,Microsoft-Windows-Sysmon
T1204,False,User Execution,execution,command,command execution,4688,A new process has been created.,Security,Process Creation,Microsoft-Windows-Security-Auditing
T1204,False,User Execution,execution,command,command execution,1,Process Creation.,Microsoft-Windows-Sysmon/Operational,,Microsoft-Windows-Sysmon
T1204,False,User Execution,execution,command,command execution,4103,Module logging.,Microsoft-Windows-PowerShell/Operational,,Microsoft-Windows-PowerShell
T1204,False,User Execution,execution,command,command execution,DeviceProcessEvents,DeviceProcessEvents,,,Microsoft Defender for Endpoint
T1185,,Browser Session Hijacking,collection,process,process access,4663,An attempt was made to access an object.,Security,Kernel Object,Microsoft-Windows-Security-Auditing
T1185,,Browser Session Hijacking,collection,process,process access,DeviceEvents,DeviceEvents,,,Microsoft Defender for Endpoint
T1185,,Browser Session Hijacking,collection,process,process access,4656,A handle to an object was requested.,Security,Kernel Object,Microsoft-Windows-Security-Auditing
T1185,,Browser Session Hijacking,collection,process,process access,10,Process Access.,Microsoft-Windows-Sysmon/Operational,,Microsoft-Windows-Sysmon
T1185,,Browser Session Hijacking,collection,process,process access,10,ProcessAccess,Microsoft-Windows-Sysmon/Operational,,Microsoft-Windows-Sysmon
T1185,,Browser Session Hijacking,collection,process,process modification,8,CreateRemoteThread.,Microsoft-Windows-Sysmon/Operational,,Microsoft-Windows-Sysmon
T1185,,Browser Session Hijacking,collection,process,process modification,DeviceEvents,DeviceEvents,,,Microsoft Defender for Endpoint
T1185,,Browser Session Hijacking,collection,logon session,logon session creation,4624,An account was successfully logged on.,Security,Logon,Microsoft-Windows-Security-Auditing
T1185,,Browser Session Hijacking,collection,logon session,logon session creation,4778,A session was reconnected to a Window Station.,Security,Other Logon/Logoff Events,Microsoft-Windows-Security-Auditing
T1185,,Browser Session Hijacking,collection,logon session,logon session creation,DeviceLogonEvents,DeviceLogonEvents,,,Microsoft Defender for Endpoint
T1185,,Browser Session Hijacking,collection,logon session,logon session creation,4964,Special groups have been assigned to a new logon.,Security,Special Logon,Microsoft-Windows-Security-Auditing
T1187,,Forced Authentication,credential-access,file,file access,4656,A handle to an object was requested.,Security,File System,Microsoft-Windows-Security-Auditing
T1187,,Forced Authentication,credential-access,file,file access,4663,An attempt was made to access an object.,Security,File System,Microsoft-Windows-Security-Auditing
T1187,,Forced Authentication,credential-access,file,file access,4661,A handle to an object was requested.,Security,SAM,Microsoft-Windows-Security-Auditing
T1187,,Forced Authentication,credential-access,file,file modification,4670,Permissions on an object were changed.,Security,File System,Microsoft-Windows-Security-Auditing
T1187,,Forced Authentication,credential-access,file,file modification,DeviceFileEvents,DeviceFileEvents,,,Microsoft Defender for Endpoint
T1187,,Forced Authentication,credential-access,file,file modification,2,A process changed a file creation time.,Microsoft-Windows-Sysmon/Operational,,Microsoft-Windows-Sysmon
T1187,,Forced Authentication,credential-access,file,file modification,11,FileCreate.,Microsoft-Windows-Sysmon/Operational,,Microsoft-Windows-Sysmon
T1187,,Forced Authentication,credential-access,file,file creation,DeviceFileEvents,DeviceFileEvents,,,Microsoft Defender for Endpoint
T1187,,Forced Authentication,credential-access,file,file creation,4663,An attempt was made to access an object.,Security,File System,Microsoft-Windows-Security-Auditing
T1187,,Forced Authentication,credential-access,file,file creation,11,FileCreate,Microsoft-Windows-Sysmon/Operational,,Microsoft-Windows-Sysmon
T1176,False,Browser Extensions,persistence,process,process creation,4688,A new process has been created.,Security,Process Creation,Microsoft-Windows-Security-Auditing
T1176,False,Browser Extensions,persistence,process,process creation,1,Process Creation.,Microsoft-Windows-Sysmon/Operational,,Microsoft-Windows-Sysmon
T1176,False,Browser Extensions,persistence,process,process creation,DeviceProcessEvents,DeviceProcessEvents,,,Microsoft Defender for Endpoint
T1176,False,Browser Extensions,persistence,process,process creation,8,CreateRemoteThread.,Microsoft-Windows-Sysmon/Operational,,Microsoft-Windows-Sysmon
T1176,False,Browser Extensions,persistence,process,process creation,DeviceEvents,DeviceEvents,,,Microsoft Defender for Endpoint
T1176,False,Browser Extensions,persistence,command,command execution,4688,A new process has been created.,Security,Process Creation,Microsoft-Windows-Security-Auditing
T1176,False,Browser Extensions,persistence,command,command execution,1,Process Creation.,Microsoft-Windows-Sysmon/Operational,,Microsoft-Windows-Sysmon
T1176,False,Browser Extensions,persistence,command,command execution,4103,Module logging.,Microsoft-Windows-PowerShell/Operational,,Microsoft-Windows-PowerShell
T1176,False,Browser Extensions,persistence,command,command execution,DeviceProcessEvents,DeviceProcessEvents,,,Microsoft Defender for Endpoint
T1176,False,Browser Extensions,persistence,network traffic,network connection creation,5156,The Windows Filtering Platform has permitted a connection.,Security,Filtering Platform Connection,Microsoft-Windows-Security-Auditing
T1176,False,Browser Extensions,persistence,network traffic,network connection creation,3,Network connection.,Microsoft-Windows-Sysmon/Operational,,Microsoft-Windows-Sysmon
T1176,False,Browser Extensions,persistence,network traffic,network connection creation,DeviceNetworkEvents,DeviceNetworkEvents,,,Microsoft Defender for Endpoint
T1176,False,Browser Extensions,persistence,network traffic,network connection creation,5157,The Windows Filtering Platform has blocked a connection.,Security,Filtering Platform Connection,Microsoft-Windows-Security-Auditing
T1176,False,Browser Extensions,persistence,network traffic,network connection creation,5154,The Windows Filtering Platform has permitted an application or service to listen on a port for incoming connections.,Security,Filtering Platform Connection,Microsoft-Windows-Security-Auditing
T1176,False,Browser Extensions,persistence,network traffic,network connection creation,5159,The Windows Filtering Platform has blocked a bind to a local port.,Security,Filtering Platform Connection,Microsoft-Windows-Security-Auditing
T1176,False,Browser Extensions,persistence,network traffic,network connection creation,5155,The Windows Filtering Platform has blocked an application or service from listening on a port for incoming connections.,Security,Filtering Platform Connection,Microsoft-Windows-Security-Auditing
T1176,False,Browser Extensions,persistence,network traffic,network connection creation,5031,The Windows Firewall Service blocked an application from accepting incoming connections on the network.,Security,Filtering Platform Connection,Microsoft-Windows-Security-Auditing
T1176,False,Browser Extensions,persistence,network traffic,network connection creation,DeviceEvents,DeviceEvents,,,Microsoft Defender for Endpoint
T1176,False,Browser Extensions,persistence,network traffic,network connection creation,5158,The Windows Filtering Platform has permitted a bind to a local port.,Security,Filtering Platform Connection,Microsoft-Windows-Security-Auditing
T1176,False,Browser Extensions,persistence,file,file creation,DeviceFileEvents,DeviceFileEvents,,,Microsoft Defender for Endpoint
T1176,False,Browser Extensions,persistence,file,file creation,4663,An attempt was made to access an object.,Security,File System,Microsoft-Windows-Security-Auditing
T1176,False,Browser Extensions,persistence,file,file creation,11,FileCreate,Microsoft-Windows-Sysmon/Operational,,Microsoft-Windows-Sysmon
T1176,False,Browser Extensions,persistence,windows registry,windows registry key creation,12,RegistryEvent (Object create and delete).,Microsoft-Windows-Sysmon/Operational,,Microsoft-Windows-Sysmon
T1176,False,Browser Extensions,persistence,windows registry,windows registry key creation,DeviceRegistryEvents,DeviceRegistryEvents,,,Microsoft Defender for Endpoint
T1176,False,Browser Extensions,persistence,windows registry,windows registry key creation,4657,A registry value was modified.,Security,Registry,Microsoft-Windows-Security-Auditing
T1140,False,Deobfuscate/Decode Files or Information,defense-evasion,file,file modification,4670,Permissions on an object were changed.,Security,File System,Microsoft-Windows-Security-Auditing
T1140,False,Deobfuscate/Decode Files or Information,defense-evasion,file,file modification,DeviceFileEvents,DeviceFileEvents,,,Microsoft Defender for Endpoint
T1140,False,Deobfuscate/Decode Files or Information,defense-evasion,file,file modification,2,A process changed a file creation time.,Microsoft-Windows-Sysmon/Operational,,Microsoft-Windows-Sysmon
T1140,False,Deobfuscate/Decode Files or Information,defense-evasion,file,file modification,11,FileCreate.,Microsoft-Windows-Sysmon/Operational,,Microsoft-Windows-Sysmon
T1140,False,Deobfuscate/Decode Files or Information,defense-evasion,script,script execution,4103,Module logging.,Microsoft-Windows-PowerShell/Operational,,Microsoft-Windows-PowerShell
T1140,False,Deobfuscate/Decode Files or Information,defense-evasion,script,script execution,4104,Script Block Logging.,Microsoft-Windows-PowerShell/Operational,,Microsoft-Windows-PowerShell
T1140,False,Deobfuscate/Decode Files or Information,defense-evasion,script,script execution,DeviceEvents,DeviceEvents,,,Microsoft Defender for Endpoint
T1140,False,Deobfuscate/Decode Files or Information,defense-evasion,process,process creation,4688,A new process has been created.,Security,Process Creation,Microsoft-Windows-Security-Auditing
T1140,False,Deobfuscate/Decode Files or Information,defense-evasion,process,process creation,1,Process Creation.,Microsoft-Windows-Sysmon/Operational,,Microsoft-Windows-Sysmon
T1140,False,Deobfuscate/Decode Files or Information,defense-evasion,process,process creation,DeviceProcessEvents,DeviceProcessEvents,,,Microsoft Defender for Endpoint
T1140,False,Deobfuscate/Decode Files or Information,defense-evasion,process,process creation,8,CreateRemoteThread.,Microsoft-Windows-Sysmon/Operational,,Microsoft-Windows-Sysmon
T1140,False,Deobfuscate/Decode Files or Information,defense-evasion,process,process creation,DeviceEvents,DeviceEvents,,,Microsoft Defender for Endpoint
T1135,,Network Share Discovery,discovery,process,process creation,4688,A new process has been created.,Security,Process Creation,Microsoft-Windows-Security-Auditing
T1135,,Network Share Discovery,discovery,process,process creation,1,Process Creation.,Microsoft-Windows-Sysmon/Operational,,Microsoft-Windows-Sysmon
T1135,,Network Share Discovery,discovery,process,process creation,DeviceProcessEvents,DeviceProcessEvents,,,Microsoft Defender for Endpoint
T1135,,Network Share Discovery,discovery,process,process creation,8,CreateRemoteThread.,Microsoft-Windows-Sysmon/Operational,,Microsoft-Windows-Sysmon
T1135,,Network Share Discovery,discovery,process,process creation,DeviceEvents,DeviceEvents,,,Microsoft Defender for Endpoint
T1135,,Network Share Discovery,discovery,process,os api execution,8,CreateRemoteThread.,Microsoft-Windows-Sysmon/Operational,,Microsoft-Windows-Sysmon
T1135,,Network Share Discovery,discovery,process,os api execution,DeviceEvents,DeviceEvents,,,Microsoft Defender for Endpoint
T1135,,Network Share Discovery,discovery,command,command execution,4688,A new process has been created.,Security,Process Creation,Microsoft-Windows-Security-Auditing
T1135,,Network Share Discovery,discovery,command,command execution,1,Process Creation.,Microsoft-Windows-Sysmon/Operational,,Microsoft-Windows-Sysmon
T1135,,Network Share Discovery,discovery,command,command execution,4103,Module logging.,Microsoft-Windows-PowerShell/Operational,,Microsoft-Windows-PowerShell
T1135,,Network Share Discovery,discovery,command,command execution,DeviceProcessEvents,DeviceProcessEvents,,,Microsoft Defender for Endpoint
T1137,,Office Application Startup,persistence,windows registry,windows registry key creation,12,RegistryEvent (Object create and delete).,Microsoft-Windows-Sysmon/Operational,,Microsoft-Windows-Sysmon
T1137,,Office Application Startup,persistence,windows registry,windows registry key creation,DeviceRegistryEvents,DeviceRegistryEvents,,,Microsoft Defender for Endpoint
T1137,,Office Application Startup,persistence,windows registry,windows registry key creation,4657,A registry value was modified.,Security,Registry,Microsoft-Windows-Security-Auditing
T1137,,Office Application Startup,persistence,windows registry,windows registry key modification,13,RegistryEvent (Value Set).,Microsoft-Windows-Sysmon/Operational,,Microsoft-Windows-Sysmon
T1137,,Office Application Startup,persistence,windows registry,windows registry key modification,14,RegistryEvent (Key and Value Rename).,Microsoft-Windows-Sysmon/Operational,,Microsoft-Windows-Sysmon
T1137,,Office Application Startup,persistence,windows registry,windows registry key modification,4657,A registry value was modified.,Security,Registry,Microsoft-Windows-Security-Auditing
T1137,,Office Application Startup,persistence,windows registry,windows registry key modification,4670,Permissions on an object were changed.,Security,Registry,Microsoft-Windows-Security-Auditing
T1137,,Office Application Startup,persistence,windows registry,windows registry key modification,DeviceRegistryEvents,DeviceRegistryEvents,,,Microsoft Defender for Endpoint
T1137,,Office Application Startup,persistence,file,file creation,DeviceFileEvents,DeviceFileEvents,,,Microsoft Defender for Endpoint
T1137,,Office Application Startup,persistence,file,file creation,4663,An attempt was made to access an object.,Security,File System,Microsoft-Windows-Security-Auditing
T1137,,Office Application Startup,persistence,file,file creation,11,FileCreate,Microsoft-Windows-Sysmon/Operational,,Microsoft-Windows-Sysmon
T1137,,Office Application Startup,persistence,file,file modification,4670,Permissions on an object were changed.,Security,File System,Microsoft-Windows-Security-Auditing
T1137,,Office Application Startup,persistence,file,file modification,DeviceFileEvents,DeviceFileEvents,,,Microsoft Defender for Endpoint
T1137,,Office Application Startup,persistence,file,file modification,2,A process changed a file creation time.,Microsoft-Windows-Sysmon/Operational,,Microsoft-Windows-Sysmon
T1137,,Office Application Startup,persistence,file,file modification,11,FileCreate.,Microsoft-Windows-Sysmon/Operational,,Microsoft-Windows-Sysmon
T1137,,Office Application Startup,persistence,module,module load,7,Image loaded.,Microsoft-Windows-Sysmon/Operational,,Microsoft-Windows-Sysmon
T1137,,Office Application Startup,persistence,module,module load,DeviceImageLoadEvents,DeviceImageLoadEvents,,,Microsoft Defender for Endpoint
T1137,,Office Application Startup,persistence,process,process creation,4688,A new process has been created.,Security,Process Creation,Microsoft-Windows-Security-Auditing
T1137,,Office Application Startup,persistence,process,process creation,1,Process Creation.,Microsoft-Windows-Sysmon/Operational,,Microsoft-Windows-Sysmon
T1137,,Office Application Startup,persistence,process,process creation,DeviceProcessEvents,DeviceProcessEvents,,,Microsoft Defender for Endpoint
T1137,,Office Application Startup,persistence,process,process creation,8,CreateRemoteThread.,Microsoft-Windows-Sysmon/Operational,,Microsoft-Windows-Sysmon
T1137,,Office Application Startup,persistence,process,process creation,DeviceEvents,DeviceEvents,,,Microsoft Defender for Endpoint
T1137,,Office Application Startup,persistence,command,command execution,4688,A new process has been created.,Security,Process Creation,Microsoft-Windows-Security-Auditing
T1137,,Office Application Startup,persistence,command,command execution,1,Process Creation.,Microsoft-Windows-Sysmon/Operational,,Microsoft-Windows-Sysmon
T1137,,Office Application Startup,persistence,command,command execution,4103,Module logging.,Microsoft-Windows-PowerShell/Operational,,Microsoft-Windows-PowerShell
T1137,,Office Application Startup,persistence,command,command execution,DeviceProcessEvents,DeviceProcessEvents,,,Microsoft Defender for Endpoint
T1134,False,Access Token Manipulation,defense-evasion;privilege-escalation,process,process metadata,5,Process terminated.,Microsoft-Windows-Sysmon/Operational,,Microsoft-Windows-Sysmon
T1134,False,Access Token Manipulation,defense-evasion;privilege-escalation,process,process metadata,30,EventID(30),,,Microsoft-Windows-LDAP-Client/Debug
T1134,False,Access Token Manipulation,defense-evasion;privilege-escalation,process,process metadata,DeviceEvents,DeviceEvents,,,Microsoft Defender for Endpoint
T1134,False,Access Token Manipulation,defense-evasion;privilege-escalation,process,process creation,4688,A new process has been created.,Security,Process Creation,Microsoft-Windows-Security-Auditing
T1134,False,Access Token Manipulation,defense-evasion;privilege-escalation,process,process creation,1,Process Creation.,Microsoft-Windows-Sysmon/Operational,,Microsoft-Windows-Sysmon
T1134,False,Access Token Manipulation,defense-evasion;privilege-escalation,process,process creation,DeviceProcessEvents,DeviceProcessEvents,,,Microsoft Defender for Endpoint
T1134,False,Access Token Manipulation,defense-evasion;privilege-escalation,process,process creation,8,CreateRemoteThread.,Microsoft-Windows-Sysmon/Operational,,Microsoft-Windows-Sysmon
T1134,False,Access Token Manipulation,defense-evasion;privilege-escalation,process,process creation,DeviceEvents,DeviceEvents,,,Microsoft Defender for Endpoint
T1134,False,Access Token Manipulation,defense-evasion;privilege-escalation,process,os api execution,8,CreateRemoteThread.,Microsoft-Windows-Sysmon/Operational,,Microsoft-Windows-Sysmon
T1134,False,Access Token Manipulation,defense-evasion;privilege-escalation,process,os api execution,DeviceEvents,DeviceEvents,,,Microsoft Defender for Endpoint
T1134,False,Access Token Manipulation,defense-evasion;privilege-escalation,active directory,active directory object modification,5136,A directory service object was modified.,Security,Directory Service Changes,Microsoft-Windows-Security-Auditing
T1134,False,Access Token Manipulation,defense-evasion;privilege-escalation,active directory,active directory object modification,5139,A directory service object was moved.,Security,Directory Service Changes,Microsoft-Windows-Security-Auditing
T1134,False,Access Token Manipulation,defense-evasion;privilege-escalation,active directory,active directory object modification,4719,System audit policy was changed.,Security,Policy Change,Microsoft-Windows-Security-Auditing
T1134,False,Access Token Manipulation,defense-evasion;privilege-escalation,command,command execution,4688,A new process has been created.,Security,Process Creation,Microsoft-Windows-Security-Auditing
T1134,False,Access Token Manipulation,defense-evasion;privilege-escalation,command,command execution,1,Process Creation.,Microsoft-Windows-Sysmon/Operational,,Microsoft-Windows-Sysmon
T1134,False,Access Token Manipulation,defense-evasion;privilege-escalation,command,command execution,4103,Module logging.,Microsoft-Windows-PowerShell/Operational,,Microsoft-Windows-PowerShell
T1134,False,Access Token Manipulation,defense-evasion;privilege-escalation,command,command execution,DeviceProcessEvents,DeviceProcessEvents,,,Microsoft Defender for Endpoint
T1136,,Create Account,persistence,command,command execution,4688,A new process has been created.,Security,Process Creation,Microsoft-Windows-Security-Auditing
T1136,,Create Account,persistence,command,command execution,1,Process Creation.,Microsoft-Windows-Sysmon/Operational,,Microsoft-Windows-Sysmon
T1136,,Create Account,persistence,command,command execution,4103,Module logging.,Microsoft-Windows-PowerShell/Operational,,Microsoft-Windows-PowerShell
T1136,,Create Account,persistence,command,command execution,DeviceProcessEvents,DeviceProcessEvents,,,Microsoft Defender for Endpoint
T1136,,Create Account,persistence,user account,user account creation,4720,A user account was created.,Security,User Account Management,Microsoft-Windows-Security-Auditing
T1136,,Create Account,persistence,user account,user account creation,4741,A computer account was created.,Security,Computer Account Management,Microsoft-Windows-Security-Auditing
T1136,,Create Account,persistence,user account,user account creation,DeviceEvents,DeviceEvents,,,Microsoft Defender for Endpoint
T1136,,Create Account,persistence,process,process creation,4688,A new process has been created.,Security,Process Creation,Microsoft-Windows-Security-Auditing
T1136,,Create Account,persistence,process,process creation,1,Process Creation.,Microsoft-Windows-Sysmon/Operational,,Microsoft-Windows-Sysmon
T1136,,Create Account,persistence,process,process creation,DeviceProcessEvents,DeviceProcessEvents,,,Microsoft Defender for Endpoint
T1136,,Create Account,persistence,process,process creation,8,CreateRemoteThread.,Microsoft-Windows-Sysmon/Operational,,Microsoft-Windows-Sysmon
T1136,,Create Account,persistence,process,process creation,DeviceEvents,DeviceEvents,,,Microsoft Defender for Endpoint
T1133,,External Remote Services,persistence;initial-access,logon session,logon session metadata,4703,A token right was adjusted.,Security,Authorization Policy Change,Microsoft-Windows-Security-Auditing
T1133,,External Remote Services,persistence;initial-access,logon session,logon session metadata,4673,A privileged service was called.,Security,Sensitive Privilege Use,Microsoft-Windows-Security-Auditing
T1133,,External Remote Services,persistence;initial-access,logon session,logon session metadata,4674,An operation was attempted on a privileged object.,Security,Sensitive Privilege Use,Microsoft-Windows-Security-Auditing
T1133,,External Remote Services,persistence;initial-access,logon session,logon session metadata,4610,An authentication package has been loaded by the Local Security Authority.,Security,Security System Extension,Microsoft-Windows-Security-Auditing
T1133,,External Remote Services,persistence;initial-access,logon session,logon session metadata,4611,A trusted logon process has been registered with the Local Security Authority.,Security,Security System Extension,Microsoft-Windows-Security-Auditing
T1133,,External Remote Services,persistence;initial-access,logon session,logon session metadata,4614,A notification package has been loaded by the Security Account Manager.,Security,Security System Extension,Microsoft-Windows-Security-Auditing
T1133,,External Remote Services,persistence;initial-access,logon session,logon session metadata,4622,A security package has been loaded by the Local Security Authority.,Security,Security System Extension,Microsoft-Windows-Security-Auditing
T1129,False,Shared Modules,execution,process,os api execution,8,CreateRemoteThread.,Microsoft-Windows-Sysmon/Operational,,Microsoft-Windows-Sysmon
T1129,False,Shared Modules,execution,process,os api execution,DeviceEvents,DeviceEvents,,,Microsoft Defender for Endpoint
T1129,False,Shared Modules,execution,module,module load,7,Image loaded.,Microsoft-Windows-Sysmon/Operational,,Microsoft-Windows-Sysmon
T1129,False,Shared Modules,execution,module,module load,DeviceImageLoadEvents,DeviceImageLoadEvents,,,Microsoft Defender for Endpoint
T1127,False,Trusted Developer Utilities Proxy Execution,defense-evasion,process,process creation,4688,A new process has been created.,Security,Process Creation,Microsoft-Windows-Security-Auditing
T1127,False,Trusted Developer Utilities Proxy Execution,defense-evasion,process,process creation,1,Process Creation.,Microsoft-Windows-Sysmon/Operational,,Microsoft-Windows-Sysmon
T1127,False,Trusted Developer Utilities Proxy Execution,defense-evasion,process,process creation,DeviceProcessEvents,DeviceProcessEvents,,,Microsoft Defender for Endpoint
T1127,False,Trusted Developer Utilities Proxy Execution,defense-evasion,process,process creation,8,CreateRemoteThread.,Microsoft-Windows-Sysmon/Operational,,Microsoft-Windows-Sysmon
T1127,False,Trusted Developer Utilities Proxy Execution,defense-evasion,process,process creation,DeviceEvents,DeviceEvents,,,Microsoft Defender for Endpoint
T1127,False,Trusted Developer Utilities Proxy Execution,defense-evasion,command,command execution,4688,A new process has been created.,Security,Process Creation,Microsoft-Windows-Security-Auditing
T1127,False,Trusted Developer Utilities Proxy Execution,defense-evasion,command,command execution,1,Process Creation.,Microsoft-Windows-Sysmon/Operational,,Microsoft-Windows-Sysmon
T1127,False,Trusted Developer Utilities Proxy Execution,defense-evasion,command,command execution,4103,Module logging.,Microsoft-Windows-PowerShell/Operational,,Microsoft-Windows-PowerShell
T1127,False,Trusted Developer Utilities Proxy Execution,defense-evasion,command,command execution,DeviceProcessEvents,DeviceProcessEvents,,,Microsoft Defender for Endpoint
T1125,,Video Capture,collection,process,os api execution,8,CreateRemoteThread.,Microsoft-Windows-Sysmon/Operational,,Microsoft-Windows-Sysmon
T1125,,Video Capture,collection,process,os api execution,DeviceEvents,DeviceEvents,,,Microsoft Defender for Endpoint
T1125,,Video Capture,collection,command,command execution,4688,A new process has been created.,Security,Process Creation,Microsoft-Windows-Security-Auditing
T1125,,Video Capture,collection,command,command execution,1,Process Creation.,Microsoft-Windows-Sysmon/Operational,,Microsoft-Windows-Sysmon
T1125,,Video Capture,collection,command,command execution,4103,Module logging.,Microsoft-Windows-PowerShell/Operational,,Microsoft-Windows-PowerShell
T1125,,Video Capture,collection,command,command execution,DeviceProcessEvents,DeviceProcessEvents,,,Microsoft Defender for Endpoint
T1124,,System Time Discovery,discovery,process,process creation,4688,A new process has been created.,Security,Process Creation,Microsoft-Windows-Security-Auditing
T1124,,System Time Discovery,discovery,process,process creation,1,Process Creation.,Microsoft-Windows-Sysmon/Operational,,Microsoft-Windows-Sysmon
T1124,,System Time Discovery,discovery,process,process creation,DeviceProcessEvents,DeviceProcessEvents,,,Microsoft Defender for Endpoint
T1124,,System Time Discovery,discovery,process,process creation,8,CreateRemoteThread.,Microsoft-Windows-Sysmon/Operational,,Microsoft-Windows-Sysmon
T1124,,System Time Discovery,discovery,process,process creation,DeviceEvents,DeviceEvents,,,Microsoft Defender for Endpoint
T1124,,System Time Discovery,discovery,process,os api execution,8,CreateRemoteThread.,Microsoft-Windows-Sysmon/Operational,,Microsoft-Windows-Sysmon
T1124,,System Time Discovery,discovery,process,os api execution,DeviceEvents,DeviceEvents,,,Microsoft Defender for Endpoint
T1124,,System Time Discovery,discovery,command,command execution,4688,A new process has been created.,Security,Process Creation,Microsoft-Windows-Security-Auditing
T1124,,System Time Discovery,discovery,command,command execution,1,Process Creation.,Microsoft-Windows-Sysmon/Operational,,Microsoft-Windows-Sysmon
T1124,,System Time Discovery,discovery,command,command execution,4103,Module logging.,Microsoft-Windows-PowerShell/Operational,,Microsoft-Windows-PowerShell
T1124,,System Time Discovery,discovery,command,command execution,DeviceProcessEvents,DeviceProcessEvents,,,Microsoft Defender for Endpoint
T1123,,Audio Capture,collection,command,command execution,4688,A new process has been created.,Security,Process Creation,Microsoft-Windows-Security-Auditing
T1123,,Audio Capture,collection,command,command execution,1,Process Creation.,Microsoft-Windows-Sysmon/Operational,,Microsoft-Windows-Sysmon
T1123,,Audio Capture,collection,command,command execution,4103,Module logging.,Microsoft-Windows-PowerShell/Operational,,Microsoft-Windows-PowerShell
T1123,,Audio Capture,collection,command,command execution,DeviceProcessEvents,DeviceProcessEvents,,,Microsoft Defender for Endpoint
T1123,,Audio Capture,collection,process,os api execution,8,CreateRemoteThread.,Microsoft-Windows-Sysmon/Operational,,Microsoft-Windows-Sysmon
T1123,,Audio Capture,collection,process,os api execution,DeviceEvents,DeviceEvents,,,Microsoft Defender for Endpoint
T1120,,Peripheral Device Discovery,discovery,command,command execution,4688,A new process has been created.,Security,Process Creation,Microsoft-Windows-Security-Auditing
T1120,,Peripheral Device Discovery,discovery,command,command execution,1,Process Creation.,Microsoft-Windows-Sysmon/Operational,,Microsoft-Windows-Sysmon
T1120,,Peripheral Device Discovery,discovery,command,command execution,4103,Module logging.,Microsoft-Windows-PowerShell/Operational,,Microsoft-Windows-PowerShell
T1120,,Peripheral Device Discovery,discovery,command,command execution,DeviceProcessEvents,DeviceProcessEvents,,,Microsoft Defender for Endpoint
T1120,,Peripheral Device Discovery,discovery,process,os api execution,8,CreateRemoteThread.,Microsoft-Windows-Sysmon/Operational,,Microsoft-Windows-Sysmon
T1120,,Peripheral Device Discovery,discovery,process,os api execution,DeviceEvents,DeviceEvents,,,Microsoft Defender for Endpoint
T1120,,Peripheral Device Discovery,discovery,process,process creation,4688,A new process has been created.,Security,Process Creation,Microsoft-Windows-Security-Auditing
T1120,,Peripheral Device Discovery,discovery,process,process creation,1,Process Creation.,Microsoft-Windows-Sysmon/Operational,,Microsoft-Windows-Sysmon
T1120,,Peripheral Device Discovery,discovery,process,process creation,DeviceProcessEvents,DeviceProcessEvents,,,Microsoft Defender for Endpoint
T1120,,Peripheral Device Discovery,discovery,process,process creation,8,CreateRemoteThread.,Microsoft-Windows-Sysmon/Operational,,Microsoft-Windows-Sysmon
T1120,,Peripheral Device Discovery,discovery,process,process creation,DeviceEvents,DeviceEvents,,,Microsoft Defender for Endpoint
T1119,False,Automated Collection,collection,file,file access,4656,A handle to an object was requested.,Security,File System,Microsoft-Windows-Security-Auditing
T1119,False,Automated Collection,collection,file,file access,4663,An attempt was made to access an object.,Security,File System,Microsoft-Windows-Security-Auditing
T1119,False,Automated Collection,collection,file,file access,4661,A handle to an object was requested.,Security,SAM,Microsoft-Windows-Security-Auditing
T1119,False,Automated Collection,collection,script,script execution,4103,Module logging.,Microsoft-Windows-PowerShell/Operational,,Microsoft-Windows-PowerShell
T1119,False,Automated Collection,collection,script,script execution,4104,Script Block Logging.,Microsoft-Windows-PowerShell/Operational,,Microsoft-Windows-PowerShell
T1119,False,Automated Collection,collection,script,script execution,DeviceEvents,DeviceEvents,,,Microsoft Defender for Endpoint
T1119,False,Automated Collection,collection,command,command execution,4688,A new process has been created.,Security,Process Creation,Microsoft-Windows-Security-Auditing
T1119,False,Automated Collection,collection,command,command execution,1,Process Creation.,Microsoft-Windows-Sysmon/Operational,,Microsoft-Windows-Sysmon
T1119,False,Automated Collection,collection,command,command execution,4103,Module logging.,Microsoft-Windows-PowerShell/Operational,,Microsoft-Windows-PowerShell
T1119,False,Automated Collection,collection,command,command execution,DeviceProcessEvents,DeviceProcessEvents,,,Microsoft Defender for Endpoint
T1115,,Clipboard Data,collection,command,command execution,4688,A new process has been created.,Security,Process Creation,Microsoft-Windows-Security-Auditing
T1115,,Clipboard Data,collection,command,command execution,1,Process Creation.,Microsoft-Windows-Sysmon/Operational,,Microsoft-Windows-Sysmon
T1115,,Clipboard Data,collection,command,command execution,4103,Module logging.,Microsoft-Windows-PowerShell/Operational,,Microsoft-Windows-PowerShell
T1115,,Clipboard Data,collection,command,command execution,DeviceProcessEvents,DeviceProcessEvents,,,Microsoft Defender for Endpoint
T1115,,Clipboard Data,collection,process,os api execution,8,CreateRemoteThread.,Microsoft-Windows-Sysmon/Operational,,Microsoft-Windows-Sysmon
T1115,,Clipboard Data,collection,process,os api execution,DeviceEvents,DeviceEvents,,,Microsoft Defender for Endpoint
T1114,,Email Collection,collection,command,command execution,4688,A new process has been created.,Security,Process Creation,Microsoft-Windows-Security-Auditing
T1114,,Email Collection,collection,command,command execution,1,Process Creation.,Microsoft-Windows-Sysmon/Operational,,Microsoft-Windows-Sysmon
T1114,,Email Collection,collection,command,command execution,4103,Module logging.,Microsoft-Windows-PowerShell/Operational,,Microsoft-Windows-PowerShell
T1114,,Email Collection,collection,command,command execution,DeviceProcessEvents,DeviceProcessEvents,,,Microsoft Defender for Endpoint
T1114,,Email Collection,collection,network traffic,network connection creation,5156,The Windows Filtering Platform has permitted a connection.,Security,Filtering Platform Connection,Microsoft-Windows-Security-Auditing
T1114,,Email Collection,collection,network traffic,network connection creation,3,Network connection.,Microsoft-Windows-Sysmon/Operational,,Microsoft-Windows-Sysmon
T1114,,Email Collection,collection,network traffic,network connection creation,DeviceNetworkEvents,DeviceNetworkEvents,,,Microsoft Defender for Endpoint
T1114,,Email Collection,collection,network traffic,network connection creation,5157,The Windows Filtering Platform has blocked a connection.,Security,Filtering Platform Connection,Microsoft-Windows-Security-Auditing
T1114,,Email Collection,collection,network traffic,network connection creation,5154,The Windows Filtering Platform has permitted an application or service to listen on a port for incoming connections.,Security,Filtering Platform Connection,Microsoft-Windows-Security-Auditing
T1114,,Email Collection,collection,network traffic,network connection creation,5159,The Windows Filtering Platform has blocked a bind to a local port.,Security,Filtering Platform Connection,Microsoft-Windows-Security-Auditing
T1114,,Email Collection,collection,network traffic,network connection creation,5155,The Windows Filtering Platform has blocked an application or service from listening on a port for incoming connections.,Security,Filtering Platform Connection,Microsoft-Windows-Security-Auditing
T1114,,Email Collection,collection,network traffic,network connection creation,5031,The Windows Firewall Service blocked an application from accepting incoming connections on the network.,Security,Filtering Platform Connection,Microsoft-Windows-Security-Auditing
T1114,,Email Collection,collection,network traffic,network connection creation,DeviceEvents,DeviceEvents,,,Microsoft Defender for Endpoint
T1114,,Email Collection,collection,network traffic,network connection creation,5158,The Windows Filtering Platform has permitted a bind to a local port.,Security,Filtering Platform Connection,Microsoft-Windows-Security-Auditing
T1114,,Email Collection,collection,logon session,logon session creation,4624,An account was successfully logged on.,Security,Logon,Microsoft-Windows-Security-Auditing
T1114,,Email Collection,collection,logon session,logon session creation,4778,A session was reconnected to a Window Station.,Security,Other Logon/Logoff Events,Microsoft-Windows-Security-Auditing
T1114,,Email Collection,collection,logon session,logon session creation,DeviceLogonEvents,DeviceLogonEvents,,,Microsoft Defender for Endpoint
T1114,,Email Collection,collection,logon session,logon session creation,4964,Special groups have been assigned to a new logon.,Security,Special Logon,Microsoft-Windows-Security-Auditing
T1114,,Email Collection,collection,file,file access,4656,A handle to an object was requested.,Security,File System,Microsoft-Windows-Security-Auditing
T1114,,Email Collection,collection,file,file access,4663,An attempt was made to access an object.,Security,File System,Microsoft-Windows-Security-Auditing
T1114,,Email Collection,collection,file,file access,4661,A handle to an object was requested.,Security,SAM,Microsoft-Windows-Security-Auditing
T1113,,Screen Capture,collection,command,command execution,4688,A new process has been created.,Security,Process Creation,Microsoft-Windows-Security-Auditing
T1113,,Screen Capture,collection,command,command execution,1,Process Creation.,Microsoft-Windows-Sysmon/Operational,,Microsoft-Windows-Sysmon
T1113,,Screen Capture,collection,command,command execution,4103,Module logging.,Microsoft-Windows-PowerShell/Operational,,Microsoft-Windows-PowerShell
T1113,,Screen Capture,collection,command,command execution,DeviceProcessEvents,DeviceProcessEvents,,,Microsoft Defender for Endpoint
T1113,,Screen Capture,collection,process,os api execution,8,CreateRemoteThread.,Microsoft-Windows-Sysmon/Operational,,Microsoft-Windows-Sysmon
T1113,,Screen Capture,collection,process,os api execution,DeviceEvents,DeviceEvents,,,Microsoft Defender for Endpoint
T1112,,Modify Registry,defense-evasion,process,process creation,4688,A new process has been created.,Security,Process Creation,Microsoft-Windows-Security-Auditing
T1112,,Modify Registry,defense-evasion,process,process creation,1,Process Creation.,Microsoft-Windows-Sysmon/Operational,,Microsoft-Windows-Sysmon
T1112,,Modify Registry,defense-evasion,process,process creation,DeviceProcessEvents,DeviceProcessEvents,,,Microsoft Defender for Endpoint
T1112,,Modify Registry,defense-evasion,process,process creation,8,CreateRemoteThread.,Microsoft-Windows-Sysmon/Operational,,Microsoft-Windows-Sysmon
T1112,,Modify Registry,defense-evasion,process,process creation,DeviceEvents,DeviceEvents,,,Microsoft Defender for Endpoint
T1112,,Modify Registry,defense-evasion,process,os api execution,8,CreateRemoteThread.,Microsoft-Windows-Sysmon/Operational,,Microsoft-Windows-Sysmon
T1112,,Modify Registry,defense-evasion,process,os api execution,DeviceEvents,DeviceEvents,,,Microsoft Defender for Endpoint
T1112,,Modify Registry,defense-evasion,windows registry,windows registry key deletion,12,RegistryEvent (Object create and delete).,Microsoft-Windows-Sysmon/Operational,,Microsoft-Windows-Sysmon
T1112,,Modify Registry,defense-evasion,windows registry,windows registry key deletion,DeviceRegistryEvents,DeviceRegistryEvents,,,Microsoft Defender for Endpoint
T1112,,Modify Registry,defense-evasion,windows registry,windows registry key deletion,4657,A registry value was modified.,Security,Registry,Microsoft-Windows-Security-Auditing
T1112,,Modify Registry,defense-evasion,windows registry,windows registry key deletion,4660,An object was deleted.,Security,Registry,Microsoft-Windows-Security-Auditing
T1112,,Modify Registry,defense-evasion,windows registry,windows registry key modification,13,RegistryEvent (Value Set).,Microsoft-Windows-Sysmon/Operational,,Microsoft-Windows-Sysmon
T1112,,Modify Registry,defense-evasion,windows registry,windows registry key modification,14,RegistryEvent (Key and Value Rename).,Microsoft-Windows-Sysmon/Operational,,Microsoft-Windows-Sysmon
T1112,,Modify Registry,defense-evasion,windows registry,windows registry key modification,4657,A registry value was modified.,Security,Registry,Microsoft-Windows-Security-Auditing
T1112,,Modify Registry,defense-evasion,windows registry,windows registry key modification,4670,Permissions on an object were changed.,Security,Registry,Microsoft-Windows-Security-Auditing
T1112,,Modify Registry,defense-evasion,windows registry,windows registry key modification,DeviceRegistryEvents,DeviceRegistryEvents,,,Microsoft Defender for Endpoint
T1112,,Modify Registry,defense-evasion,windows registry,windows registry key creation,12,RegistryEvent (Object create and delete).,Microsoft-Windows-Sysmon/Operational,,Microsoft-Windows-Sysmon
T1112,,Modify Registry,defense-evasion,windows registry,windows registry key creation,DeviceRegistryEvents,DeviceRegistryEvents,,,Microsoft Defender for Endpoint
T1112,,Modify Registry,defense-evasion,windows registry,windows registry key creation,4657,A registry value was modified.,Security,Registry,Microsoft-Windows-Security-Auditing
T1112,,Modify Registry,defense-evasion,command,command execution,4688,A new process has been created.,Security,Process Creation,Microsoft-Windows-Security-Auditing
T1112,,Modify Registry,defense-evasion,command,command execution,1,Process Creation.,Microsoft-Windows-Sysmon/Operational,,Microsoft-Windows-Sysmon
T1112,,Modify Registry,defense-evasion,command,command execution,4103,Module logging.,Microsoft-Windows-PowerShell/Operational,,Microsoft-Windows-PowerShell
T1112,,Modify Registry,defense-evasion,command,command execution,DeviceProcessEvents,DeviceProcessEvents,,,Microsoft Defender for Endpoint
T1111,,Multi-Factor Authentication Interception,credential-access,windows registry,windows registry key modification,13,RegistryEvent (Value Set).,Microsoft-Windows-Sysmon/Operational,,Microsoft-Windows-Sysmon
T1111,,Multi-Factor Authentication Interception,credential-access,windows registry,windows registry key modification,14,RegistryEvent (Key and Value Rename).,Microsoft-Windows-Sysmon/Operational,,Microsoft-Windows-Sysmon
T1111,,Multi-Factor Authentication Interception,credential-access,windows registry,windows registry key modification,4657,A registry value was modified.,Security,Registry,Microsoft-Windows-Security-Auditing
T1111,,Multi-Factor Authentication Interception,credential-access,windows registry,windows registry key modification,4670,Permissions on an object were changed.,Security,Registry,Microsoft-Windows-Security-Auditing
T1111,,Multi-Factor Authentication Interception,credential-access,windows registry,windows registry key modification,DeviceRegistryEvents,DeviceRegistryEvents,,,Microsoft Defender for Endpoint
T1111,,Multi-Factor Authentication Interception,credential-access,driver,driver load,6,Driver loaded.,Microsoft-Windows-Sysmon/Operational,,Microsoft-Windows-Sysmon
T1111,,Multi-Factor Authentication Interception,credential-access,driver,driver load,DeviceEvents,DeviceEvents,,,Microsoft Defender for Endpoint
T1111,,Multi-Factor Authentication Interception,credential-access,process,os api execution,8,CreateRemoteThread.,Microsoft-Windows-Sysmon/Operational,,Microsoft-Windows-Sysmon
T1111,,Multi-Factor Authentication Interception,credential-access,process,os api execution,DeviceEvents,DeviceEvents,,,Microsoft Defender for Endpoint
T1110,False,Brute Force,credential-access,command,command execution,4688,A new process has been created.,Security,Process Creation,Microsoft-Windows-Security-Auditing
T1110,False,Brute Force,credential-access,command,command execution,1,Process Creation.,Microsoft-Windows-Sysmon/Operational,,Microsoft-Windows-Sysmon
T1110,False,Brute Force,credential-access,command,command execution,4103,Module logging.,Microsoft-Windows-PowerShell/Operational,,Microsoft-Windows-PowerShell
T1110,False,Brute Force,credential-access,command,command execution,DeviceProcessEvents,DeviceProcessEvents,,,Microsoft Defender for Endpoint
T1110,False,Brute Force,credential-access,user account,user account authentication,4624,An account was successfully logged on.,Security,Logon,Microsoft-Windows-Security-Auditing
T1110,False,Brute Force,credential-access,user account,user account authentication,4625,An account failed to log on.,Security,Account Lockout,Microsoft-Windows-Security-Auditing
T1110,False,Brute Force,credential-access,user account,user account authentication,4648,A logon was attempted using explicit credentials.,Security,Logon,Microsoft-Windows-Security-Auditing
T1110,False,Brute Force,credential-access,user account,user account authentication,DeviceLogonEvents,DeviceLogonEvents,,,Microsoft Defender for Endpoint
T1110,False,Brute Force,credential-access,user account,user account authentication,4776,The domain controller or local computer attempted to validate the credentials for an account.,Security,Credential Validation,Microsoft-Windows-Security-Auditing
T1106,False,Native API,execution,process,os api execution,8,CreateRemoteThread.,Microsoft-Windows-Sysmon/Operational,,Microsoft-Windows-Sysmon
T1106,False,Native API,execution,process,os api execution,DeviceEvents,DeviceEvents,,,Microsoft Defender for Endpoint
T1106,False,Native API,execution,module,module load,7,Image loaded.,Microsoft-Windows-Sysmon/Operational,,Microsoft-Windows-Sysmon
T1106,False,Native API,execution,module,module load,DeviceImageLoadEvents,DeviceImageLoadEvents,,,Microsoft Defender for Endpoint
T1105,False,Ingress Tool Transfer,command-and-control,network traffic,network connection creation,5156,The Windows Filtering Platform has permitted a connection.,Security,Filtering Platform Connection,Microsoft-Windows-Security-Auditing
T1105,False,Ingress Tool Transfer,command-and-control,network traffic,network connection creation,3,Network connection.,Microsoft-Windows-Sysmon/Operational,,Microsoft-Windows-Sysmon
T1105,False,Ingress Tool Transfer,command-and-control,network traffic,network connection creation,DeviceNetworkEvents,DeviceNetworkEvents,,,Microsoft Defender for Endpoint
T1105,False,Ingress Tool Transfer,command-and-control,network traffic,network connection creation,5157,The Windows Filtering Platform has blocked a connection.,Security,Filtering Platform Connection,Microsoft-Windows-Security-Auditing
T1105,False,Ingress Tool Transfer,command-and-control,network traffic,network connection creation,5154,The Windows Filtering Platform has permitted an application or service to listen on a port for incoming connections.,Security,Filtering Platform Connection,Microsoft-Windows-Security-Auditing
T1105,False,Ingress Tool Transfer,command-and-control,network traffic,network connection creation,5159,The Windows Filtering Platform has blocked a bind to a local port.,Security,Filtering Platform Connection,Microsoft-Windows-Security-Auditing
T1105,False,Ingress Tool Transfer,command-and-control,network traffic,network connection creation,5155,The Windows Filtering Platform has blocked an application or service from listening on a port for incoming connections.,Security,Filtering Platform Connection,Microsoft-Windows-Security-Auditing
T1105,False,Ingress Tool Transfer,command-and-control,network traffic,network connection creation,5031,The Windows Firewall Service blocked an application from accepting incoming connections on the network.,Security,Filtering Platform Connection,Microsoft-Windows-Security-Auditing
T1105,False,Ingress Tool Transfer,command-and-control,network traffic,network connection creation,DeviceEvents,DeviceEvents,,,Microsoft Defender for Endpoint
T1105,False,Ingress Tool Transfer,command-and-control,network traffic,network connection creation,5158,The Windows Filtering Platform has permitted a bind to a local port.,Security,Filtering Platform Connection,Microsoft-Windows-Security-Auditing
T1105,False,Ingress Tool Transfer,command-and-control,file,file creation,DeviceFileEvents,DeviceFileEvents,,,Microsoft Defender for Endpoint
T1105,False,Ingress Tool Transfer,command-and-control,file,file creation,4663,An attempt was made to access an object.,Security,File System,Microsoft-Windows-Security-Auditing
T1105,False,Ingress Tool Transfer,command-and-control,file,file creation,11,FileCreate,Microsoft-Windows-Sysmon/Operational,,Microsoft-Windows-Sysmon
T1104,,Multi-Stage Channels,command-and-control,network traffic,network connection creation,5156,The Windows Filtering Platform has permitted a connection.,Security,Filtering Platform Connection,Microsoft-Windows-Security-Auditing
T1104,,Multi-Stage Channels,command-and-control,network traffic,network connection creation,3,Network connection.,Microsoft-Windows-Sysmon/Operational,,Microsoft-Windows-Sysmon
T1104,,Multi-Stage Channels,command-and-control,network traffic,network connection creation,DeviceNetworkEvents,DeviceNetworkEvents,,,Microsoft Defender for Endpoint
T1104,,Multi-Stage Channels,command-and-control,network traffic,network connection creation,5157,The Windows Filtering Platform has blocked a connection.,Security,Filtering Platform Connection,Microsoft-Windows-Security-Auditing
T1104,,Multi-Stage Channels,command-and-control,network traffic,network connection creation,5154,The Windows Filtering Platform has permitted an application or service to listen on a port for incoming connections.,Security,Filtering Platform Connection,Microsoft-Windows-Security-Auditing
T1104,,Multi-Stage Channels,command-and-control,network traffic,network connection creation,5159,The Windows Filtering Platform has blocked a bind to a local port.,Security,Filtering Platform Connection,Microsoft-Windows-Security-Auditing
T1104,,Multi-Stage Channels,command-and-control,network traffic,network connection creation,5155,The Windows Filtering Platform has blocked an application or service from listening on a port for incoming connections.,Security,Filtering Platform Connection,Microsoft-Windows-Security-Auditing
T1104,,Multi-Stage Channels,command-and-control,network traffic,network connection creation,5031,The Windows Firewall Service blocked an application from accepting incoming connections on the network.,Security,Filtering Platform Connection,Microsoft-Windows-Security-Auditing
T1104,,Multi-Stage Channels,command-and-control,network traffic,network connection creation,DeviceEvents,DeviceEvents,,,Microsoft Defender for Endpoint
T1104,,Multi-Stage Channels,command-and-control,network traffic,network connection creation,5158,The Windows Filtering Platform has permitted a bind to a local port.,Security,Filtering Platform Connection,Microsoft-Windows-Security-Auditing
T1102,,Web Service,command-and-control,network traffic,network connection creation,5156,The Windows Filtering Platform has permitted a connection.,Security,Filtering Platform Connection,Microsoft-Windows-Security-Auditing
T1102,,Web Service,command-and-control,network traffic,network connection creation,3,Network connection.,Microsoft-Windows-Sysmon/Operational,,Microsoft-Windows-Sysmon
T1102,,Web Service,command-and-control,network traffic,network connection creation,DeviceNetworkEvents,DeviceNetworkEvents,,,Microsoft Defender for Endpoint
T1102,,Web Service,command-and-control,network traffic,network connection creation,5157,The Windows Filtering Platform has blocked a connection.,Security,Filtering Platform Connection,Microsoft-Windows-Security-Auditing
T1102,,Web Service,command-and-control,network traffic,network connection creation,5154,The Windows Filtering Platform has permitted an application or service to listen on a port for incoming connections.,Security,Filtering Platform Connection,Microsoft-Windows-Security-Auditing
T1102,,Web Service,command-and-control,network traffic,network connection creation,5159,The Windows Filtering Platform has blocked a bind to a local port.,Security,Filtering Platform Connection,Microsoft-Windows-Security-Auditing
T1102,,Web Service,command-and-control,network traffic,network connection creation,5155,The Windows Filtering Platform has blocked an application or service from listening on a port for incoming connections.,Security,Filtering Platform Connection,Microsoft-Windows-Security-Auditing
T1102,,Web Service,command-and-control,network traffic,network connection creation,5031,The Windows Firewall Service blocked an application from accepting incoming connections on the network.,Security,Filtering Platform Connection,Microsoft-Windows-Security-Auditing
T1102,,Web Service,command-and-control,network traffic,network connection creation,DeviceEvents,DeviceEvents,,,Microsoft Defender for Endpoint
T1102,,Web Service,command-and-control,network traffic,network connection creation,5158,The Windows Filtering Platform has permitted a bind to a local port.,Security,Filtering Platform Connection,Microsoft-Windows-Security-Auditing
T1098,False,Account Manipulation,persistence,user account,user account modification,4738,A user account was changed.,Security,User Account Management,Microsoft-Windows-Security-Auditing
T1098,False,Account Manipulation,persistence,user account,user account modification,4781,The name of an account was changed.,Security,User Account Management,Microsoft-Windows-Security-Auditing
T1098,False,Account Manipulation,persistence,user account,user account modification,4742,A computer account was changed.,Security,Computer Account Management,Microsoft-Windows-Security-Auditing
T1098,False,Account Manipulation,persistence,user account,user account modification,DeviceEvents,DeviceEvents,,,Microsoft Defender for Endpoint
T1098,False,Account Manipulation,persistence,user account,user account modification,4740,A user account was locked out.,Security,User Account Management,Microsoft-Windows-Security-Auditing
T1098,False,Account Manipulation,persistence,user account,user account modification,4767,A user account was unlocked.,Security,User Account Management,Microsoft-Windows-Security-Auditing
T1098,False,Account Manipulation,persistence,user account,user account modification,4722,A user account was enabled.,Security,User Account Management,Microsoft-Windows-Security-Auditing
T1098,False,Account Manipulation,persistence,user account,user account modification,4717,System security access was granted to an account.,Security,Authentication Policy Change,Microsoft-Windows-Security-Auditing
T1098,False,Account Manipulation,persistence,user account,user account modification,4718,System security access was removed from an account.,Security,Authentication Policy Change,Microsoft-Windows-Security-Auditing
T1098,False,Account Manipulation,persistence,user account,user account modification,4725,A user account was disabled.,Security,User Account Management,Microsoft-Windows-Security-Auditing
T1098,False,Account Manipulation,persistence,user account,user account modification,4723,An attempt was made to change an account's password.,Security,User Account Management,Microsoft-Windows-Security-Auditing
T1098,False,Account Manipulation,persistence,user account,user account modification,4724,An attempt was made to reset an account's password.,Security,User Account Management,Microsoft-Windows-Security-Auditing
T1098,False,Account Manipulation,persistence,process,process creation,4688,A new process has been created.,Security,Process Creation,Microsoft-Windows-Security-Auditing
T1098,False,Account Manipulation,persistence,process,process creation,1,Process Creation.,Microsoft-Windows-Sysmon/Operational,,Microsoft-Windows-Sysmon
T1098,False,Account Manipulation,persistence,process,process creation,DeviceProcessEvents,DeviceProcessEvents,,,Microsoft Defender for Endpoint
T1098,False,Account Manipulation,persistence,process,process creation,8,CreateRemoteThread.,Microsoft-Windows-Sysmon/Operational,,Microsoft-Windows-Sysmon
T1098,False,Account Manipulation,persistence,process,process creation,DeviceEvents,DeviceEvents,,,Microsoft Defender for Endpoint
T1098,False,Account Manipulation,persistence,group,group modification,4728,A member was added to a security-enabled global group.,Security,Security Group Management,Microsoft-Windows-Security-Auditing
T1098,False,Account Manipulation,persistence,group,group modification,4729,A member was removed from a security-enabled global group.,Security,Security Group Management,Microsoft-Windows-Security-Auditing
T1098,False,Account Manipulation,persistence,group,group modification,4732,A member was added to a security-enabled local group.,Security,Security Group Management,Microsoft-Windows-Security-Auditing
T1098,False,Account Manipulation,persistence,group,group modification,4733,A member was removed from a security-enabled local group.,Security,Security Group Management,Microsoft-Windows-Security-Auditing
T1098,False,Account Manipulation,persistence,group,group modification,4735,A security-enabled local group was changed.,Security,Security Group Management,Microsoft-Windows-Security-Auditing
T1098,False,Account Manipulation,persistence,group,group modification,4737,A security-enabled global group was changed.,Security,Security Group Management,Microsoft-Windows-Security-Auditing
T1098,False,Account Manipulation,persistence,group,group modification,4755,A security-enabled universal group was changed.,Security,Security Group Management,Microsoft-Windows-Security-Auditing
T1098,False,Account Manipulation,persistence,group,group modification,4756,A member was added to a security-enabled universal group.,Security,Security Group Management,Microsoft-Windows-Security-Auditing
T1098,False,Account Manipulation,persistence,group,group modification,4757,A member was removed from a security-enabled universal group.,Security,Security Group Management,Microsoft-Windows-Security-Auditing
T1098,False,Account Manipulation,persistence,group,group modification,4764,A groups type was changed.,Security,Security Group Management,Microsoft-Windows-Security-Auditing
T1098,False,Account Manipulation,persistence,command,command execution,4688,A new process has been created.,Security,Process Creation,Microsoft-Windows-Security-Auditing
T1098,False,Account Manipulation,persistence,command,command execution,1,Process Creation.,Microsoft-Windows-Sysmon/Operational,,Microsoft-Windows-Sysmon
T1098,False,Account Manipulation,persistence,command,command execution,4103,Module logging.,Microsoft-Windows-PowerShell/Operational,,Microsoft-Windows-PowerShell
T1098,False,Account Manipulation,persistence,command,command execution,DeviceProcessEvents,DeviceProcessEvents,,,Microsoft Defender for Endpoint
T1098,False,Account Manipulation,persistence,active directory,active directory object modification,5136,A directory service object was modified.,Security,Directory Service Changes,Microsoft-Windows-Security-Auditing
T1098,False,Account Manipulation,persistence,active directory,active directory object modification,5139,A directory service object was moved.,Security,Directory Service Changes,Microsoft-Windows-Security-Auditing
T1098,False,Account Manipulation,persistence,active directory,active directory object modification,4719,System audit policy was changed.,Security,Policy Change,Microsoft-Windows-Security-Auditing
T1098,False,Account Manipulation,persistence,file,file modification,4670,Permissions on an object were changed.,Security,File System,Microsoft-Windows-Security-Auditing
T1098,False,Account Manipulation,persistence,file,file modification,DeviceFileEvents,DeviceFileEvents,,,Microsoft Defender for Endpoint
T1098,False,Account Manipulation,persistence,file,file modification,2,A process changed a file creation time.,Microsoft-Windows-Sysmon/Operational,,Microsoft-Windows-Sysmon
T1098,False,Account Manipulation,persistence,file,file modification,11,FileCreate.,Microsoft-Windows-Sysmon/Operational,,Microsoft-Windows-Sysmon
T1092,,Communication Through Removable Media,command-and-control,drive,drive creation,6423,The installation of this device is forbidden by system policy.,Security,PNP Activity,Microsoft-Windows-Security-Auditing
T1092,,Communication Through Removable Media,command-and-control,drive,drive creation,6416,A new external device was recognized by the system.,Security,PNP Activity,Microsoft-Windows-Security-Auditing
T1092,,Communication Through Removable Media,command-and-control,drive,drive creation,6424,"The installation of this device was allowed, after having previously been forbidden by policy.",Security,PNP Activity,Microsoft-Windows-Security-Auditing
T1091,,Replication Through Removable Media,lateral-movement;initial-access,drive,drive creation,6423,The installation of this device is forbidden by system policy.,Security,PNP Activity,Microsoft-Windows-Security-Auditing
T1091,,Replication Through Removable Media,lateral-movement;initial-access,drive,drive creation,6416,A new external device was recognized by the system.,Security,PNP Activity,Microsoft-Windows-Security-Auditing
T1091,,Replication Through Removable Media,lateral-movement;initial-access,drive,drive creation,6424,"The installation of this device was allowed, after having previously been forbidden by policy.",Security,PNP Activity,Microsoft-Windows-Security-Auditing
T1091,,Replication Through Removable Media,lateral-movement;initial-access,file,file creation,DeviceFileEvents,DeviceFileEvents,,,Microsoft Defender for Endpoint
T1091,,Replication Through Removable Media,lateral-movement;initial-access,file,file creation,4663,An attempt was made to access an object.,Security,File System,Microsoft-Windows-Security-Auditing
T1091,,Replication Through Removable Media,lateral-movement;initial-access,file,file creation,11,FileCreate,Microsoft-Windows-Sysmon/Operational,,Microsoft-Windows-Sysmon
T1091,,Replication Through Removable Media,lateral-movement;initial-access,file,file access,4656,A handle to an object was requested.,Security,File System,Microsoft-Windows-Security-Auditing
T1091,,Replication Through Removable Media,lateral-movement;initial-access,file,file access,4663,An attempt was made to access an object.,Security,File System,Microsoft-Windows-Security-Auditing
T1091,,Replication Through Removable Media,lateral-movement;initial-access,file,file access,4661,A handle to an object was requested.,Security,SAM,Microsoft-Windows-Security-Auditing
T1091,,Replication Through Removable Media,lateral-movement;initial-access,process,process creation,4688,A new process has been created.,Security,Process Creation,Microsoft-Windows-Security-Auditing
T1091,,Replication Through Removable Media,lateral-movement;initial-access,process,process creation,1,Process Creation.,Microsoft-Windows-Sysmon/Operational,,Microsoft-Windows-Sysmon
T1091,,Replication Through Removable Media,lateral-movement;initial-access,process,process creation,DeviceProcessEvents,DeviceProcessEvents,,,Microsoft Defender for Endpoint
T1091,,Replication Through Removable Media,lateral-movement;initial-access,process,process creation,8,CreateRemoteThread.,Microsoft-Windows-Sysmon/Operational,,Microsoft-Windows-Sysmon
T1091,,Replication Through Removable Media,lateral-movement;initial-access,process,process creation,DeviceEvents,DeviceEvents,,,Microsoft Defender for Endpoint
T1090,,Proxy,command-and-control,network traffic,network connection creation,5156,The Windows Filtering Platform has permitted a connection.,Security,Filtering Platform Connection,Microsoft-Windows-Security-Auditing
T1090,,Proxy,command-and-control,network traffic,network connection creation,3,Network connection.,Microsoft-Windows-Sysmon/Operational,,Microsoft-Windows-Sysmon
T1090,,Proxy,command-and-control,network traffic,network connection creation,DeviceNetworkEvents,DeviceNetworkEvents,,,Microsoft Defender for Endpoint
T1090,,Proxy,command-and-control,network traffic,network connection creation,5157,The Windows Filtering Platform has blocked a connection.,Security,Filtering Platform Connection,Microsoft-Windows-Security-Auditing
T1090,,Proxy,command-and-control,network traffic,network connection creation,5154,The Windows Filtering Platform has permitted an application or service to listen on a port for incoming connections.,Security,Filtering Platform Connection,Microsoft-Windows-Security-Auditing
T1090,,Proxy,command-and-control,network traffic,network connection creation,5159,The Windows Filtering Platform has blocked a bind to a local port.,Security,Filtering Platform Connection,Microsoft-Windows-Security-Auditing
T1090,,Proxy,command-and-control,network traffic,network connection creation,5155,The Windows Filtering Platform has blocked an application or service from listening on a port for incoming connections.,Security,Filtering Platform Connection,Microsoft-Windows-Security-Auditing
T1090,,Proxy,command-and-control,network traffic,network connection creation,5031,The Windows Firewall Service blocked an application from accepting incoming connections on the network.,Security,Filtering Platform Connection,Microsoft-Windows-Security-Auditing
T1090,,Proxy,command-and-control,network traffic,network connection creation,DeviceEvents,DeviceEvents,,,Microsoft Defender for Endpoint
T1090,,Proxy,command-and-control,network traffic,network connection creation,5158,The Windows Filtering Platform has permitted a bind to a local port.,Security,Filtering Platform Connection,Microsoft-Windows-Security-Auditing
T1087,,Account Discovery,discovery,file,file access,4656,A handle to an object was requested.,Security,File System,Microsoft-Windows-Security-Auditing
T1087,,Account Discovery,discovery,file,file access,4663,An attempt was made to access an object.,Security,File System,Microsoft-Windows-Security-Auditing
T1087,,Account Discovery,discovery,file,file access,4661,A handle to an object was requested.,Security,SAM,Microsoft-Windows-Security-Auditing
T1087,,Account Discovery,discovery,process,process creation,4688,A new process has been created.,Security,Process Creation,Microsoft-Windows-Security-Auditing
T1087,,Account Discovery,discovery,process,process creation,1,Process Creation.,Microsoft-Windows-Sysmon/Operational,,Microsoft-Windows-Sysmon
T1087,,Account Discovery,discovery,process,process creation,DeviceProcessEvents,DeviceProcessEvents,,,Microsoft Defender for Endpoint
T1087,,Account Discovery,discovery,process,process creation,8,CreateRemoteThread.,Microsoft-Windows-Sysmon/Operational,,Microsoft-Windows-Sysmon
T1087,,Account Discovery,discovery,process,process creation,DeviceEvents,DeviceEvents,,,Microsoft Defender for Endpoint
T1087,,Account Discovery,discovery,command,command execution,4688,A new process has been created.,Security,Process Creation,Microsoft-Windows-Security-Auditing
T1087,,Account Discovery,discovery,command,command execution,1,Process Creation.,Microsoft-Windows-Sysmon/Operational,,Microsoft-Windows-Sysmon
T1087,,Account Discovery,discovery,command,command execution,4103,Module logging.,Microsoft-Windows-PowerShell/Operational,,Microsoft-Windows-PowerShell
T1087,,Account Discovery,discovery,command,command execution,DeviceProcessEvents,DeviceProcessEvents,,,Microsoft Defender for Endpoint
T1083,False,File and Directory Discovery,discovery,process,os api execution,8,CreateRemoteThread.,Microsoft-Windows-Sysmon/Operational,,Microsoft-Windows-Sysmon
T1083,False,File and Directory Discovery,discovery,process,os api execution,DeviceEvents,DeviceEvents,,,Microsoft Defender for Endpoint
T1083,False,File and Directory Discovery,discovery,process,process creation,4688,A new process has been created.,Security,Process Creation,Microsoft-Windows-Security-Auditing
T1083,False,File and Directory Discovery,discovery,process,process creation,1,Process Creation.,Microsoft-Windows-Sysmon/Operational,,Microsoft-Windows-Sysmon
T1083,False,File and Directory Discovery,discovery,process,process creation,DeviceProcessEvents,DeviceProcessEvents,,,Microsoft Defender for Endpoint
T1083,False,File and Directory Discovery,discovery,process,process creation,8,CreateRemoteThread.,Microsoft-Windows-Sysmon/Operational,,Microsoft-Windows-Sysmon
T1083,False,File and Directory Discovery,discovery,process,process creation,DeviceEvents,DeviceEvents,,,Microsoft Defender for Endpoint
T1083,False,File and Directory Discovery,discovery,command,command execution,4688,A new process has been created.,Security,Process Creation,Microsoft-Windows-Security-Auditing
T1083,False,File and Directory Discovery,discovery,command,command execution,1,Process Creation.,Microsoft-Windows-Sysmon/Operational,,Microsoft-Windows-Sysmon
T1083,False,File and Directory Discovery,discovery,command,command execution,4103,Module logging.,Microsoft-Windows-PowerShell/Operational,,Microsoft-Windows-PowerShell
T1083,False,File and Directory Discovery,discovery,command,command execution,DeviceProcessEvents,DeviceProcessEvents,,,Microsoft Defender for Endpoint
T1082,False,System Information Discovery,discovery,command,command execution,4688,A new process has been created.,Security,Process Creation,Microsoft-Windows-Security-Auditing
T1082,False,System Information Discovery,discovery,command,command execution,1,Process Creation.,Microsoft-Windows-Sysmon/Operational,,Microsoft-Windows-Sysmon
T1082,False,System Information Discovery,discovery,command,command execution,4103,Module logging.,Microsoft-Windows-PowerShell/Operational,,Microsoft-Windows-PowerShell
T1082,False,System Information Discovery,discovery,command,command execution,DeviceProcessEvents,DeviceProcessEvents,,,Microsoft Defender for Endpoint
T1082,False,System Information Discovery,discovery,process,os api execution,8,CreateRemoteThread.,Microsoft-Windows-Sysmon/Operational,,Microsoft-Windows-Sysmon
T1082,False,System Information Discovery,discovery,process,os api execution,DeviceEvents,DeviceEvents,,,Microsoft Defender for Endpoint
T1082,False,System Information Discovery,discovery,process,process creation,4688,A new process has been created.,Security,Process Creation,Microsoft-Windows-Security-Auditing
T1082,False,System Information Discovery,discovery,process,process creation,1,Process Creation.,Microsoft-Windows-Sysmon/Operational,,Microsoft-Windows-Sysmon
T1082,False,System Information Discovery,discovery,process,process creation,DeviceProcessEvents,DeviceProcessEvents,,,Microsoft Defender for Endpoint
T1082,False,System Information Discovery,discovery,process,process creation,8,CreateRemoteThread.,Microsoft-Windows-Sysmon/Operational,,Microsoft-Windows-Sysmon
T1082,False,System Information Discovery,discovery,process,process creation,DeviceEvents,DeviceEvents,,,Microsoft Defender for Endpoint
T1080,,Taint Shared Content,lateral-movement,file,file creation,DeviceFileEvents,DeviceFileEvents,,,Microsoft Defender for Endpoint
T1080,,Taint Shared Content,lateral-movement,file,file creation,4663,An attempt was made to access an object.,Security,File System,Microsoft-Windows-Security-Auditing
T1080,,Taint Shared Content,lateral-movement,file,file creation,11,FileCreate,Microsoft-Windows-Sysmon/Operational,,Microsoft-Windows-Sysmon
T1080,,Taint Shared Content,lateral-movement,file,file modification,4670,Permissions on an object were changed.,Security,File System,Microsoft-Windows-Security-Auditing
T1080,,Taint Shared Content,lateral-movement,file,file modification,DeviceFileEvents,DeviceFileEvents,,,Microsoft Defender for Endpoint
T1080,,Taint Shared Content,lateral-movement,file,file modification,2,A process changed a file creation time.,Microsoft-Windows-Sysmon/Operational,,Microsoft-Windows-Sysmon
T1080,,Taint Shared Content,lateral-movement,file,file modification,11,FileCreate.,Microsoft-Windows-Sysmon/Operational,,Microsoft-Windows-Sysmon
T1080,,Taint Shared Content,lateral-movement,process,process creation,4688,A new process has been created.,Security,Process Creation,Microsoft-Windows-Security-Auditing
T1080,,Taint Shared Content,lateral-movement,process,process creation,1,Process Creation.,Microsoft-Windows-Sysmon/Operational,,Microsoft-Windows-Sysmon
T1080,,Taint Shared Content,lateral-movement,process,process creation,DeviceProcessEvents,DeviceProcessEvents,,,Microsoft Defender for Endpoint
T1080,,Taint Shared Content,lateral-movement,process,process creation,8,CreateRemoteThread.,Microsoft-Windows-Sysmon/Operational,,Microsoft-Windows-Sysmon
T1080,,Taint Shared Content,lateral-movement,process,process creation,DeviceEvents,DeviceEvents,,,Microsoft Defender for Endpoint
T1080,,Taint Shared Content,lateral-movement,network share,network share access,5140,A network share object was accessed.,Security,File Share,Microsoft-Windows-Security-Auditing
T1080,,Taint Shared Content,lateral-movement,network share,network share access,5145,A network share object was checked to see whether client can be granted desired access.,Security,Detailed File Share,Microsoft-Windows-Security-Auditing
T1080,,Taint Shared Content,lateral-movement,network share,network share access,DeviceLogonEvents,DeviceLogonEvents,,,Microsoft Defender for Endpoint
T1078,False,Valid Accounts,defense-evasion;persistence;privilege-escalation;initial-access,logon session,logon session creation,4624,An account was successfully logged on.,Security,Logon,Microsoft-Windows-Security-Auditing
T1078,False,Valid Accounts,defense-evasion;persistence;privilege-escalation;initial-access,logon session,logon session creation,4778,A session was reconnected to a Window Station.,Security,Other Logon/Logoff Events,Microsoft-Windows-Security-Auditing
T1078,False,Valid Accounts,defense-evasion;persistence;privilege-escalation;initial-access,logon session,logon session creation,DeviceLogonEvents,DeviceLogonEvents,,,Microsoft Defender for Endpoint
T1078,False,Valid Accounts,defense-evasion;persistence;privilege-escalation;initial-access,logon session,logon session creation,4964,Special groups have been assigned to a new logon.,Security,Special Logon,Microsoft-Windows-Security-Auditing
T1078,False,Valid Accounts,defense-evasion;persistence;privilege-escalation;initial-access,logon session,logon session metadata,4703,A token right was adjusted.,Security,Authorization Policy Change,Microsoft-Windows-Security-Auditing
T1078,False,Valid Accounts,defense-evasion;persistence;privilege-escalation;initial-access,logon session,logon session metadata,4673,A privileged service was called.,Security,Sensitive Privilege Use,Microsoft-Windows-Security-Auditing
T1078,False,Valid Accounts,defense-evasion;persistence;privilege-escalation;initial-access,logon session,logon session metadata,4674,An operation was attempted on a privileged object.,Security,Sensitive Privilege Use,Microsoft-Windows-Security-Auditing
T1078,False,Valid Accounts,defense-evasion;persistence;privilege-escalation;initial-access,logon session,logon session metadata,4610,An authentication package has been loaded by the Local Security Authority.,Security,Security System Extension,Microsoft-Windows-Security-Auditing
T1078,False,Valid Accounts,defense-evasion;persistence;privilege-escalation;initial-access,logon session,logon session metadata,4611,A trusted logon process has been registered with the Local Security Authority.,Security,Security System Extension,Microsoft-Windows-Security-Auditing
T1078,False,Valid Accounts,defense-evasion;persistence;privilege-escalation;initial-access,logon session,logon session metadata,4614,A notification package has been loaded by the Security Account Manager.,Security,Security System Extension,Microsoft-Windows-Security-Auditing
T1078,False,Valid Accounts,defense-evasion;persistence;privilege-escalation;initial-access,logon session,logon session metadata,4622,A security package has been loaded by the Local Security Authority.,Security,Security System Extension,Microsoft-Windows-Security-Auditing
T1078,False,Valid Accounts,defense-evasion;persistence;privilege-escalation;initial-access,user account,user account authentication,4624,An account was successfully logged on.,Security,Logon,Microsoft-Windows-Security-Auditing
T1078,False,Valid Accounts,defense-evasion;persistence;privilege-escalation;initial-access,user account,user account authentication,4625,An account failed to log on.,Security,Account Lockout,Microsoft-Windows-Security-Auditing
T1078,False,Valid Accounts,defense-evasion;persistence;privilege-escalation;initial-access,user account,user account authentication,4648,A logon was attempted using explicit credentials.,Security,Logon,Microsoft-Windows-Security-Auditing
T1078,False,Valid Accounts,defense-evasion;persistence;privilege-escalation;initial-access,user account,user account authentication,DeviceLogonEvents,DeviceLogonEvents,,,Microsoft Defender for Endpoint
T1078,False,Valid Accounts,defense-evasion;persistence;privilege-escalation;initial-access,user account,user account authentication,4776,The domain controller or local computer attempted to validate the credentials for an account.,Security,Credential Validation,Microsoft-Windows-Security-Auditing
T1074,,Data Staged,collection,windows registry,windows registry key modification,13,RegistryEvent (Value Set).,Microsoft-Windows-Sysmon/Operational,,Microsoft-Windows-Sysmon
T1074,,Data Staged,collection,windows registry,windows registry key modification,14,RegistryEvent (Key and Value Rename).,Microsoft-Windows-Sysmon/Operational,,Microsoft-Windows-Sysmon
T1074,,Data Staged,collection,windows registry,windows registry key modification,4657,A registry value was modified.,Security,Registry,Microsoft-Windows-Security-Auditing
T1074,,Data Staged,collection,windows registry,windows registry key modification,4670,Permissions on an object were changed.,Security,Registry,Microsoft-Windows-Security-Auditing
T1074,,Data Staged,collection,windows registry,windows registry key modification,DeviceRegistryEvents,DeviceRegistryEvents,,,Microsoft Defender for Endpoint
T1074,,Data Staged,collection,file,file creation,DeviceFileEvents,DeviceFileEvents,,,Microsoft Defender for Endpoint
T1074,,Data Staged,collection,file,file creation,4663,An attempt was made to access an object.,Security,File System,Microsoft-Windows-Security-Auditing
T1074,,Data Staged,collection,file,file creation,11,FileCreate,Microsoft-Windows-Sysmon/Operational,,Microsoft-Windows-Sysmon
T1074,,Data Staged,collection,file,file access,4656,A handle to an object was requested.,Security,File System,Microsoft-Windows-Security-Auditing
T1074,,Data Staged,collection,file,file access,4663,An attempt was made to access an object.,Security,File System,Microsoft-Windows-Security-Auditing
T1074,,Data Staged,collection,file,file access,4661,A handle to an object was requested.,Security,SAM,Microsoft-Windows-Security-Auditing
T1074,,Data Staged,collection,command,command execution,4688,A new process has been created.,Security,Process Creation,Microsoft-Windows-Security-Auditing
T1074,,Data Staged,collection,command,command execution,1,Process Creation.,Microsoft-Windows-Sysmon/Operational,,Microsoft-Windows-Sysmon
T1074,,Data Staged,collection,command,command execution,4103,Module logging.,Microsoft-Windows-PowerShell/Operational,,Microsoft-Windows-PowerShell
T1074,,Data Staged,collection,command,command execution,DeviceProcessEvents,DeviceProcessEvents,,,Microsoft Defender for Endpoint
T1072,,Software Deployment Tools,execution;lateral-movement,process,process creation,4688,A new process has been created.,Security,Process Creation,Microsoft-Windows-Security-Auditing
T1072,,Software Deployment Tools,execution;lateral-movement,process,process creation,1,Process Creation.,Microsoft-Windows-Sysmon/Operational,,Microsoft-Windows-Sysmon
T1072,,Software Deployment Tools,execution;lateral-movement,process,process creation,DeviceProcessEvents,DeviceProcessEvents,,,Microsoft Defender for Endpoint
T1072,,Software Deployment Tools,execution;lateral-movement,process,process creation,8,CreateRemoteThread.,Microsoft-Windows-Sysmon/Operational,,Microsoft-Windows-Sysmon
T1072,,Software Deployment Tools,execution;lateral-movement,process,process creation,DeviceEvents,DeviceEvents,,,Microsoft Defender for Endpoint
T1070,,Indicator Removal on Host,defense-evasion,process,os api execution,8,CreateRemoteThread.,Microsoft-Windows-Sysmon/Operational,,Microsoft-Windows-Sysmon
T1070,,Indicator Removal on Host,defense-evasion,process,os api execution,DeviceEvents,DeviceEvents,,,Microsoft Defender for Endpoint
T1070,,Indicator Removal on Host,defense-evasion,process,process creation,4688,A new process has been created.,Security,Process Creation,Microsoft-Windows-Security-Auditing
T1070,,Indicator Removal on Host,defense-evasion,process,process creation,1,Process Creation.,Microsoft-Windows-Sysmon/Operational,,Microsoft-Windows-Sysmon
T1070,,Indicator Removal on Host,defense-evasion,process,process creation,DeviceProcessEvents,DeviceProcessEvents,,,Microsoft Defender for Endpoint
T1070,,Indicator Removal on Host,defense-evasion,process,process creation,8,CreateRemoteThread.,Microsoft-Windows-Sysmon/Operational,,Microsoft-Windows-Sysmon
T1070,,Indicator Removal on Host,defense-evasion,process,process creation,DeviceEvents,DeviceEvents,,,Microsoft Defender for Endpoint
T1070,,Indicator Removal on Host,defense-evasion,file,file modification,4670,Permissions on an object were changed.,Security,File System,Microsoft-Windows-Security-Auditing
T1070,,Indicator Removal on Host,defense-evasion,file,file modification,DeviceFileEvents,DeviceFileEvents,,,Microsoft Defender for Endpoint
T1070,,Indicator Removal on Host,defense-evasion,file,file modification,2,A process changed a file creation time.,Microsoft-Windows-Sysmon/Operational,,Microsoft-Windows-Sysmon
T1070,,Indicator Removal on Host,defense-evasion,file,file modification,11,FileCreate.,Microsoft-Windows-Sysmon/Operational,,Microsoft-Windows-Sysmon
T1070,,Indicator Removal on Host,defense-evasion,file,file deletion,23,File Delete archived.,Microsoft-Windows-Sysmon/Operational,,Microsoft-Windows-Sysmon
T1070,,Indicator Removal on Host,defense-evasion,file,file deletion,26,File Delete logged.,Microsoft-Windows-Sysmon/Operational,,Microsoft-Windows-Sysmon
T1070,,Indicator Removal on Host,defense-evasion,file,file deletion,4660,An object was deleted.,Security,File System,Microsoft-Windows-Security-Auditing
T1070,,Indicator Removal on Host,defense-evasion,file,file deletion,4663,An attempt was made to access an object.,Security,File System,Microsoft-Windows-Security-Auditing
T1070,,Indicator Removal on Host,defense-evasion,file,file deletion,DeviceFileEvents,DeviceFileEvents,,,Microsoft Defender for Endpoint
T1070,,Indicator Removal on Host,defense-evasion,windows registry,windows registry key deletion,12,RegistryEvent (Object create and delete).,Microsoft-Windows-Sysmon/Operational,,Microsoft-Windows-Sysmon
T1070,,Indicator Removal on Host,defense-evasion,windows registry,windows registry key deletion,DeviceRegistryEvents,DeviceRegistryEvents,,,Microsoft Defender for Endpoint
T1070,,Indicator Removal on Host,defense-evasion,windows registry,windows registry key deletion,4657,A registry value was modified.,Security,Registry,Microsoft-Windows-Security-Auditing
T1070,,Indicator Removal on Host,defense-evasion,windows registry,windows registry key deletion,4660,An object was deleted.,Security,Registry,Microsoft-Windows-Security-Auditing
T1070,,Indicator Removal on Host,defense-evasion,windows registry,windows registry key modification,13,RegistryEvent (Value Set).,Microsoft-Windows-Sysmon/Operational,,Microsoft-Windows-Sysmon
T1070,,Indicator Removal on Host,defense-evasion,windows registry,windows registry key modification,14,RegistryEvent (Key and Value Rename).,Microsoft-Windows-Sysmon/Operational,,Microsoft-Windows-Sysmon
T1070,,Indicator Removal on Host,defense-evasion,windows registry,windows registry key modification,4657,A registry value was modified.,Security,Registry,Microsoft-Windows-Security-Auditing
T1070,,Indicator Removal on Host,defense-evasion,windows registry,windows registry key modification,4670,Permissions on an object were changed.,Security,Registry,Microsoft-Windows-Security-Auditing
T1070,,Indicator Removal on Host,defense-evasion,windows registry,windows registry key modification,DeviceRegistryEvents,DeviceRegistryEvents,,,Microsoft Defender for Endpoint
T1070,,Indicator Removal on Host,defense-evasion,command,command execution,4688,A new process has been created.,Security,Process Creation,Microsoft-Windows-Security-Auditing
T1070,,Indicator Removal on Host,defense-evasion,command,command execution,1,Process Creation.,Microsoft-Windows-Sysmon/Operational,,Microsoft-Windows-Sysmon
T1070,,Indicator Removal on Host,defense-evasion,command,command execution,4103,Module logging.,Microsoft-Windows-PowerShell/Operational,,Microsoft-Windows-PowerShell
T1070,,Indicator Removal on Host,defense-evasion,command,command execution,DeviceProcessEvents,DeviceProcessEvents,,,Microsoft Defender for Endpoint
T1070,,Indicator Removal on Host,defense-evasion,user account,user account authentication,4624,An account was successfully logged on.,Security,Logon,Microsoft-Windows-Security-Auditing
T1070,,Indicator Removal on Host,defense-evasion,user account,user account authentication,4625,An account failed to log on.,Security,Account Lockout,Microsoft-Windows-Security-Auditing
T1070,,Indicator Removal on Host,defense-evasion,user account,user account authentication,4648,A logon was attempted using explicit credentials.,Security,Logon,Microsoft-Windows-Security-Auditing
T1070,,Indicator Removal on Host,defense-evasion,user account,user account authentication,DeviceLogonEvents,DeviceLogonEvents,,,Microsoft Defender for Endpoint
T1070,,Indicator Removal on Host,defense-evasion,user account,user account authentication,4776,The domain controller or local computer attempted to validate the credentials for an account.,Security,Credential Validation,Microsoft-Windows-Security-Auditing
T1069,,Permission Groups Discovery,discovery,command,command execution,4688,A new process has been created.,Security,Process Creation,Microsoft-Windows-Security-Auditing
T1069,,Permission Groups Discovery,discovery,command,command execution,1,Process Creation.,Microsoft-Windows-Sysmon/Operational,,Microsoft-Windows-Sysmon
T1069,,Permission Groups Discovery,discovery,command,command execution,4103,Module logging.,Microsoft-Windows-PowerShell/Operational,,Microsoft-Windows-PowerShell
T1069,,Permission Groups Discovery,discovery,command,command execution,DeviceProcessEvents,DeviceProcessEvents,,,Microsoft Defender for Endpoint
T1069,,Permission Groups Discovery,discovery,group,group enumeration,4798,A user's local group membership was enumerated.,Security,User Account Management,Microsoft-Windows-Security-Auditing
T1069,,Permission Groups Discovery,discovery,group,group enumeration,4799,A security-enabled local group membership was enumerated.,Security,Security Group Management,Microsoft-Windows-Security-Auditing
T1069,,Permission Groups Discovery,discovery,process,process creation,4688,A new process has been created.,Security,Process Creation,Microsoft-Windows-Security-Auditing
T1069,,Permission Groups Discovery,discovery,process,process creation,1,Process Creation.,Microsoft-Windows-Sysmon/Operational,,Microsoft-Windows-Sysmon
T1069,,Permission Groups Discovery,discovery,process,process creation,DeviceProcessEvents,DeviceProcessEvents,,,Microsoft Defender for Endpoint
T1069,,Permission Groups Discovery,discovery,process,process creation,8,CreateRemoteThread.,Microsoft-Windows-Sysmon/Operational,,Microsoft-Windows-Sysmon
T1069,,Permission Groups Discovery,discovery,process,process creation,DeviceEvents,DeviceEvents,,,Microsoft Defender for Endpoint
T1068,,Exploitation for Privilege Escalation,privilege-escalation,driver,driver load,6,Driver loaded.,Microsoft-Windows-Sysmon/Operational,,Microsoft-Windows-Sysmon
T1068,,Exploitation for Privilege Escalation,privilege-escalation,driver,driver load,DeviceEvents,DeviceEvents,,,Microsoft Defender for Endpoint
T1059,False,Command and Scripting Interpreter,execution,process,process metadata,5,Process terminated.,Microsoft-Windows-Sysmon/Operational,,Microsoft-Windows-Sysmon
T1059,False,Command and Scripting Interpreter,execution,process,process metadata,30,EventID(30),,,Microsoft-Windows-LDAP-Client/Debug
T1059,False,Command and Scripting Interpreter,execution,process,process metadata,DeviceEvents,DeviceEvents,,,Microsoft Defender for Endpoint
T1059,False,Command and Scripting Interpreter,execution,process,process creation,4688,A new process has been created.,Security,Process Creation,Microsoft-Windows-Security-Auditing
T1059,False,Command and Scripting Interpreter,execution,process,process creation,1,Process Creation.,Microsoft-Windows-Sysmon/Operational,,Microsoft-Windows-Sysmon
T1059,False,Command and Scripting Interpreter,execution,process,process creation,DeviceProcessEvents,DeviceProcessEvents,,,Microsoft Defender for Endpoint
T1059,False,Command and Scripting Interpreter,execution,process,process creation,8,CreateRemoteThread.,Microsoft-Windows-Sysmon/Operational,,Microsoft-Windows-Sysmon
T1059,False,Command and Scripting Interpreter,execution,process,process creation,DeviceEvents,DeviceEvents,,,Microsoft Defender for Endpoint
T1059,False,Command and Scripting Interpreter,execution,command,command execution,4688,A new process has been created.,Security,Process Creation,Microsoft-Windows-Security-Auditing
T1059,False,Command and Scripting Interpreter,execution,command,command execution,1,Process Creation.,Microsoft-Windows-Sysmon/Operational,,Microsoft-Windows-Sysmon
T1059,False,Command and Scripting Interpreter,execution,command,command execution,4103,Module logging.,Microsoft-Windows-PowerShell/Operational,,Microsoft-Windows-PowerShell
T1059,False,Command and Scripting Interpreter,execution,command,command execution,DeviceProcessEvents,DeviceProcessEvents,,,Microsoft Defender for Endpoint
T1059,False,Command and Scripting Interpreter,execution,script,script execution,4103,Module logging.,Microsoft-Windows-PowerShell/Operational,,Microsoft-Windows-PowerShell
T1059,False,Command and Scripting Interpreter,execution,script,script execution,4104,Script Block Logging.,Microsoft-Windows-PowerShell/Operational,,Microsoft-Windows-PowerShell
T1059,False,Command and Scripting Interpreter,execution,script,script execution,DeviceEvents,DeviceEvents,,,Microsoft Defender for Endpoint
T1059,False,Command and Scripting Interpreter,execution,module,module load,7,Image loaded.,Microsoft-Windows-Sysmon/Operational,,Microsoft-Windows-Sysmon
T1059,False,Command and Scripting Interpreter,execution,module,module load,DeviceImageLoadEvents,DeviceImageLoadEvents,,,Microsoft Defender for Endpoint
T1057,,Process Discovery,discovery,process,os api execution,8,CreateRemoteThread.,Microsoft-Windows-Sysmon/Operational,,Microsoft-Windows-Sysmon
T1057,,Process Discovery,discovery,process,os api execution,DeviceEvents,DeviceEvents,,,Microsoft Defender for Endpoint
T1057,,Process Discovery,discovery,process,process creation,4688,A new process has been created.,Security,Process Creation,Microsoft-Windows-Security-Auditing
T1057,,Process Discovery,discovery,process,process creation,1,Process Creation.,Microsoft-Windows-Sysmon/Operational,,Microsoft-Windows-Sysmon
T1057,,Process Discovery,discovery,process,process creation,DeviceProcessEvents,DeviceProcessEvents,,,Microsoft Defender for Endpoint
T1057,,Process Discovery,discovery,process,process creation,8,CreateRemoteThread.,Microsoft-Windows-Sysmon/Operational,,Microsoft-Windows-Sysmon
T1057,,Process Discovery,discovery,process,process creation,DeviceEvents,DeviceEvents,,,Microsoft Defender for Endpoint
T1057,,Process Discovery,discovery,command,command execution,4688,A new process has been created.,Security,Process Creation,Microsoft-Windows-Security-Auditing
T1057,,Process Discovery,discovery,command,command execution,1,Process Creation.,Microsoft-Windows-Sysmon/Operational,,Microsoft-Windows-Sysmon
T1057,,Process Discovery,discovery,command,command execution,4103,Module logging.,Microsoft-Windows-PowerShell/Operational,,Microsoft-Windows-PowerShell
T1057,,Process Discovery,discovery,command,command execution,DeviceProcessEvents,DeviceProcessEvents,,,Microsoft Defender for Endpoint
T1056,,Input Capture,collection;credential-access,process,process metadata,5,Process terminated.,Microsoft-Windows-Sysmon/Operational,,Microsoft-Windows-Sysmon
T1056,,Input Capture,collection;credential-access,process,process metadata,30,EventID(30),,,Microsoft-Windows-LDAP-Client/Debug
T1056,,Input Capture,collection;credential-access,process,process metadata,DeviceEvents,DeviceEvents,,,Microsoft Defender for Endpoint
T1056,,Input Capture,collection;credential-access,process,process creation,4688,A new process has been created.,Security,Process Creation,Microsoft-Windows-Security-Auditing
T1056,,Input Capture,collection;credential-access,process,process creation,1,Process Creation.,Microsoft-Windows-Sysmon/Operational,,Microsoft-Windows-Sysmon
T1056,,Input Capture,collection;credential-access,process,process creation,DeviceProcessEvents,DeviceProcessEvents,,,Microsoft Defender for Endpoint
T1056,,Input Capture,collection;credential-access,process,process creation,8,CreateRemoteThread.,Microsoft-Windows-Sysmon/Operational,,Microsoft-Windows-Sysmon
T1056,,Input Capture,collection;credential-access,process,process creation,DeviceEvents,DeviceEvents,,,Microsoft Defender for Endpoint
T1056,,Input Capture,collection;credential-access,process,os api execution,8,CreateRemoteThread.,Microsoft-Windows-Sysmon/Operational,,Microsoft-Windows-Sysmon
T1056,,Input Capture,collection;credential-access,process,os api execution,DeviceEvents,DeviceEvents,,,Microsoft Defender for Endpoint
T1056,,Input Capture,collection;credential-access,file,file modification,4670,Permissions on an object were changed.,Security,File System,Microsoft-Windows-Security-Auditing
T1056,,Input Capture,collection;credential-access,file,file modification,DeviceFileEvents,DeviceFileEvents,,,Microsoft Defender for Endpoint
T1056,,Input Capture,collection;credential-access,file,file modification,2,A process changed a file creation time.,Microsoft-Windows-Sysmon/Operational,,Microsoft-Windows-Sysmon
T1056,,Input Capture,collection;credential-access,file,file modification,11,FileCreate.,Microsoft-Windows-Sysmon/Operational,,Microsoft-Windows-Sysmon
T1056,,Input Capture,collection;credential-access,windows registry,windows registry key modification,13,RegistryEvent (Value Set).,Microsoft-Windows-Sysmon/Operational,,Microsoft-Windows-Sysmon
T1056,,Input Capture,collection;credential-access,windows registry,windows registry key modification,14,RegistryEvent (Key and Value Rename).,Microsoft-Windows-Sysmon/Operational,,Microsoft-Windows-Sysmon
T1056,,Input Capture,collection;credential-access,windows registry,windows registry key modification,4657,A registry value was modified.,Security,Registry,Microsoft-Windows-Security-Auditing
T1056,,Input Capture,collection;credential-access,windows registry,windows registry key modification,4670,Permissions on an object were changed.,Security,Registry,Microsoft-Windows-Security-Auditing
T1056,,Input Capture,collection;credential-access,windows registry,windows registry key modification,DeviceRegistryEvents,DeviceRegistryEvents,,,Microsoft Defender for Endpoint
T1056,,Input Capture,collection;credential-access,driver,driver load,6,Driver loaded.,Microsoft-Windows-Sysmon/Operational,,Microsoft-Windows-Sysmon
T1056,,Input Capture,collection;credential-access,driver,driver load,DeviceEvents,DeviceEvents,,,Microsoft Defender for Endpoint
T1055,,Process Injection,defense-evasion;privilege-escalation,module,module load,7,Image loaded.,Microsoft-Windows-Sysmon/Operational,,Microsoft-Windows-Sysmon
T1055,,Process Injection,defense-evasion;privilege-escalation,module,module load,DeviceImageLoadEvents,DeviceImageLoadEvents,,,Microsoft Defender for Endpoint
T1055,,Process Injection,defense-evasion;privilege-escalation,file,file modification,4670,Permissions on an object were changed.,Security,File System,Microsoft-Windows-Security-Auditing
T1055,,Process Injection,defense-evasion;privilege-escalation,file,file modification,DeviceFileEvents,DeviceFileEvents,,,Microsoft Defender for Endpoint
T1055,,Process Injection,defense-evasion;privilege-escalation,file,file modification,2,A process changed a file creation time.,Microsoft-Windows-Sysmon/Operational,,Microsoft-Windows-Sysmon
T1055,,Process Injection,defense-evasion;privilege-escalation,file,file modification,11,FileCreate.,Microsoft-Windows-Sysmon/Operational,,Microsoft-Windows-Sysmon
T1055,,Process Injection,defense-evasion;privilege-escalation,process,process modification,8,CreateRemoteThread.,Microsoft-Windows-Sysmon/Operational,,Microsoft-Windows-Sysmon
T1055,,Process Injection,defense-evasion;privilege-escalation,process,process modification,DeviceEvents,DeviceEvents,,,Microsoft Defender for Endpoint
T1055,,Process Injection,defense-evasion;privilege-escalation,process,os api execution,8,CreateRemoteThread.,Microsoft-Windows-Sysmon/Operational,,Microsoft-Windows-Sysmon
T1055,,Process Injection,defense-evasion;privilege-escalation,process,os api execution,DeviceEvents,DeviceEvents,,,Microsoft Defender for Endpoint
T1055,,Process Injection,defense-evasion;privilege-escalation,process,process access,4663,An attempt was made to access an object.,Security,Kernel Object,Microsoft-Windows-Security-Auditing
T1055,,Process Injection,defense-evasion;privilege-escalation,process,process access,DeviceEvents,DeviceEvents,,,Microsoft Defender for Endpoint
T1055,,Process Injection,defense-evasion;privilege-escalation,process,process access,4656,A handle to an object was requested.,Security,Kernel Object,Microsoft-Windows-Security-Auditing
T1055,,Process Injection,defense-evasion;privilege-escalation,process,process access,10,Process Access.,Microsoft-Windows-Sysmon/Operational,,Microsoft-Windows-Sysmon
T1055,,Process Injection,defense-evasion;privilege-escalation,process,process access,10,ProcessAccess,Microsoft-Windows-Sysmon/Operational,,Microsoft-Windows-Sysmon
T1053,False,Scheduled Task/Job,execution;persistence;privilege-escalation,scheduled job,scheduled job creation,4698,A scheduled task was created.,Security,Other Object Access Events,Microsoft-Windows-Security-Auditing
T1053,False,Scheduled Task/Job,execution;persistence;privilege-escalation,scheduled job,scheduled job creation,DeviceEvents,DeviceEvents,,,Microsoft Defender for Endpoint
T1053,False,Scheduled Task/Job,execution;persistence;privilege-escalation,command,command execution,4688,A new process has been created.,Security,Process Creation,Microsoft-Windows-Security-Auditing
T1053,False,Scheduled Task/Job,execution;persistence;privilege-escalation,command,command execution,1,Process Creation.,Microsoft-Windows-Sysmon/Operational,,Microsoft-Windows-Sysmon
T1053,False,Scheduled Task/Job,execution;persistence;privilege-escalation,command,command execution,4103,Module logging.,Microsoft-Windows-PowerShell/Operational,,Microsoft-Windows-PowerShell
T1053,False,Scheduled Task/Job,execution;persistence;privilege-escalation,command,command execution,DeviceProcessEvents,DeviceProcessEvents,,,Microsoft Defender for Endpoint
T1053,False,Scheduled Task/Job,execution;persistence;privilege-escalation,process,process creation,4688,A new process has been created.,Security,Process Creation,Microsoft-Windows-Security-Auditing
T1053,False,Scheduled Task/Job,execution;persistence;privilege-escalation,process,process creation,1,Process Creation.,Microsoft-Windows-Sysmon/Operational,,Microsoft-Windows-Sysmon
T1053,False,Scheduled Task/Job,execution;persistence;privilege-escalation,process,process creation,DeviceProcessEvents,DeviceProcessEvents,,,Microsoft Defender for Endpoint
T1053,False,Scheduled Task/Job,execution;persistence;privilege-escalation,process,process creation,8,CreateRemoteThread.,Microsoft-Windows-Sysmon/Operational,,Microsoft-Windows-Sysmon
T1053,False,Scheduled Task/Job,execution;persistence;privilege-escalation,process,process creation,DeviceEvents,DeviceEvents,,,Microsoft Defender for Endpoint
T1053,False,Scheduled Task/Job,execution;persistence;privilege-escalation,file,file modification,4670,Permissions on an object were changed.,Security,File System,Microsoft-Windows-Security-Auditing
T1053,False,Scheduled Task/Job,execution;persistence;privilege-escalation,file,file modification,DeviceFileEvents,DeviceFileEvents,,,Microsoft Defender for Endpoint
T1053,False,Scheduled Task/Job,execution;persistence;privilege-escalation,file,file modification,2,A process changed a file creation time.,Microsoft-Windows-Sysmon/Operational,,Microsoft-Windows-Sysmon
T1053,False,Scheduled Task/Job,execution;persistence;privilege-escalation,file,file modification,11,FileCreate.,Microsoft-Windows-Sysmon/Operational,,Microsoft-Windows-Sysmon
T1053,False,Scheduled Task/Job,execution;persistence;privilege-escalation,file,file creation,DeviceFileEvents,DeviceFileEvents,,,Microsoft Defender for Endpoint
T1053,False,Scheduled Task/Job,execution;persistence;privilege-escalation,file,file creation,4663,An attempt was made to access an object.,Security,File System,Microsoft-Windows-Security-Auditing
T1053,False,Scheduled Task/Job,execution;persistence;privilege-escalation,file,file creation,11,FileCreate,Microsoft-Windows-Sysmon/Operational,,Microsoft-Windows-Sysmon
T1052,,Exfiltration Over Physical Medium,exfiltration,process,process creation,4688,A new process has been created.,Security,Process Creation,Microsoft-Windows-Security-Auditing
T1052,,Exfiltration Over Physical Medium,exfiltration,process,process creation,1,Process Creation.,Microsoft-Windows-Sysmon/Operational,,Microsoft-Windows-Sysmon
T1052,,Exfiltration Over Physical Medium,exfiltration,process,process creation,DeviceProcessEvents,DeviceProcessEvents,,,Microsoft Defender for Endpoint
T1052,,Exfiltration Over Physical Medium,exfiltration,process,process creation,8,CreateRemoteThread.,Microsoft-Windows-Sysmon/Operational,,Microsoft-Windows-Sysmon
T1052,,Exfiltration Over Physical Medium,exfiltration,process,process creation,DeviceEvents,DeviceEvents,,,Microsoft Defender for Endpoint
T1052,,Exfiltration Over Physical Medium,exfiltration,file,file access,4656,A handle to an object was requested.,Security,File System,Microsoft-Windows-Security-Auditing
T1052,,Exfiltration Over Physical Medium,exfiltration,file,file access,4663,An attempt was made to access an object.,Security,File System,Microsoft-Windows-Security-Auditing
T1052,,Exfiltration Over Physical Medium,exfiltration,file,file access,4661,A handle to an object was requested.,Security,SAM,Microsoft-Windows-Security-Auditing
T1052,,Exfiltration Over Physical Medium,exfiltration,drive,drive creation,6423,The installation of this device is forbidden by system policy.,Security,PNP Activity,Microsoft-Windows-Security-Auditing
T1052,,Exfiltration Over Physical Medium,exfiltration,drive,drive creation,6416,A new external device was recognized by the system.,Security,PNP Activity,Microsoft-Windows-Security-Auditing
T1052,,Exfiltration Over Physical Medium,exfiltration,drive,drive creation,6424,"The installation of this device was allowed, after having previously been forbidden by policy.",Security,PNP Activity,Microsoft-Windows-Security-Auditing
T1052,,Exfiltration Over Physical Medium,exfiltration,command,command execution,4688,A new process has been created.,Security,Process Creation,Microsoft-Windows-Security-Auditing
T1052,,Exfiltration Over Physical Medium,exfiltration,command,command execution,1,Process Creation.,Microsoft-Windows-Sysmon/Operational,,Microsoft-Windows-Sysmon
T1052,,Exfiltration Over Physical Medium,exfiltration,command,command execution,4103,Module logging.,Microsoft-Windows-PowerShell/Operational,,Microsoft-Windows-PowerShell
T1052,,Exfiltration Over Physical Medium,exfiltration,command,command execution,DeviceProcessEvents,DeviceProcessEvents,,,Microsoft Defender for Endpoint
T1049,False,System Network Connections Discovery,discovery,command,command execution,4688,A new process has been created.,Security,Process Creation,Microsoft-Windows-Security-Auditing
T1049,False,System Network Connections Discovery,discovery,command,command execution,1,Process Creation.,Microsoft-Windows-Sysmon/Operational,,Microsoft-Windows-Sysmon
T1049,False,System Network Connections Discovery,discovery,command,command execution,4103,Module logging.,Microsoft-Windows-PowerShell/Operational,,Microsoft-Windows-PowerShell
T1049,False,System Network Connections Discovery,discovery,command,command execution,DeviceProcessEvents,DeviceProcessEvents,,,Microsoft Defender for Endpoint
T1049,False,System Network Connections Discovery,discovery,process,process creation,4688,A new process has been created.,Security,Process Creation,Microsoft-Windows-Security-Auditing
T1049,False,System Network Connections Discovery,discovery,process,process creation,1,Process Creation.,Microsoft-Windows-Sysmon/Operational,,Microsoft-Windows-Sysmon
T1049,False,System Network Connections Discovery,discovery,process,process creation,DeviceProcessEvents,DeviceProcessEvents,,,Microsoft Defender for Endpoint
T1049,False,System Network Connections Discovery,discovery,process,process creation,8,CreateRemoteThread.,Microsoft-Windows-Sysmon/Operational,,Microsoft-Windows-Sysmon
T1049,False,System Network Connections Discovery,discovery,process,process creation,DeviceEvents,DeviceEvents,,,Microsoft Defender for Endpoint
T1049,False,System Network Connections Discovery,discovery,process,os api execution,8,CreateRemoteThread.,Microsoft-Windows-Sysmon/Operational,,Microsoft-Windows-Sysmon
T1049,False,System Network Connections Discovery,discovery,process,os api execution,DeviceEvents,DeviceEvents,,,Microsoft Defender for Endpoint
T1048,,Exfiltration Over Alternative Protocol,exfiltration,file,file access,4656,A handle to an object was requested.,Security,File System,Microsoft-Windows-Security-Auditing
T1048,,Exfiltration Over Alternative Protocol,exfiltration,file,file access,4663,An attempt was made to access an object.,Security,File System,Microsoft-Windows-Security-Auditing
T1048,,Exfiltration Over Alternative Protocol,exfiltration,file,file access,4661,A handle to an object was requested.,Security,SAM,Microsoft-Windows-Security-Auditing
T1048,,Exfiltration Over Alternative Protocol,exfiltration,network traffic,network connection creation,5156,The Windows Filtering Platform has permitted a connection.,Security,Filtering Platform Connection,Microsoft-Windows-Security-Auditing
T1048,,Exfiltration Over Alternative Protocol,exfiltration,network traffic,network connection creation,3,Network connection.,Microsoft-Windows-Sysmon/Operational,,Microsoft-Windows-Sysmon
T1048,,Exfiltration Over Alternative Protocol,exfiltration,network traffic,network connection creation,DeviceNetworkEvents,DeviceNetworkEvents,,,Microsoft Defender for Endpoint
T1048,,Exfiltration Over Alternative Protocol,exfiltration,network traffic,network connection creation,5157,The Windows Filtering Platform has blocked a connection.,Security,Filtering Platform Connection,Microsoft-Windows-Security-Auditing
T1048,,Exfiltration Over Alternative Protocol,exfiltration,network traffic,network connection creation,5154,The Windows Filtering Platform has permitted an application or service to listen on a port for incoming connections.,Security,Filtering Platform Connection,Microsoft-Windows-Security-Auditing
T1048,,Exfiltration Over Alternative Protocol,exfiltration,network traffic,network connection creation,5159,The Windows Filtering Platform has blocked a bind to a local port.,Security,Filtering Platform Connection,Microsoft-Windows-Security-Auditing
T1048,,Exfiltration Over Alternative Protocol,exfiltration,network traffic,network connection creation,5155,The Windows Filtering Platform has blocked an application or service from listening on a port for incoming connections.,Security,Filtering Platform Connection,Microsoft-Windows-Security-Auditing
T1048,,Exfiltration Over Alternative Protocol,exfiltration,network traffic,network connection creation,5031,The Windows Firewall Service blocked an application from accepting incoming connections on the network.,Security,Filtering Platform Connection,Microsoft-Windows-Security-Auditing
T1048,,Exfiltration Over Alternative Protocol,exfiltration,network traffic,network connection creation,DeviceEvents,DeviceEvents,,,Microsoft Defender for Endpoint
T1048,,Exfiltration Over Alternative Protocol,exfiltration,network traffic,network connection creation,5158,The Windows Filtering Platform has permitted a bind to a local port.,Security,Filtering Platform Connection,Microsoft-Windows-Security-Auditing
T1048,,Exfiltration Over Alternative Protocol,exfiltration,command,command execution,4688,A new process has been created.,Security,Process Creation,Microsoft-Windows-Security-Auditing
T1048,,Exfiltration Over Alternative Protocol,exfiltration,command,command execution,1,Process Creation.,Microsoft-Windows-Sysmon/Operational,,Microsoft-Windows-Sysmon
T1048,,Exfiltration Over Alternative Protocol,exfiltration,command,command execution,4103,Module logging.,Microsoft-Windows-PowerShell/Operational,,Microsoft-Windows-PowerShell
T1048,,Exfiltration Over Alternative Protocol,exfiltration,command,command execution,DeviceProcessEvents,DeviceProcessEvents,,,Microsoft Defender for Endpoint
T1047,False,Windows Management Instrumentation,execution,process,process creation,4688,A new process has been created.,Security,Process Creation,Microsoft-Windows-Security-Auditing
T1047,False,Windows Management Instrumentation,execution,process,process creation,1,Process Creation.,Microsoft-Windows-Sysmon/Operational,,Microsoft-Windows-Sysmon
T1047,False,Windows Management Instrumentation,execution,process,process creation,DeviceProcessEvents,DeviceProcessEvents,,,Microsoft Defender for Endpoint
T1047,False,Windows Management Instrumentation,execution,process,process creation,8,CreateRemoteThread.,Microsoft-Windows-Sysmon/Operational,,Microsoft-Windows-Sysmon
T1047,False,Windows Management Instrumentation,execution,process,process creation,DeviceEvents,DeviceEvents,,,Microsoft Defender for Endpoint
T1047,False,Windows Management Instrumentation,execution,network traffic,network connection creation,5156,The Windows Filtering Platform has permitted a connection.,Security,Filtering Platform Connection,Microsoft-Windows-Security-Auditing
T1047,False,Windows Management Instrumentation,execution,network traffic,network connection creation,3,Network connection.,Microsoft-Windows-Sysmon/Operational,,Microsoft-Windows-Sysmon
T1047,False,Windows Management Instrumentation,execution,network traffic,network connection creation,DeviceNetworkEvents,DeviceNetworkEvents,,,Microsoft Defender for Endpoint
T1047,False,Windows Management Instrumentation,execution,network traffic,network connection creation,5157,The Windows Filtering Platform has blocked a connection.,Security,Filtering Platform Connection,Microsoft-Windows-Security-Auditing
T1047,False,Windows Management Instrumentation,execution,network traffic,network connection creation,5154,The Windows Filtering Platform has permitted an application or service to listen on a port for incoming connections.,Security,Filtering Platform Connection,Microsoft-Windows-Security-Auditing
T1047,False,Windows Management Instrumentation,execution,network traffic,network connection creation,5159,The Windows Filtering Platform has blocked a bind to a local port.,Security,Filtering Platform Connection,Microsoft-Windows-Security-Auditing
T1047,False,Windows Management Instrumentation,execution,network traffic,network connection creation,5155,The Windows Filtering Platform has blocked an application or service from listening on a port for incoming connections.,Security,Filtering Platform Connection,Microsoft-Windows-Security-Auditing
T1047,False,Windows Management Instrumentation,execution,network traffic,network connection creation,5031,The Windows Firewall Service blocked an application from accepting incoming connections on the network.,Security,Filtering Platform Connection,Microsoft-Windows-Security-Auditing
T1047,False,Windows Management Instrumentation,execution,network traffic,network connection creation,DeviceEvents,DeviceEvents,,,Microsoft Defender for Endpoint
T1047,False,Windows Management Instrumentation,execution,network traffic,network connection creation,5158,The Windows Filtering Platform has permitted a bind to a local port.,Security,Filtering Platform Connection,Microsoft-Windows-Security-Auditing
T1047,False,Windows Management Instrumentation,execution,command,command execution,4688,A new process has been created.,Security,Process Creation,Microsoft-Windows-Security-Auditing
T1047,False,Windows Management Instrumentation,execution,command,command execution,1,Process Creation.,Microsoft-Windows-Sysmon/Operational,,Microsoft-Windows-Sysmon
T1047,False,Windows Management Instrumentation,execution,command,command execution,4103,Module logging.,Microsoft-Windows-PowerShell/Operational,,Microsoft-Windows-PowerShell
T1047,False,Windows Management Instrumentation,execution,command,command execution,DeviceProcessEvents,DeviceProcessEvents,,,Microsoft Defender for Endpoint
T1046,False,Network Service Discovery,discovery,command,command execution,4688,A new process has been created.,Security,Process Creation,Microsoft-Windows-Security-Auditing
T1046,False,Network Service Discovery,discovery,command,command execution,1,Process Creation.,Microsoft-Windows-Sysmon/Operational,,Microsoft-Windows-Sysmon
T1046,False,Network Service Discovery,discovery,command,command execution,4103,Module logging.,Microsoft-Windows-PowerShell/Operational,,Microsoft-Windows-PowerShell
T1046,False,Network Service Discovery,discovery,command,command execution,DeviceProcessEvents,DeviceProcessEvents,,,Microsoft Defender for Endpoint
T1041,,Exfiltration Over C2 Channel,exfiltration,command,command execution,4688,A new process has been created.,Security,Process Creation,Microsoft-Windows-Security-Auditing
T1041,,Exfiltration Over C2 Channel,exfiltration,command,command execution,1,Process Creation.,Microsoft-Windows-Sysmon/Operational,,Microsoft-Windows-Sysmon
T1041,,Exfiltration Over C2 Channel,exfiltration,command,command execution,4103,Module logging.,Microsoft-Windows-PowerShell/Operational,,Microsoft-Windows-PowerShell
T1041,,Exfiltration Over C2 Channel,exfiltration,command,command execution,DeviceProcessEvents,DeviceProcessEvents,,,Microsoft Defender for Endpoint
T1041,,Exfiltration Over C2 Channel,exfiltration,file,file access,4656,A handle to an object was requested.,Security,File System,Microsoft-Windows-Security-Auditing
T1041,,Exfiltration Over C2 Channel,exfiltration,file,file access,4663,An attempt was made to access an object.,Security,File System,Microsoft-Windows-Security-Auditing
T1041,,Exfiltration Over C2 Channel,exfiltration,file,file access,4661,A handle to an object was requested.,Security,SAM,Microsoft-Windows-Security-Auditing
T1041,,Exfiltration Over C2 Channel,exfiltration,network traffic,network connection creation,5156,The Windows Filtering Platform has permitted a connection.,Security,Filtering Platform Connection,Microsoft-Windows-Security-Auditing
T1041,,Exfiltration Over C2 Channel,exfiltration,network traffic,network connection creation,3,Network connection.,Microsoft-Windows-Sysmon/Operational,,Microsoft-Windows-Sysmon
T1041,,Exfiltration Over C2 Channel,exfiltration,network traffic,network connection creation,DeviceNetworkEvents,DeviceNetworkEvents,,,Microsoft Defender for Endpoint
T1041,,Exfiltration Over C2 Channel,exfiltration,network traffic,network connection creation,5157,The Windows Filtering Platform has blocked a connection.,Security,Filtering Platform Connection,Microsoft-Windows-Security-Auditing
T1041,,Exfiltration Over C2 Channel,exfiltration,network traffic,network connection creation,5154,The Windows Filtering Platform has permitted an application or service to listen on a port for incoming connections.,Security,Filtering Platform Connection,Microsoft-Windows-Security-Auditing
T1041,,Exfiltration Over C2 Channel,exfiltration,network traffic,network connection creation,5159,The Windows Filtering Platform has blocked a bind to a local port.,Security,Filtering Platform Connection,Microsoft-Windows-Security-Auditing
T1041,,Exfiltration Over C2 Channel,exfiltration,network traffic,network connection creation,5155,The Windows Filtering Platform has blocked an application or service from listening on a port for incoming connections.,Security,Filtering Platform Connection,Microsoft-Windows-Security-Auditing
T1041,,Exfiltration Over C2 Channel,exfiltration,network traffic,network connection creation,5031,The Windows Firewall Service blocked an application from accepting incoming connections on the network.,Security,Filtering Platform Connection,Microsoft-Windows-Security-Auditing
T1041,,Exfiltration Over C2 Channel,exfiltration,network traffic,network connection creation,DeviceEvents,DeviceEvents,,,Microsoft Defender for Endpoint
T1041,,Exfiltration Over C2 Channel,exfiltration,network traffic,network connection creation,5158,The Windows Filtering Platform has permitted a bind to a local port.,Security,Filtering Platform Connection,Microsoft-Windows-Security-Auditing
T1040,False,Network Sniffing,credential-access;discovery,command,command execution,4688,A new process has been created.,Security,Process Creation,Microsoft-Windows-Security-Auditing
T1040,False,Network Sniffing,credential-access;discovery,command,command execution,1,Process Creation.,Microsoft-Windows-Sysmon/Operational,,Microsoft-Windows-Sysmon
T1040,False,Network Sniffing,credential-access;discovery,command,command execution,4103,Module logging.,Microsoft-Windows-PowerShell/Operational,,Microsoft-Windows-PowerShell
T1040,False,Network Sniffing,credential-access;discovery,command,command execution,DeviceProcessEvents,DeviceProcessEvents,,,Microsoft Defender for Endpoint
T1040,False,Network Sniffing,credential-access;discovery,process,process creation,4688,A new process has been created.,Security,Process Creation,Microsoft-Windows-Security-Auditing
T1040,False,Network Sniffing,credential-access;discovery,process,process creation,1,Process Creation.,Microsoft-Windows-Sysmon/Operational,,Microsoft-Windows-Sysmon
T1040,False,Network Sniffing,credential-access;discovery,process,process creation,DeviceProcessEvents,DeviceProcessEvents,,,Microsoft Defender for Endpoint
T1040,False,Network Sniffing,credential-access;discovery,process,process creation,8,CreateRemoteThread.,Microsoft-Windows-Sysmon/Operational,,Microsoft-Windows-Sysmon
T1040,False,Network Sniffing,credential-access;discovery,process,process creation,DeviceEvents,DeviceEvents,,,Microsoft Defender for Endpoint
T1039,,Data from Network Shared Drive,collection,network share,network share access,5140,A network share object was accessed.,Security,File Share,Microsoft-Windows-Security-Auditing
T1039,,Data from Network Shared Drive,collection,network share,network share access,5145,A network share object was checked to see whether client can be granted desired access.,Security,Detailed File Share,Microsoft-Windows-Security-Auditing
T1039,,Data from Network Shared Drive,collection,network share,network share access,DeviceLogonEvents,DeviceLogonEvents,,,Microsoft Defender for Endpoint
T1039,,Data from Network Shared Drive,collection,file,file access,4656,A handle to an object was requested.,Security,File System,Microsoft-Windows-Security-Auditing
T1039,,Data from Network Shared Drive,collection,file,file access,4663,An attempt was made to access an object.,Security,File System,Microsoft-Windows-Security-Auditing
T1039,,Data from Network Shared Drive,collection,file,file access,4661,A handle to an object was requested.,Security,SAM,Microsoft-Windows-Security-Auditing
T1039,,Data from Network Shared Drive,collection,command,command execution,4688,A new process has been created.,Security,Process Creation,Microsoft-Windows-Security-Auditing
T1039,,Data from Network Shared Drive,collection,command,command execution,1,Process Creation.,Microsoft-Windows-Sysmon/Operational,,Microsoft-Windows-Sysmon
T1039,,Data from Network Shared Drive,collection,command,command execution,4103,Module logging.,Microsoft-Windows-PowerShell/Operational,,Microsoft-Windows-PowerShell
T1039,,Data from Network Shared Drive,collection,command,command execution,DeviceProcessEvents,DeviceProcessEvents,,,Microsoft Defender for Endpoint
T1037,,Boot or Logon Initialization Scripts,persistence;privilege-escalation,windows registry,windows registry key creation,12,RegistryEvent (Object create and delete).,Microsoft-Windows-Sysmon/Operational,,Microsoft-Windows-Sysmon
T1037,,Boot or Logon Initialization Scripts,persistence;privilege-escalation,windows registry,windows registry key creation,DeviceRegistryEvents,DeviceRegistryEvents,,,Microsoft Defender for Endpoint
T1037,,Boot or Logon Initialization Scripts,persistence;privilege-escalation,windows registry,windows registry key creation,4657,A registry value was modified.,Security,Registry,Microsoft-Windows-Security-Auditing
T1037,,Boot or Logon Initialization Scripts,persistence;privilege-escalation,process,process creation,4688,A new process has been created.,Security,Process Creation,Microsoft-Windows-Security-Auditing
T1037,,Boot or Logon Initialization Scripts,persistence;privilege-escalation,process,process creation,1,Process Creation.,Microsoft-Windows-Sysmon/Operational,,Microsoft-Windows-Sysmon
T1037,,Boot or Logon Initialization Scripts,persistence;privilege-escalation,process,process creation,DeviceProcessEvents,DeviceProcessEvents,,,Microsoft Defender for Endpoint
T1037,,Boot or Logon Initialization Scripts,persistence;privilege-escalation,process,process creation,8,CreateRemoteThread.,Microsoft-Windows-Sysmon/Operational,,Microsoft-Windows-Sysmon
T1037,,Boot or Logon Initialization Scripts,persistence;privilege-escalation,process,process creation,DeviceEvents,DeviceEvents,,,Microsoft Defender for Endpoint
T1037,,Boot or Logon Initialization Scripts,persistence;privilege-escalation,active directory,active directory object modification,5136,A directory service object was modified.,Security,Directory Service Changes,Microsoft-Windows-Security-Auditing
T1037,,Boot or Logon Initialization Scripts,persistence;privilege-escalation,active directory,active directory object modification,5139,A directory service object was moved.,Security,Directory Service Changes,Microsoft-Windows-Security-Auditing
T1037,,Boot or Logon Initialization Scripts,persistence;privilege-escalation,active directory,active directory object modification,4719,System audit policy was changed.,Security,Policy Change,Microsoft-Windows-Security-Auditing
T1037,,Boot or Logon Initialization Scripts,persistence;privilege-escalation,file,file modification,4670,Permissions on an object were changed.,Security,File System,Microsoft-Windows-Security-Auditing
T1037,,Boot or Logon Initialization Scripts,persistence;privilege-escalation,file,file modification,DeviceFileEvents,DeviceFileEvents,,,Microsoft Defender for Endpoint
T1037,,Boot or Logon Initialization Scripts,persistence;privilege-escalation,file,file modification,2,A process changed a file creation time.,Microsoft-Windows-Sysmon/Operational,,Microsoft-Windows-Sysmon
T1037,,Boot or Logon Initialization Scripts,persistence;privilege-escalation,file,file modification,11,FileCreate.,Microsoft-Windows-Sysmon/Operational,,Microsoft-Windows-Sysmon
T1037,,Boot or Logon Initialization Scripts,persistence;privilege-escalation,file,file creation,DeviceFileEvents,DeviceFileEvents,,,Microsoft Defender for Endpoint
T1037,,Boot or Logon Initialization Scripts,persistence;privilege-escalation,file,file creation,4663,An attempt was made to access an object.,Security,File System,Microsoft-Windows-Security-Auditing
T1037,,Boot or Logon Initialization Scripts,persistence;privilege-escalation,file,file creation,11,FileCreate,Microsoft-Windows-Sysmon/Operational,,Microsoft-Windows-Sysmon
T1037,,Boot or Logon Initialization Scripts,persistence;privilege-escalation,command,command execution,4688,A new process has been created.,Security,Process Creation,Microsoft-Windows-Security-Auditing
T1037,,Boot or Logon Initialization Scripts,persistence;privilege-escalation,command,command execution,1,Process Creation.,Microsoft-Windows-Sysmon/Operational,,Microsoft-Windows-Sysmon
T1037,,Boot or Logon Initialization Scripts,persistence;privilege-escalation,command,command execution,4103,Module logging.,Microsoft-Windows-PowerShell/Operational,,Microsoft-Windows-PowerShell
T1037,,Boot or Logon Initialization Scripts,persistence;privilege-escalation,command,command execution,DeviceProcessEvents,DeviceProcessEvents,,,Microsoft Defender for Endpoint
T1036,False,Masquerading,defense-evasion,scheduled job,scheduled job modification,4702,A scheduled task was updated.,Security,Other Object Access Events,Microsoft-Windows-Security-Auditing
T1036,False,Masquerading,defense-evasion,scheduled job,scheduled job modification,DeviceEvents,DeviceEvents,,,Microsoft Defender for Endpoint
T1036,False,Masquerading,defense-evasion,scheduled job,scheduled job modification,4700,A scheduled task was enabled.,Security,Other Object Access Events,Microsoft-Windows-Security-Auditing
T1036,False,Masquerading,defense-evasion,scheduled job,scheduled job modification,4701,A scheduled task was disabled.,Security,Other Object Access Events,Microsoft-Windows-Security-Auditing
T1036,False,Masquerading,defense-evasion,service,service creation,4697,A service was installed in the system.,Security,Security System Extension,Microsoft-Windows-Security-Auditing
T1036,False,Masquerading,defense-evasion,service,service creation,7045,A new service was installed in the system.,System,,Service Control Manager
T1036,False,Masquerading,defense-evasion,service,service creation,DeviceEvents,DeviceEvents,,,Microsoft Defender for Endpoint
T1036,False,Masquerading,defense-evasion,service,service metadata,4,Sysmon service state changed.,Microsoft-Windows-Sysmon/Operational,,Microsoft-Windows-Sysmon
T1036,False,Masquerading,defense-evasion,service,service metadata,6006,The Event log service was stopped.,System,,EventLog
T1036,False,Masquerading,defense-evasion,service,service metadata,6005,The Event log service was started.,System,,EventLog
T1036,False,Masquerading,defense-evasion,file,file modification,4670,Permissions on an object were changed.,Security,File System,Microsoft-Windows-Security-Auditing
T1036,False,Masquerading,defense-evasion,file,file modification,DeviceFileEvents,DeviceFileEvents,,,Microsoft Defender for Endpoint
T1036,False,Masquerading,defense-evasion,file,file modification,2,A process changed a file creation time.,Microsoft-Windows-Sysmon/Operational,,Microsoft-Windows-Sysmon
T1036,False,Masquerading,defense-evasion,file,file modification,11,FileCreate.,Microsoft-Windows-Sysmon/Operational,,Microsoft-Windows-Sysmon
T1036,False,Masquerading,defense-evasion,process,process metadata,5,Process terminated.,Microsoft-Windows-Sysmon/Operational,,Microsoft-Windows-Sysmon
T1036,False,Masquerading,defense-evasion,process,process metadata,30,EventID(30),,,Microsoft-Windows-LDAP-Client/Debug
T1036,False,Masquerading,defense-evasion,process,process metadata,DeviceEvents,DeviceEvents,,,Microsoft Defender for Endpoint
T1036,False,Masquerading,defense-evasion,command,command execution,4688,A new process has been created.,Security,Process Creation,Microsoft-Windows-Security-Auditing
T1036,False,Masquerading,defense-evasion,command,command execution,1,Process Creation.,Microsoft-Windows-Sysmon/Operational,,Microsoft-Windows-Sysmon
T1036,False,Masquerading,defense-evasion,command,command execution,4103,Module logging.,Microsoft-Windows-PowerShell/Operational,,Microsoft-Windows-PowerShell
T1036,False,Masquerading,defense-evasion,command,command execution,DeviceProcessEvents,DeviceProcessEvents,,,Microsoft Defender for Endpoint
T1033,False,System Owner/User Discovery,discovery,windows registry,windows registry key access,4663,An attempt was made to access an object.,Security,Registry,Microsoft-Windows-Security-Auditing
T1033,False,System Owner/User Discovery,discovery,windows registry,windows registry key access,4656,A handle to an object was requested.,Security,Registry,Microsoft-Windows-Security-Auditing
T1033,False,System Owner/User Discovery,discovery,process,process access,4663,An attempt was made to access an object.,Security,Kernel Object,Microsoft-Windows-Security-Auditing
T1033,False,System Owner/User Discovery,discovery,process,process access,DeviceEvents,DeviceEvents,,,Microsoft Defender for Endpoint
T1033,False,System Owner/User Discovery,discovery,process,process access,4656,A handle to an object was requested.,Security,Kernel Object,Microsoft-Windows-Security-Auditing
T1033,False,System Owner/User Discovery,discovery,process,process access,10,Process Access.,Microsoft-Windows-Sysmon/Operational,,Microsoft-Windows-Sysmon
T1033,False,System Owner/User Discovery,discovery,process,process access,10,ProcessAccess,Microsoft-Windows-Sysmon/Operational,,Microsoft-Windows-Sysmon
T1033,False,System Owner/User Discovery,discovery,process,os api execution,8,CreateRemoteThread.,Microsoft-Windows-Sysmon/Operational,,Microsoft-Windows-Sysmon
T1033,False,System Owner/User Discovery,discovery,process,os api execution,DeviceEvents,DeviceEvents,,,Microsoft Defender for Endpoint
T1033,False,System Owner/User Discovery,discovery,process,process creation,4688,A new process has been created.,Security,Process Creation,Microsoft-Windows-Security-Auditing
T1033,False,System Owner/User Discovery,discovery,process,process creation,1,Process Creation.,Microsoft-Windows-Sysmon/Operational,,Microsoft-Windows-Sysmon
T1033,False,System Owner/User Discovery,discovery,process,process creation,DeviceProcessEvents,DeviceProcessEvents,,,Microsoft Defender for Endpoint
T1033,False,System Owner/User Discovery,discovery,process,process creation,8,CreateRemoteThread.,Microsoft-Windows-Sysmon/Operational,,Microsoft-Windows-Sysmon
T1033,False,System Owner/User Discovery,discovery,process,process creation,DeviceEvents,DeviceEvents,,,Microsoft Defender for Endpoint
T1033,False,System Owner/User Discovery,discovery,file,file access,4656,A handle to an object was requested.,Security,File System,Microsoft-Windows-Security-Auditing
T1033,False,System Owner/User Discovery,discovery,file,file access,4663,An attempt was made to access an object.,Security,File System,Microsoft-Windows-Security-Auditing
T1033,False,System Owner/User Discovery,discovery,file,file access,4661,A handle to an object was requested.,Security,SAM,Microsoft-Windows-Security-Auditing
T1033,False,System Owner/User Discovery,discovery,active directory,active directory object access,4661,A handle to an object was requested.,Security,Directory Service Access,Microsoft-Windows-Security-Auditing
T1033,False,System Owner/User Discovery,discovery,active directory,active directory object access,4662,An operation was performed on an object.,Security,Directory Service Access,Microsoft-Windows-Security-Auditing
T1033,False,System Owner/User Discovery,discovery,active directory,active directory object access,4932,Synchronization of a replica of an Active Directory naming context has begun.,Security,Directory Service Replication,Microsoft-Windows-Security-Auditing
T1033,False,System Owner/User Discovery,discovery,command,command execution,4688,A new process has been created.,Security,Process Creation,Microsoft-Windows-Security-Auditing
T1033,False,System Owner/User Discovery,discovery,command,command execution,1,Process Creation.,Microsoft-Windows-Sysmon/Operational,,Microsoft-Windows-Sysmon
T1033,False,System Owner/User Discovery,discovery,command,command execution,4103,Module logging.,Microsoft-Windows-PowerShell/Operational,,Microsoft-Windows-PowerShell
T1033,False,System Owner/User Discovery,discovery,command,command execution,DeviceProcessEvents,DeviceProcessEvents,,,Microsoft Defender for Endpoint
T1030,,Data Transfer Size Limits,exfiltration,network traffic,network connection creation,5156,The Windows Filtering Platform has permitted a connection.,Security,Filtering Platform Connection,Microsoft-Windows-Security-Auditing
T1030,,Data Transfer Size Limits,exfiltration,network traffic,network connection creation,3,Network connection.,Microsoft-Windows-Sysmon/Operational,,Microsoft-Windows-Sysmon
T1030,,Data Transfer Size Limits,exfiltration,network traffic,network connection creation,DeviceNetworkEvents,DeviceNetworkEvents,,,Microsoft Defender for Endpoint
T1030,,Data Transfer Size Limits,exfiltration,network traffic,network connection creation,5157,The Windows Filtering Platform has blocked a connection.,Security,Filtering Platform Connection,Microsoft-Windows-Security-Auditing
T1030,,Data Transfer Size Limits,exfiltration,network traffic,network connection creation,5154,The Windows Filtering Platform has permitted an application or service to listen on a port for incoming connections.,Security,Filtering Platform Connection,Microsoft-Windows-Security-Auditing
T1030,,Data Transfer Size Limits,exfiltration,network traffic,network connection creation,5159,The Windows Filtering Platform has blocked a bind to a local port.,Security,Filtering Platform Connection,Microsoft-Windows-Security-Auditing
T1030,,Data Transfer Size Limits,exfiltration,network traffic,network connection creation,5155,The Windows Filtering Platform has blocked an application or service from listening on a port for incoming connections.,Security,Filtering Platform Connection,Microsoft-Windows-Security-Auditing
T1030,,Data Transfer Size Limits,exfiltration,network traffic,network connection creation,5031,The Windows Firewall Service blocked an application from accepting incoming connections on the network.,Security,Filtering Platform Connection,Microsoft-Windows-Security-Auditing
T1030,,Data Transfer Size Limits,exfiltration,network traffic,network connection creation,DeviceEvents,DeviceEvents,,,Microsoft Defender for Endpoint
T1030,,Data Transfer Size Limits,exfiltration,network traffic,network connection creation,5158,The Windows Filtering Platform has permitted a bind to a local port.,Security,Filtering Platform Connection,Microsoft-Windows-Security-Auditing
T1029,,Scheduled Transfer,exfiltration,network traffic,network connection creation,5156,The Windows Filtering Platform has permitted a connection.,Security,Filtering Platform Connection,Microsoft-Windows-Security-Auditing
T1029,,Scheduled Transfer,exfiltration,network traffic,network connection creation,3,Network connection.,Microsoft-Windows-Sysmon/Operational,,Microsoft-Windows-Sysmon
T1029,,Scheduled Transfer,exfiltration,network traffic,network connection creation,DeviceNetworkEvents,DeviceNetworkEvents,,,Microsoft Defender for Endpoint
T1029,,Scheduled Transfer,exfiltration,network traffic,network connection creation,5157,The Windows Filtering Platform has blocked a connection.,Security,Filtering Platform Connection,Microsoft-Windows-Security-Auditing
T1029,,Scheduled Transfer,exfiltration,network traffic,network connection creation,5154,The Windows Filtering Platform has permitted an application or service to listen on a port for incoming connections.,Security,Filtering Platform Connection,Microsoft-Windows-Security-Auditing
T1029,,Scheduled Transfer,exfiltration,network traffic,network connection creation,5159,The Windows Filtering Platform has blocked a bind to a local port.,Security,Filtering Platform Connection,Microsoft-Windows-Security-Auditing
T1029,,Scheduled Transfer,exfiltration,network traffic,network connection creation,5155,The Windows Filtering Platform has blocked an application or service from listening on a port for incoming connections.,Security,Filtering Platform Connection,Microsoft-Windows-Security-Auditing
T1029,,Scheduled Transfer,exfiltration,network traffic,network connection creation,5031,The Windows Firewall Service blocked an application from accepting incoming connections on the network.,Security,Filtering Platform Connection,Microsoft-Windows-Security-Auditing
T1029,,Scheduled Transfer,exfiltration,network traffic,network connection creation,DeviceEvents,DeviceEvents,,,Microsoft Defender for Endpoint
T1029,,Scheduled Transfer,exfiltration,network traffic,network connection creation,5158,The Windows Filtering Platform has permitted a bind to a local port.,Security,Filtering Platform Connection,Microsoft-Windows-Security-Auditing
T1027,False,Obfuscated Files or Information,defense-evasion,command,command execution,4688,A new process has been created.,Security,Process Creation,Microsoft-Windows-Security-Auditing
T1027,False,Obfuscated Files or Information,defense-evasion,command,command execution,1,Process Creation.,Microsoft-Windows-Sysmon/Operational,,Microsoft-Windows-Sysmon
T1027,False,Obfuscated Files or Information,defense-evasion,command,command execution,4103,Module logging.,Microsoft-Windows-PowerShell/Operational,,Microsoft-Windows-PowerShell
T1027,False,Obfuscated Files or Information,defense-evasion,command,command execution,DeviceProcessEvents,DeviceProcessEvents,,,Microsoft Defender for Endpoint
T1027,False,Obfuscated Files or Information,defense-evasion,file,file creation,DeviceFileEvents,DeviceFileEvents,,,Microsoft Defender for Endpoint
T1027,False,Obfuscated Files or Information,defense-evasion,file,file creation,4663,An attempt was made to access an object.,Security,File System,Microsoft-Windows-Security-Auditing
T1027,False,Obfuscated Files or Information,defense-evasion,file,file creation,11,FileCreate,Microsoft-Windows-Sysmon/Operational,,Microsoft-Windows-Sysmon
T1027,False,Obfuscated Files or Information,defense-evasion,process,process creation,4688,A new process has been created.,Security,Process Creation,Microsoft-Windows-Security-Auditing
T1027,False,Obfuscated Files or Information,defense-evasion,process,process creation,1,Process Creation.,Microsoft-Windows-Sysmon/Operational,,Microsoft-Windows-Sysmon
T1027,False,Obfuscated Files or Information,defense-evasion,process,process creation,DeviceProcessEvents,DeviceProcessEvents,,,Microsoft Defender for Endpoint
T1027,False,Obfuscated Files or Information,defense-evasion,process,process creation,8,CreateRemoteThread.,Microsoft-Windows-Sysmon/Operational,,Microsoft-Windows-Sysmon
T1027,False,Obfuscated Files or Information,defense-evasion,process,process creation,DeviceEvents,DeviceEvents,,,Microsoft Defender for Endpoint
T1025,,Data from Removable Media,collection,file,file access,4656,A handle to an object was requested.,Security,File System,Microsoft-Windows-Security-Auditing
T1025,,Data from Removable Media,collection,file,file access,4663,An attempt was made to access an object.,Security,File System,Microsoft-Windows-Security-Auditing
T1025,,Data from Removable Media,collection,file,file access,4661,A handle to an object was requested.,Security,SAM,Microsoft-Windows-Security-Auditing
T1025,,Data from Removable Media,collection,command,command execution,4688,A new process has been created.,Security,Process Creation,Microsoft-Windows-Security-Auditing
T1025,,Data from Removable Media,collection,command,command execution,1,Process Creation.,Microsoft-Windows-Sysmon/Operational,,Microsoft-Windows-Sysmon
T1025,,Data from Removable Media,collection,command,command execution,4103,Module logging.,Microsoft-Windows-PowerShell/Operational,,Microsoft-Windows-PowerShell
T1025,,Data from Removable Media,collection,command,command execution,DeviceProcessEvents,DeviceProcessEvents,,,Microsoft Defender for Endpoint
T1021,,Remote Services,lateral-movement,logon session,logon session creation,4624,An account was successfully logged on.,Security,Logon,Microsoft-Windows-Security-Auditing
T1021,,Remote Services,lateral-movement,logon session,logon session creation,4778,A session was reconnected to a Window Station.,Security,Other Logon/Logoff Events,Microsoft-Windows-Security-Auditing
T1021,,Remote Services,lateral-movement,logon session,logon session creation,DeviceLogonEvents,DeviceLogonEvents,,,Microsoft Defender for Endpoint
T1021,,Remote Services,lateral-movement,logon session,logon session creation,4964,Special groups have been assigned to a new logon.,Security,Special Logon,Microsoft-Windows-Security-Auditing
T1021,,Remote Services,lateral-movement,process,process creation,4688,A new process has been created.,Security,Process Creation,Microsoft-Windows-Security-Auditing
T1021,,Remote Services,lateral-movement,process,process creation,1,Process Creation.,Microsoft-Windows-Sysmon/Operational,,Microsoft-Windows-Sysmon
T1021,,Remote Services,lateral-movement,process,process creation,DeviceProcessEvents,DeviceProcessEvents,,,Microsoft Defender for Endpoint
T1021,,Remote Services,lateral-movement,process,process creation,8,CreateRemoteThread.,Microsoft-Windows-Sysmon/Operational,,Microsoft-Windows-Sysmon
T1021,,Remote Services,lateral-movement,process,process creation,DeviceEvents,DeviceEvents,,,Microsoft Defender for Endpoint
T1021,,Remote Services,lateral-movement,module,module load,7,Image loaded.,Microsoft-Windows-Sysmon/Operational,,Microsoft-Windows-Sysmon
T1021,,Remote Services,lateral-movement,module,module load,DeviceImageLoadEvents,DeviceImageLoadEvents,,,Microsoft Defender for Endpoint
T1021,,Remote Services,lateral-movement,network traffic,network connection creation,5156,The Windows Filtering Platform has permitted a connection.,Security,Filtering Platform Connection,Microsoft-Windows-Security-Auditing
T1021,,Remote Services,lateral-movement,network traffic,network connection creation,3,Network connection.,Microsoft-Windows-Sysmon/Operational,,Microsoft-Windows-Sysmon
T1021,,Remote Services,lateral-movement,network traffic,network connection creation,DeviceNetworkEvents,DeviceNetworkEvents,,,Microsoft Defender for Endpoint
T1021,,Remote Services,lateral-movement,network traffic,network connection creation,5157,The Windows Filtering Platform has blocked a connection.,Security,Filtering Platform Connection,Microsoft-Windows-Security-Auditing
T1021,,Remote Services,lateral-movement,network traffic,network connection creation,5154,The Windows Filtering Platform has permitted an application or service to listen on a port for incoming connections.,Security,Filtering Platform Connection,Microsoft-Windows-Security-Auditing
T1021,,Remote Services,lateral-movement,network traffic,network connection creation,5159,The Windows Filtering Platform has blocked a bind to a local port.,Security,Filtering Platform Connection,Microsoft-Windows-Security-Auditing
T1021,,Remote Services,lateral-movement,network traffic,network connection creation,5155,The Windows Filtering Platform has blocked an application or service from listening on a port for incoming connections.,Security,Filtering Platform Connection,Microsoft-Windows-Security-Auditing
T1021,,Remote Services,lateral-movement,network traffic,network connection creation,5031,The Windows Firewall Service blocked an application from accepting incoming connections on the network.,Security,Filtering Platform Connection,Microsoft-Windows-Security-Auditing
T1021,,Remote Services,lateral-movement,network traffic,network connection creation,DeviceEvents,DeviceEvents,,,Microsoft Defender for Endpoint
T1021,,Remote Services,lateral-movement,network traffic,network connection creation,5158,The Windows Filtering Platform has permitted a bind to a local port.,Security,Filtering Platform Connection,Microsoft-Windows-Security-Auditing
T1021,,Remote Services,lateral-movement,network share,network share access,5140,A network share object was accessed.,Security,File Share,Microsoft-Windows-Security-Auditing
T1021,,Remote Services,lateral-movement,network share,network share access,5145,A network share object was checked to see whether client can be granted desired access.,Security,Detailed File Share,Microsoft-Windows-Security-Auditing
T1021,,Remote Services,lateral-movement,network share,network share access,DeviceLogonEvents,DeviceLogonEvents,,,Microsoft Defender for Endpoint
T1021,,Remote Services,lateral-movement,command,command execution,4688,A new process has been created.,Security,Process Creation,Microsoft-Windows-Security-Auditing
T1021,,Remote Services,lateral-movement,command,command execution,1,Process Creation.,Microsoft-Windows-Sysmon/Operational,,Microsoft-Windows-Sysmon
T1021,,Remote Services,lateral-movement,command,command execution,4103,Module logging.,Microsoft-Windows-PowerShell/Operational,,Microsoft-Windows-PowerShell
T1021,,Remote Services,lateral-movement,command,command execution,DeviceProcessEvents,DeviceProcessEvents,,,Microsoft Defender for Endpoint
T1020,False,Automated Exfiltration,exfiltration,file,file access,4656,A handle to an object was requested.,Security,File System,Microsoft-Windows-Security-Auditing
T1020,False,Automated Exfiltration,exfiltration,file,file access,4663,An attempt was made to access an object.,Security,File System,Microsoft-Windows-Security-Auditing
T1020,False,Automated Exfiltration,exfiltration,file,file access,4661,A handle to an object was requested.,Security,SAM,Microsoft-Windows-Security-Auditing
T1020,False,Automated Exfiltration,exfiltration,script,script execution,4103,Module logging.,Microsoft-Windows-PowerShell/Operational,,Microsoft-Windows-PowerShell
T1020,False,Automated Exfiltration,exfiltration,script,script execution,4104,Script Block Logging.,Microsoft-Windows-PowerShell/Operational,,Microsoft-Windows-PowerShell
T1020,False,Automated Exfiltration,exfiltration,script,script execution,DeviceEvents,DeviceEvents,,,Microsoft Defender for Endpoint
T1020,False,Automated Exfiltration,exfiltration,command,command execution,4688,A new process has been created.,Security,Process Creation,Microsoft-Windows-Security-Auditing
T1020,False,Automated Exfiltration,exfiltration,command,command execution,1,Process Creation.,Microsoft-Windows-Sysmon/Operational,,Microsoft-Windows-Sysmon
T1020,False,Automated Exfiltration,exfiltration,command,command execution,4103,Module logging.,Microsoft-Windows-PowerShell/Operational,,Microsoft-Windows-PowerShell
T1020,False,Automated Exfiltration,exfiltration,command,command execution,DeviceProcessEvents,DeviceProcessEvents,,,Microsoft Defender for Endpoint
T1020,False,Automated Exfiltration,exfiltration,network traffic,network connection creation,5156,The Windows Filtering Platform has permitted a connection.,Security,Filtering Platform Connection,Microsoft-Windows-Security-Auditing
T1020,False,Automated Exfiltration,exfiltration,network traffic,network connection creation,3,Network connection.,Microsoft-Windows-Sysmon/Operational,,Microsoft-Windows-Sysmon
T1020,False,Automated Exfiltration,exfiltration,network traffic,network connection creation,DeviceNetworkEvents,DeviceNetworkEvents,,,Microsoft Defender for Endpoint
T1020,False,Automated Exfiltration,exfiltration,network traffic,network connection creation,5157,The Windows Filtering Platform has blocked a connection.,Security,Filtering Platform Connection,Microsoft-Windows-Security-Auditing
T1020,False,Automated Exfiltration,exfiltration,network traffic,network connection creation,5154,The Windows Filtering Platform has permitted an application or service to listen on a port for incoming connections.,Security,Filtering Platform Connection,Microsoft-Windows-Security-Auditing
T1020,False,Automated Exfiltration,exfiltration,network traffic,network connection creation,5159,The Windows Filtering Platform has blocked a bind to a local port.,Security,Filtering Platform Connection,Microsoft-Windows-Security-Auditing
T1020,False,Automated Exfiltration,exfiltration,network traffic,network connection creation,5155,The Windows Filtering Platform has blocked an application or service from listening on a port for incoming connections.,Security,Filtering Platform Connection,Microsoft-Windows-Security-Auditing
T1020,False,Automated Exfiltration,exfiltration,network traffic,network connection creation,5031,The Windows Firewall Service blocked an application from accepting incoming connections on the network.,Security,Filtering Platform Connection,Microsoft-Windows-Security-Auditing
T1020,False,Automated Exfiltration,exfiltration,network traffic,network connection creation,DeviceEvents,DeviceEvents,,,Microsoft Defender for Endpoint
T1020,False,Automated Exfiltration,exfiltration,network traffic,network connection creation,5158,The Windows Filtering Platform has permitted a bind to a local port.,Security,Filtering Platform Connection,Microsoft-Windows-Security-Auditing
T1018,False,Remote System Discovery,discovery,network traffic,network connection creation,5156,The Windows Filtering Platform has permitted a connection.,Security,Filtering Platform Connection,Microsoft-Windows-Security-Auditing
T1018,False,Remote System Discovery,discovery,network traffic,network connection creation,3,Network connection.,Microsoft-Windows-Sysmon/Operational,,Microsoft-Windows-Sysmon
T1018,False,Remote System Discovery,discovery,network traffic,network connection creation,DeviceNetworkEvents,DeviceNetworkEvents,,,Microsoft Defender for Endpoint
T1018,False,Remote System Discovery,discovery,network traffic,network connection creation,5157,The Windows Filtering Platform has blocked a connection.,Security,Filtering Platform Connection,Microsoft-Windows-Security-Auditing
T1018,False,Remote System Discovery,discovery,network traffic,network connection creation,5154,The Windows Filtering Platform has permitted an application or service to listen on a port for incoming connections.,Security,Filtering Platform Connection,Microsoft-Windows-Security-Auditing
T1018,False,Remote System Discovery,discovery,network traffic,network connection creation,5159,The Windows Filtering Platform has blocked a bind to a local port.,Security,Filtering Platform Connection,Microsoft-Windows-Security-Auditing
T1018,False,Remote System Discovery,discovery,network traffic,network connection creation,5155,The Windows Filtering Platform has blocked an application or service from listening on a port for incoming connections.,Security,Filtering Platform Connection,Microsoft-Windows-Security-Auditing
T1018,False,Remote System Discovery,discovery,network traffic,network connection creation,5031,The Windows Firewall Service blocked an application from accepting incoming connections on the network.,Security,Filtering Platform Connection,Microsoft-Windows-Security-Auditing
T1018,False,Remote System Discovery,discovery,network traffic,network connection creation,DeviceEvents,DeviceEvents,,,Microsoft Defender for Endpoint
T1018,False,Remote System Discovery,discovery,network traffic,network connection creation,5158,The Windows Filtering Platform has permitted a bind to a local port.,Security,Filtering Platform Connection,Microsoft-Windows-Security-Auditing
T1018,False,Remote System Discovery,discovery,command,command execution,4688,A new process has been created.,Security,Process Creation,Microsoft-Windows-Security-Auditing
T1018,False,Remote System Discovery,discovery,command,command execution,1,Process Creation.,Microsoft-Windows-Sysmon/Operational,,Microsoft-Windows-Sysmon
T1018,False,Remote System Discovery,discovery,command,command execution,4103,Module logging.,Microsoft-Windows-PowerShell/Operational,,Microsoft-Windows-PowerShell
T1018,False,Remote System Discovery,discovery,command,command execution,DeviceProcessEvents,DeviceProcessEvents,,,Microsoft Defender for Endpoint
T1018,False,Remote System Discovery,discovery,file,file access,4656,A handle to an object was requested.,Security,File System,Microsoft-Windows-Security-Auditing
T1018,False,Remote System Discovery,discovery,file,file access,4663,An attempt was made to access an object.,Security,File System,Microsoft-Windows-Security-Auditing
T1018,False,Remote System Discovery,discovery,file,file access,4661,A handle to an object was requested.,Security,SAM,Microsoft-Windows-Security-Auditing
T1018,False,Remote System Discovery,discovery,process,process creation,4688,A new process has been created.,Security,Process Creation,Microsoft-Windows-Security-Auditing
T1018,False,Remote System Discovery,discovery,process,process creation,1,Process Creation.,Microsoft-Windows-Sysmon/Operational,,Microsoft-Windows-Sysmon
T1018,False,Remote System Discovery,discovery,process,process creation,DeviceProcessEvents,DeviceProcessEvents,,,Microsoft Defender for Endpoint
T1018,False,Remote System Discovery,discovery,process,process creation,8,CreateRemoteThread.,Microsoft-Windows-Sysmon/Operational,,Microsoft-Windows-Sysmon
T1018,False,Remote System Discovery,discovery,process,process creation,DeviceEvents,DeviceEvents,,,Microsoft Defender for Endpoint
T1016,False,System Network Configuration Discovery,discovery,command,command execution,4688,A new process has been created.,Security,Process Creation,Microsoft-Windows-Security-Auditing
T1016,False,System Network Configuration Discovery,discovery,command,command execution,1,Process Creation.,Microsoft-Windows-Sysmon/Operational,,Microsoft-Windows-Sysmon
T1016,False,System Network Configuration Discovery,discovery,command,command execution,4103,Module logging.,Microsoft-Windows-PowerShell/Operational,,Microsoft-Windows-PowerShell
T1016,False,System Network Configuration Discovery,discovery,command,command execution,DeviceProcessEvents,DeviceProcessEvents,,,Microsoft Defender for Endpoint
T1016,False,System Network Configuration Discovery,discovery,process,os api execution,8,CreateRemoteThread.,Microsoft-Windows-Sysmon/Operational,,Microsoft-Windows-Sysmon
T1016,False,System Network Configuration Discovery,discovery,process,os api execution,DeviceEvents,DeviceEvents,,,Microsoft Defender for Endpoint
T1016,False,System Network Configuration Discovery,discovery,process,process creation,4688,A new process has been created.,Security,Process Creation,Microsoft-Windows-Security-Auditing
T1016,False,System Network Configuration Discovery,discovery,process,process creation,1,Process Creation.,Microsoft-Windows-Sysmon/Operational,,Microsoft-Windows-Sysmon
T1016,False,System Network Configuration Discovery,discovery,process,process creation,DeviceProcessEvents,DeviceProcessEvents,,,Microsoft Defender for Endpoint
T1016,False,System Network Configuration Discovery,discovery,process,process creation,8,CreateRemoteThread.,Microsoft-Windows-Sysmon/Operational,,Microsoft-Windows-Sysmon
T1016,False,System Network Configuration Discovery,discovery,process,process creation,DeviceEvents,DeviceEvents,,,Microsoft Defender for Endpoint
T1016,False,System Network Configuration Discovery,discovery,script,script execution,4103,Module logging.,Microsoft-Windows-PowerShell/Operational,,Microsoft-Windows-PowerShell
T1016,False,System Network Configuration Discovery,discovery,script,script execution,4104,Script Block Logging.,Microsoft-Windows-PowerShell/Operational,,Microsoft-Windows-PowerShell
T1016,False,System Network Configuration Discovery,discovery,script,script execution,DeviceEvents,DeviceEvents,,,Microsoft Defender for Endpoint
T1014,False,Rootkit,defense-evasion,file,file modification,4670,Permissions on an object were changed.,Security,File System,Microsoft-Windows-Security-Auditing
T1014,False,Rootkit,defense-evasion,file,file modification,DeviceFileEvents,DeviceFileEvents,,,Microsoft Defender for Endpoint
T1014,False,Rootkit,defense-evasion,file,file modification,2,A process changed a file creation time.,Microsoft-Windows-Sysmon/Operational,,Microsoft-Windows-Sysmon
T1014,False,Rootkit,defense-evasion,file,file modification,11,FileCreate.,Microsoft-Windows-Sysmon/Operational,,Microsoft-Windows-Sysmon
T1014,False,Rootkit,defense-evasion,drive,drive modification,6422,A device was enabled.,Security,PNP Activity,Microsoft-Windows-Security-Auditing
T1014,False,Rootkit,defense-evasion,drive,drive modification,6419,A request was made to disable a device.,Security,PNP Activity,Microsoft-Windows-Security-Auditing
T1014,False,Rootkit,defense-evasion,drive,drive modification,6420,A device was disabled.,Security,PNP Activity,Microsoft-Windows-Security-Auditing
T1014,False,Rootkit,defense-evasion,drive,drive modification,6421,A request was made to enable a device.,Security,PNP Activity,Microsoft-Windows-Security-Auditing
T1012,,Query Registry,discovery,process,os api execution,8,CreateRemoteThread.,Microsoft-Windows-Sysmon/Operational,,Microsoft-Windows-Sysmon
T1012,,Query Registry,discovery,process,os api execution,DeviceEvents,DeviceEvents,,,Microsoft Defender for Endpoint
T1012,,Query Registry,discovery,process,process creation,4688,A new process has been created.,Security,Process Creation,Microsoft-Windows-Security-Auditing
T1012,,Query Registry,discovery,process,process creation,1,Process Creation.,Microsoft-Windows-Sysmon/Operational,,Microsoft-Windows-Sysmon
T1012,,Query Registry,discovery,process,process creation,DeviceProcessEvents,DeviceProcessEvents,,,Microsoft Defender for Endpoint
T1012,,Query Registry,discovery,process,process creation,8,CreateRemoteThread.,Microsoft-Windows-Sysmon/Operational,,Microsoft-Windows-Sysmon
T1012,,Query Registry,discovery,process,process creation,DeviceEvents,DeviceEvents,,,Microsoft Defender for Endpoint
T1012,,Query Registry,discovery,command,command execution,4688,A new process has been created.,Security,Process Creation,Microsoft-Windows-Security-Auditing
T1012,,Query Registry,discovery,command,command execution,1,Process Creation.,Microsoft-Windows-Sysmon/Operational,,Microsoft-Windows-Sysmon
T1012,,Query Registry,discovery,command,command execution,4103,Module logging.,Microsoft-Windows-PowerShell/Operational,,Microsoft-Windows-PowerShell
T1012,,Query Registry,discovery,command,command execution,DeviceProcessEvents,DeviceProcessEvents,,,Microsoft Defender for Endpoint
T1012,,Query Registry,discovery,windows registry,windows registry key access,4663,An attempt was made to access an object.,Security,Registry,Microsoft-Windows-Security-Auditing
T1012,,Query Registry,discovery,windows registry,windows registry key access,4656,A handle to an object was requested.,Security,Registry,Microsoft-Windows-Security-Auditing
T1011,,Exfiltration Over Other Network Medium,exfiltration,network traffic,network connection creation,5156,The Windows Filtering Platform has permitted a connection.,Security,Filtering Platform Connection,Microsoft-Windows-Security-Auditing
T1011,,Exfiltration Over Other Network Medium,exfiltration,network traffic,network connection creation,3,Network connection.,Microsoft-Windows-Sysmon/Operational,,Microsoft-Windows-Sysmon
T1011,,Exfiltration Over Other Network Medium,exfiltration,network traffic,network connection creation,DeviceNetworkEvents,DeviceNetworkEvents,,,Microsoft Defender for Endpoint
T1011,,Exfiltration Over Other Network Medium,exfiltration,network traffic,network connection creation,5157,The Windows Filtering Platform has blocked a connection.,Security,Filtering Platform Connection,Microsoft-Windows-Security-Auditing
T1011,,Exfiltration Over Other Network Medium,exfiltration,network traffic,network connection creation,5154,The Windows Filtering Platform has permitted an application or service to listen on a port for incoming connections.,Security,Filtering Platform Connection,Microsoft-Windows-Security-Auditing
T1011,,Exfiltration Over Other Network Medium,exfiltration,network traffic,network connection creation,5159,The Windows Filtering Platform has blocked a bind to a local port.,Security,Filtering Platform Connection,Microsoft-Windows-Security-Auditing
T1011,,Exfiltration Over Other Network Medium,exfiltration,network traffic,network connection creation,5155,The Windows Filtering Platform has blocked an application or service from listening on a port for incoming connections.,Security,Filtering Platform Connection,Microsoft-Windows-Security-Auditing
T1011,,Exfiltration Over Other Network Medium,exfiltration,network traffic,network connection creation,5031,The Windows Firewall Service blocked an application from accepting incoming connections on the network.,Security,Filtering Platform Connection,Microsoft-Windows-Security-Auditing
T1011,,Exfiltration Over Other Network Medium,exfiltration,network traffic,network connection creation,DeviceEvents,DeviceEvents,,,Microsoft Defender for Endpoint
T1011,,Exfiltration Over Other Network Medium,exfiltration,network traffic,network connection creation,5158,The Windows Filtering Platform has permitted a bind to a local port.,Security,Filtering Platform Connection,Microsoft-Windows-Security-Auditing
T1011,,Exfiltration Over Other Network Medium,exfiltration,command,command execution,4688,A new process has been created.,Security,Process Creation,Microsoft-Windows-Security-Auditing
T1011,,Exfiltration Over Other Network Medium,exfiltration,command,command execution,1,Process Creation.,Microsoft-Windows-Sysmon/Operational,,Microsoft-Windows-Sysmon
T1011,,Exfiltration Over Other Network Medium,exfiltration,command,command execution,4103,Module logging.,Microsoft-Windows-PowerShell/Operational,,Microsoft-Windows-PowerShell
T1011,,Exfiltration Over Other Network Medium,exfiltration,command,command execution,DeviceProcessEvents,DeviceProcessEvents,,,Microsoft Defender for Endpoint
T1011,,Exfiltration Over Other Network Medium,exfiltration,file,file access,4656,A handle to an object was requested.,Security,File System,Microsoft-Windows-Security-Auditing
T1011,,Exfiltration Over Other Network Medium,exfiltration,file,file access,4663,An attempt was made to access an object.,Security,File System,Microsoft-Windows-Security-Auditing
T1011,,Exfiltration Over Other Network Medium,exfiltration,file,file access,4661,A handle to an object was requested.,Security,SAM,Microsoft-Windows-Security-Auditing
T1010,False,Application Window Discovery,discovery,process,os api execution,8,CreateRemoteThread.,Microsoft-Windows-Sysmon/Operational,,Microsoft-Windows-Sysmon
T1010,False,Application Window Discovery,discovery,process,os api execution,DeviceEvents,DeviceEvents,,,Microsoft Defender for Endpoint
T1010,False,Application Window Discovery,discovery,process,process creation,4688,A new process has been created.,Security,Process Creation,Microsoft-Windows-Security-Auditing
T1010,False,Application Window Discovery,discovery,process,process creation,1,Process Creation.,Microsoft-Windows-Sysmon/Operational,,Microsoft-Windows-Sysmon
T1010,False,Application Window Discovery,discovery,process,process creation,DeviceProcessEvents,DeviceProcessEvents,,,Microsoft Defender for Endpoint
T1010,False,Application Window Discovery,discovery,process,process creation,8,CreateRemoteThread.,Microsoft-Windows-Sysmon/Operational,,Microsoft-Windows-Sysmon
T1010,False,Application Window Discovery,discovery,process,process creation,DeviceEvents,DeviceEvents,,,Microsoft Defender for Endpoint
T1010,False,Application Window Discovery,discovery,command,command execution,4688,A new process has been created.,Security,Process Creation,Microsoft-Windows-Security-Auditing
T1010,False,Application Window Discovery,discovery,command,command execution,1,Process Creation.,Microsoft-Windows-Sysmon/Operational,,Microsoft-Windows-Sysmon
T1010,False,Application Window Discovery,discovery,command,command execution,4103,Module logging.,Microsoft-Windows-PowerShell/Operational,,Microsoft-Windows-PowerShell
T1010,False,Application Window Discovery,discovery,command,command execution,DeviceProcessEvents,DeviceProcessEvents,,,Microsoft Defender for Endpoint
T1008,,Fallback Channels,command-and-control,network traffic,network connection creation,5156,The Windows Filtering Platform has permitted a connection.,Security,Filtering Platform Connection,Microsoft-Windows-Security-Auditing
T1008,,Fallback Channels,command-and-control,network traffic,network connection creation,3,Network connection.,Microsoft-Windows-Sysmon/Operational,,Microsoft-Windows-Sysmon
T1008,,Fallback Channels,command-and-control,network traffic,network connection creation,DeviceNetworkEvents,DeviceNetworkEvents,,,Microsoft Defender for Endpoint
T1008,,Fallback Channels,command-and-control,network traffic,network connection creation,5157,The Windows Filtering Platform has blocked a connection.,Security,Filtering Platform Connection,Microsoft-Windows-Security-Auditing
T1008,,Fallback Channels,command-and-control,network traffic,network connection creation,5154,The Windows Filtering Platform has permitted an application or service to listen on a port for incoming connections.,Security,Filtering Platform Connection,Microsoft-Windows-Security-Auditing
T1008,,Fallback Channels,command-and-control,network traffic,network connection creation,5159,The Windows Filtering Platform has blocked a bind to a local port.,Security,Filtering Platform Connection,Microsoft-Windows-Security-Auditing
T1008,,Fallback Channels,command-and-control,network traffic,network connection creation,5155,The Windows Filtering Platform has blocked an application or service from listening on a port for incoming connections.,Security,Filtering Platform Connection,Microsoft-Windows-Security-Auditing
T1008,,Fallback Channels,command-and-control,network traffic,network connection creation,5031,The Windows Firewall Service blocked an application from accepting incoming connections on the network.,Security,Filtering Platform Connection,Microsoft-Windows-Security-Auditing
T1008,,Fallback Channels,command-and-control,network traffic,network connection creation,DeviceEvents,DeviceEvents,,,Microsoft Defender for Endpoint
T1008,,Fallback Channels,command-and-control,network traffic,network connection creation,5158,The Windows Filtering Platform has permitted a bind to a local port.,Security,Filtering Platform Connection,Microsoft-Windows-Security-Auditing
T1007,False,System Service Discovery,discovery,process,process creation,4688,A new process has been created.,Security,Process Creation,Microsoft-Windows-Security-Auditing
T1007,False,System Service Discovery,discovery,process,process creation,1,Process Creation.,Microsoft-Windows-Sysmon/Operational,,Microsoft-Windows-Sysmon
T1007,False,System Service Discovery,discovery,process,process creation,DeviceProcessEvents,DeviceProcessEvents,,,Microsoft Defender for Endpoint
T1007,False,System Service Discovery,discovery,process,process creation,8,CreateRemoteThread.,Microsoft-Windows-Sysmon/Operational,,Microsoft-Windows-Sysmon
T1007,False,System Service Discovery,discovery,process,process creation,DeviceEvents,DeviceEvents,,,Microsoft Defender for Endpoint
T1007,False,System Service Discovery,discovery,command,command execution,4688,A new process has been created.,Security,Process Creation,Microsoft-Windows-Security-Auditing
T1007,False,System Service Discovery,discovery,command,command execution,1,Process Creation.,Microsoft-Windows-Sysmon/Operational,,Microsoft-Windows-Sysmon
T1007,False,System Service Discovery,discovery,command,command execution,4103,Module logging.,Microsoft-Windows-PowerShell/Operational,,Microsoft-Windows-PowerShell
T1007,False,System Service Discovery,discovery,command,command execution,DeviceProcessEvents,DeviceProcessEvents,,,Microsoft Defender for Endpoint
T1006,,Direct Volume Access,defense-evasion,command,command execution,4688,A new process has been created.,Security,Process Creation,Microsoft-Windows-Security-Auditing
T1006,,Direct Volume Access,defense-evasion,command,command execution,1,Process Creation.,Microsoft-Windows-Sysmon/Operational,,Microsoft-Windows-Sysmon
T1006,,Direct Volume Access,defense-evasion,command,command execution,4103,Module logging.,Microsoft-Windows-PowerShell/Operational,,Microsoft-Windows-PowerShell
T1006,,Direct Volume Access,defense-evasion,command,command execution,DeviceProcessEvents,DeviceProcessEvents,,,Microsoft Defender for Endpoint
T1005,False,Data from Local System,collection,process,os api execution,8,CreateRemoteThread.,Microsoft-Windows-Sysmon/Operational,,Microsoft-Windows-Sysmon
T1005,False,Data from Local System,collection,process,os api execution,DeviceEvents,DeviceEvents,,,Microsoft Defender for Endpoint
T1005,False,Data from Local System,collection,process,process creation,4688,A new process has been created.,Security,Process Creation,Microsoft-Windows-Security-Auditing
T1005,False,Data from Local System,collection,process,process creation,1,Process Creation.,Microsoft-Windows-Sysmon/Operational,,Microsoft-Windows-Sysmon
T1005,False,Data from Local System,collection,process,process creation,DeviceProcessEvents,DeviceProcessEvents,,,Microsoft Defender for Endpoint
T1005,False,Data from Local System,collection,process,process creation,8,CreateRemoteThread.,Microsoft-Windows-Sysmon/Operational,,Microsoft-Windows-Sysmon
T1005,False,Data from Local System,collection,process,process creation,DeviceEvents,DeviceEvents,,,Microsoft Defender for Endpoint
T1005,False,Data from Local System,collection,command,command execution,4688,A new process has been created.,Security,Process Creation,Microsoft-Windows-Security-Auditing
T1005,False,Data from Local System,collection,command,command execution,1,Process Creation.,Microsoft-Windows-Sysmon/Operational,,Microsoft-Windows-Sysmon
T1005,False,Data from Local System,collection,command,command execution,4103,Module logging.,Microsoft-Windows-PowerShell/Operational,,Microsoft-Windows-PowerShell
T1005,False,Data from Local System,collection,command,command execution,DeviceProcessEvents,DeviceProcessEvents,,,Microsoft Defender for Endpoint
T1005,False,Data from Local System,collection,file,file access,4656,A handle to an object was requested.,Security,File System,Microsoft-Windows-Security-Auditing
T1005,False,Data from Local System,collection,file,file access,4663,An attempt was made to access an object.,Security,File System,Microsoft-Windows-Security-Auditing
T1005,False,Data from Local System,collection,file,file access,4661,A handle to an object was requested.,Security,SAM,Microsoft-Windows-Security-Auditing
T1005,False,Data from Local System,collection,script,script execution,4103,Module logging.,Microsoft-Windows-PowerShell/Operational,,Microsoft-Windows-PowerShell
T1005,False,Data from Local System,collection,script,script execution,4104,Script Block Logging.,Microsoft-Windows-PowerShell/Operational,,Microsoft-Windows-PowerShell
T1005,False,Data from Local System,collection,script,script execution,DeviceEvents,DeviceEvents,,,Microsoft Defender for Endpoint
T1003,,OS Credential Dumping,credential-access,active directory,active directory object access,4661,A handle to an object was requested.,Security,Directory Service Access,Microsoft-Windows-Security-Auditing
T1003,,OS Credential Dumping,credential-access,active directory,active directory object access,4662,An operation was performed on an object.,Security,Directory Service Access,Microsoft-Windows-Security-Auditing
T1003,,OS Credential Dumping,credential-access,active directory,active directory object access,4932,Synchronization of a replica of an Active Directory naming context has begun.,Security,Directory Service Replication,Microsoft-Windows-Security-Auditing
T1003,,OS Credential Dumping,credential-access,command,command execution,4688,A new process has been created.,Security,Process Creation,Microsoft-Windows-Security-Auditing
T1003,,OS Credential Dumping,credential-access,command,command execution,1,Process Creation.,Microsoft-Windows-Sysmon/Operational,,Microsoft-Windows-Sysmon
T1003,,OS Credential Dumping,credential-access,command,command execution,4103,Module logging.,Microsoft-Windows-PowerShell/Operational,,Microsoft-Windows-PowerShell
T1003,,OS Credential Dumping,credential-access,command,command execution,DeviceProcessEvents,DeviceProcessEvents,,,Microsoft Defender for Endpoint
T1003,,OS Credential Dumping,credential-access,process,process creation,4688,A new process has been created.,Security,Process Creation,Microsoft-Windows-Security-Auditing
T1003,,OS Credential Dumping,credential-access,process,process creation,1,Process Creation.,Microsoft-Windows-Sysmon/Operational,,Microsoft-Windows-Sysmon
T1003,,OS Credential Dumping,credential-access,process,process creation,DeviceProcessEvents,DeviceProcessEvents,,,Microsoft Defender for Endpoint
T1003,,OS Credential Dumping,credential-access,process,process creation,8,CreateRemoteThread.,Microsoft-Windows-Sysmon/Operational,,Microsoft-Windows-Sysmon
T1003,,OS Credential Dumping,credential-access,process,process creation,DeviceEvents,DeviceEvents,,,Microsoft Defender for Endpoint
T1003,,OS Credential Dumping,credential-access,process,process access,4663,An attempt was made to access an object.,Security,Kernel Object,Microsoft-Windows-Security-Auditing
T1003,,OS Credential Dumping,credential-access,process,process access,DeviceEvents,DeviceEvents,,,Microsoft Defender for Endpoint
T1003,,OS Credential Dumping,credential-access,process,process access,4656,A handle to an object was requested.,Security,Kernel Object,Microsoft-Windows-Security-Auditing
T1003,,OS Credential Dumping,credential-access,process,process access,10,Process Access.,Microsoft-Windows-Sysmon/Operational,,Microsoft-Windows-Sysmon
T1003,,OS Credential Dumping,credential-access,process,process access,10,ProcessAccess,Microsoft-Windows-Sysmon/Operational,,Microsoft-Windows-Sysmon
T1003,,OS Credential Dumping,credential-access,process,os api execution,8,CreateRemoteThread.,Microsoft-Windows-Sysmon/Operational,,Microsoft-Windows-Sysmon
T1003,,OS Credential Dumping,credential-access,process,os api execution,DeviceEvents,DeviceEvents,,,Microsoft Defender for Endpoint
T1003,,OS Credential Dumping,credential-access,file,file access,4656,A handle to an object was requested.,Security,File System,Microsoft-Windows-Security-Auditing
T1003,,OS Credential Dumping,credential-access,file,file access,4663,An attempt was made to access an object.,Security,File System,Microsoft-Windows-Security-Auditing
T1003,,OS Credential Dumping,credential-access,file,file access,4661,A handle to an object was requested.,Security,SAM,Microsoft-Windows-Security-Auditing
T1003,,OS Credential Dumping,credential-access,windows registry,windows registry key access,4663,An attempt was made to access an object.,Security,Registry,Microsoft-Windows-Security-Auditing
T1003,,OS Credential Dumping,credential-access,windows registry,windows registry key access,4656,A handle to an object was requested.,Security,Registry,Microsoft-Windows-Security-Auditing
